hcp_id,month_id,brand,nrx,trx
H001,2025-01,Apexacare,14,68
H001,2025-01,Competitor_A,14,65
H001,2025-01,Competitor_B,15,65
H002,2025-01,Apexacare,17,61
H002,2025-01,Competitor_A,8,28
H002,2025-01,Competitor_B,6,23
H003,2025-01,Apexacare,1,6
H003,2025-01,Competitor_A,1,8
H003,2025-01,Competitor_B,2,8
H004,2025-01,Apexacare,14,65
H004,2025-01,Competitor_A,11,52
H004,2025-01,Competitor_B,13,51
H005,2025-01,Apexacare,9,39
H005,2025-01,Competitor_A,4,18
H005,2025-01,Competitor_B,5,18
H006,2025-01,Apexacare,22,89
H006,2025-01,Competitor_A,13,51
H006,2025-01,Competitor_B,13,49
H007,2025-01,Apexacare,3,16
H007,2025-01,Competitor_A,5,22
H007,2025-01,Competitor_B,6,19
H008,2025-01,Apexacare,10,42
H008,2025-01,Competitor_A,5,21
H008,2025-01,Competitor_B,5,17
H009,2025-01,Apexacare,12,44
H009,2025-01,Competitor_A,14,52
H009,2025-01,Competitor_B,15,48
H010,2025-01,Apexacare,13,53
H010,2025-01,Competitor_A,12,50
H010,2025-01,Competitor_B,11,44
H011,2025-01,Apexacare,10,43
H011,2025-01,Competitor_A,12,52
H011,2025-01,Competitor_B,11,41
H012,2025-01,Apexacare,9,36
H012,2025-01,Competitor_A,12,49
H012,2025-01,Competitor_B,12,47
H013,2025-01,Apexacare,11,44
H013,2025-01,Competitor_A,5,21
H013,2025-01,Competitor_B,4,15
H014,2025-01,Apexacare,15,54
H014,2025-01,Competitor_A,14,51
H014,2025-01,Competitor_B,12,39
H015,2025-01,Apexacare,14,53
H015,2025-01,Competitor_A,8,30
H015,2025-01,Competitor_B,7,22
H016,2025-01,Apexacare,15,63
H016,2025-01,Competitor_A,6,29
H016,2025-01,Competitor_B,6,22
H017,2025-01,Apexacare,19,80
H017,2025-01,Competitor_A,12,51
H017,2025-01,Competitor_B,11,39
H018,2025-01,Apexacare,6,24
H018,2025-01,Competitor_A,4,17
H018,2025-01,Competitor_B,6,16
H019,2025-01,Apexacare,9,39
H019,2025-01,Competitor_A,11,46
H019,2025-01,Competitor_B,12,48
H020,2025-01,Apexacare,4,18
H020,2025-01,Competitor_A,2,11
H020,2025-01,Competitor_B,3,11
H021,2025-01,Apexacare,6,22
H021,2025-01,Competitor_A,6,22
H021,2025-01,Competitor_B,5,16
H022,2025-01,Apexacare,5,26
H022,2025-01,Competitor_A,8,44
H022,2025-01,Competitor_B,8,35
H023,2025-01,Apexacare,9,38
H023,2025-01,Competitor_A,10,41
H023,2025-01,Competitor_B,11,40
H024,2025-01,Apexacare,7,30
H024,2025-01,Competitor_A,16,64
H024,2025-01,Competitor_B,13,50
H025,2025-01,Apexacare,16,69
H025,2025-01,Competitor_A,8,37
H025,2025-01,Competitor_B,8,27
H026,2025-01,Apexacare,10,36
H026,2025-01,Competitor_A,8,28
H026,2025-01,Competitor_B,8,26
H027,2025-01,Apexacare,6,23
H027,2025-01,Competitor_A,8,28
H027,2025-01,Competitor_B,8,25
H028,2025-01,Apexacare,15,74
H028,2025-01,Competitor_A,10,53
H028,2025-01,Competitor_B,9,41
H029,2025-01,Apexacare,9,49
H029,2025-01,Competitor_A,8,40
H029,2025-01,Competitor_B,7,31
H030,2025-01,Apexacare,18,64
H030,2025-01,Competitor_A,16,57
H030,2025-01,Competitor_B,15,49
H031,2025-01,Apexacare,6,32
H031,2025-01,Competitor_A,4,22
H031,2025-01,Competitor_B,5,18
H032,2025-01,Apexacare,14,63
H032,2025-01,Competitor_A,11,46
H032,2025-01,Competitor_B,9,35
H033,2025-01,Apexacare,18,71
H033,2025-01,Competitor_A,15,61
H033,2025-01,Competitor_B,14,48
H034,2025-01,Apexacare,12,48
H034,2025-01,Competitor_A,9,39
H034,2025-01,Competitor_B,9,33
H035,2025-01,Apexacare,7,26
H035,2025-01,Competitor_A,10,35
H035,2025-01,Competitor_B,9,29
H036,2025-01,Apexacare,11,50
H036,2025-01,Competitor_A,12,54
H036,2025-01,Competitor_B,12,48
H037,2025-01,Apexacare,11,38
H037,2025-01,Competitor_A,10,36
H037,2025-01,Competitor_B,10,31
H038,2025-01,Apexacare,17,68
H038,2025-01,Competitor_A,15,59
H038,2025-01,Competitor_B,14,53
H039,2025-01,Apexacare,22,92
H039,2025-01,Competitor_A,14,58
H039,2025-01,Competitor_B,13,48
H040,2025-01,Apexacare,10,48
H040,2025-01,Competitor_A,9,47
H040,2025-01,Competitor_B,9,40
H041,2025-01,Apexacare,3,12
H041,2025-01,Competitor_A,5,22
H041,2025-01,Competitor_B,6,20
H042,2025-01,Apexacare,9,40
H042,2025-01,Competitor_A,5,25
H042,2025-01,Competitor_B,5,19
H043,2025-01,Apexacare,7,38
H043,2025-01,Competitor_A,8,39
H043,2025-01,Competitor_B,8,35
H044,2025-01,Apexacare,9,37
H044,2025-01,Competitor_A,8,34
H044,2025-01,Competitor_B,9,31
H045,2025-01,Apexacare,15,76
H045,2025-01,Competitor_A,14,71
H045,2025-01,Competitor_B,12,51
H046,2025-01,Apexacare,15,53
H046,2025-01,Competitor_A,8,30
H046,2025-01,Competitor_B,7,22
H047,2025-01,Apexacare,1,4
H047,2025-01,Competitor_A,1,7
H047,2025-01,Competitor_B,2,7
H048,2025-01,Apexacare,4,16
H048,2025-01,Competitor_A,4,15
H048,2025-01,Competitor_B,5,17
H049,2025-01,Apexacare,10,51
H049,2025-01,Competitor_A,4,22
H049,2025-01,Competitor_B,6,23
H050,2025-01,Apexacare,12,47
H050,2025-01,Competitor_A,9,37
H050,2025-01,Competitor_B,11,36
H051,2025-01,Apexacare,24,88
H051,2025-01,Competitor_A,10,37
H051,2025-01,Competitor_B,11,37
H052,2025-01,Apexacare,4,19
H052,2025-01,Competitor_A,4,17
H052,2025-01,Competitor_B,5,18
H053,2025-01,Apexacare,9,42
H053,2025-01,Competitor_A,7,34
H053,2025-01,Competitor_B,7,24
H054,2025-01,Apexacare,8,37
H054,2025-01,Competitor_A,8,36
H054,2025-01,Competitor_B,8,29
H055,2025-01,Apexacare,16,55
H055,2025-01,Competitor_A,8,29
H055,2025-01,Competitor_B,7,21
H056,2025-01,Apexacare,14,58
H056,2025-01,Competitor_A,17,71
H056,2025-01,Competitor_B,14,51
H057,2025-01,Apexacare,10,45
H057,2025-01,Competitor_A,5,24
H057,2025-01,Competitor_B,7,26
H058,2025-01,Apexacare,13,53
H058,2025-01,Competitor_A,10,39
H058,2025-01,Competitor_B,11,41
H059,2025-01,Apexacare,8,39
H059,2025-01,Competitor_A,6,30
H059,2025-01,Competitor_B,7,27
H060,2025-01,Apexacare,23,79
H060,2025-01,Competitor_A,22,76
H060,2025-01,Competitor_B,20,65
H061,2025-01,Apexacare,10,53
H061,2025-01,Competitor_A,14,72
H061,2025-01,Competitor_B,12,55
H062,2025-01,Apexacare,5,25
H062,2025-01,Competitor_A,3,17
H062,2025-01,Competitor_B,5,18
H063,2025-01,Apexacare,3,14
H063,2025-01,Competitor_A,4,16
H063,2025-01,Competitor_B,5,15
H064,2025-01,Apexacare,26,88
H064,2025-01,Competitor_A,11,38
H064,2025-01,Competitor_B,10,34
H065,2025-01,Apexacare,19,72
H065,2025-01,Competitor_A,15,56
H065,2025-01,Competitor_B,14,52
H066,2025-01,Apexacare,12,56
H066,2025-01,Competitor_A,11,52
H066,2025-01,Competitor_B,12,54
H067,2025-01,Apexacare,7,25
H067,2025-01,Competitor_A,8,30
H067,2025-01,Competitor_B,9,29
H068,2025-01,Apexacare,3,13
H068,2025-01,Competitor_A,3,15
H068,2025-01,Competitor_B,4,12
H069,2025-01,Apexacare,12,47
H069,2025-01,Competitor_A,16,61
H069,2025-01,Competitor_B,14,45
H070,2025-01,Apexacare,15,73
H070,2025-01,Competitor_A,7,34
H070,2025-01,Competitor_B,7,29
H071,2025-01,Apexacare,8,41
H071,2025-01,Competitor_A,7,35
H071,2025-01,Competitor_B,7,34
H072,2025-01,Apexacare,4,22
H072,2025-01,Competitor_A,4,21
H072,2025-01,Competitor_B,4,17
H073,2025-01,Apexacare,6,27
H073,2025-01,Competitor_A,2,10
H073,2025-01,Competitor_B,3,11
H074,2025-01,Apexacare,16,67
H074,2025-01,Competitor_A,10,41
H074,2025-01,Competitor_B,10,36
H075,2025-01,Apexacare,6,21
H075,2025-01,Competitor_A,9,33
H075,2025-01,Competitor_B,9,30
H076,2025-01,Apexacare,6,25
H076,2025-01,Competitor_A,10,41
H076,2025-01,Competitor_B,10,34
H077,2025-01,Apexacare,9,35
H077,2025-01,Competitor_A,12,50
H077,2025-01,Competitor_B,10,35
H078,2025-01,Apexacare,1,7
H078,2025-01,Competitor_A,3,17
H078,2025-01,Competitor_B,3,14
H079,2025-01,Apexacare,3,18
H079,2025-01,Competitor_A,3,16
H079,2025-01,Competitor_B,3,14
H080,2025-01,Apexacare,9,48
H080,2025-01,Competitor_A,6,33
H080,2025-01,Competitor_B,7,31
H081,2025-01,Apexacare,14,55
H081,2025-01,Competitor_A,8,34
H081,2025-01,Competitor_B,9,31
H082,2025-01,Apexacare,13,59
H082,2025-01,Competitor_A,14,63
H082,2025-01,Competitor_B,14,58
H083,2025-01,Apexacare,23,88
H083,2025-01,Competitor_A,12,45
H083,2025-01,Competitor_B,11,38
H084,2025-01,Apexacare,1,5
H084,2025-01,Competitor_A,1,5
H084,2025-01,Competitor_B,1,5
H085,2025-01,Apexacare,14,55
H085,2025-01,Competitor_A,11,43
H085,2025-01,Competitor_B,10,34
H086,2025-01,Apexacare,5,18
H086,2025-01,Competitor_A,13,47
H086,2025-01,Competitor_B,12,40
H087,2025-01,Apexacare,10,48
H087,2025-01,Competitor_A,12,60
H087,2025-01,Competitor_B,14,60
H088,2025-01,Apexacare,13,49
H088,2025-01,Competitor_A,7,29
H088,2025-01,Competitor_B,7,24
H089,2025-01,Apexacare,14,50
H089,2025-01,Competitor_A,13,47
H089,2025-01,Competitor_B,15,47
H090,2025-01,Apexacare,13,55
H090,2025-01,Competitor_A,10,43
H090,2025-01,Competitor_B,12,42
H091,2025-01,Apexacare,18,66
H091,2025-01,Competitor_A,10,36
H091,2025-01,Competitor_B,10,33
H092,2025-01,Apexacare,10,44
H092,2025-01,Competitor_A,10,45
H092,2025-01,Competitor_B,9,37
H093,2025-01,Apexacare,8,41
H093,2025-01,Competitor_A,7,37
H093,2025-01,Competitor_B,6,27
H094,2025-01,Apexacare,4,17
H094,2025-01,Competitor_A,4,15
H094,2025-01,Competitor_B,5,16
H095,2025-01,Apexacare,18,66
H095,2025-01,Competitor_A,17,62
H095,2025-01,Competitor_B,17,61
H096,2025-01,Apexacare,4,17
H096,2025-01,Competitor_A,7,33
H096,2025-01,Competitor_B,7,30
H097,2025-01,Apexacare,0,4
H097,2025-01,Competitor_A,1,6
H097,2025-01,Competitor_B,2,6
H098,2025-01,Apexacare,9,37
H098,2025-01,Competitor_A,10,38
H098,2025-01,Competitor_B,11,39
H099,2025-01,Apexacare,10,47
H099,2025-01,Competitor_A,8,42
H099,2025-01,Competitor_B,7,30
H100,2025-01,Apexacare,10,43
H100,2025-01,Competitor_A,7,32
H100,2025-01,Competitor_B,7,27
H101,2025-01,Apexacare,12,44
H101,2025-01,Competitor_A,9,34
H101,2025-01,Competitor_B,8,24
H102,2025-01,Apexacare,13,53
H102,2025-01,Competitor_A,17,71
H102,2025-01,Competitor_B,13,52
H103,2025-01,Apexacare,6,22
H103,2025-01,Competitor_A,2,9
H103,2025-01,Competitor_B,4,11
H104,2025-01,Apexacare,10,43
H104,2025-01,Competitor_A,10,44
H104,2025-01,Competitor_B,9,39
H105,2025-01,Apexacare,23,83
H105,2025-01,Competitor_A,14,50
H105,2025-01,Competitor_B,12,43
H106,2025-01,Apexacare,4,22
H106,2025-01,Competitor_A,9,45
H106,2025-01,Competitor_B,11,45
H107,2025-01,Apexacare,5,21
H107,2025-01,Competitor_A,4,17
H107,2025-01,Competitor_B,3,13
H108,2025-01,Apexacare,11,39
H108,2025-01,Competitor_A,6,22
H108,2025-01,Competitor_B,6,19
H109,2025-01,Apexacare,18,67
H109,2025-01,Competitor_A,15,56
H109,2025-01,Competitor_B,13,45
H110,2025-01,Apexacare,8,35
H110,2025-01,Competitor_A,6,25
H110,2025-01,Competitor_B,6,25
H111,2025-01,Apexacare,22,81
H111,2025-01,Competitor_A,10,37
H111,2025-01,Competitor_B,8,29
H112,2025-01,Apexacare,6,30
H112,2025-01,Competitor_A,3,18
H112,2025-01,Competitor_B,5,20
H113,2025-01,Apexacare,0,5
H113,2025-01,Competitor_A,1,5
H113,2025-01,Competitor_B,2,6
H114,2025-01,Apexacare,11,42
H114,2025-01,Competitor_A,10,39
H114,2025-01,Competitor_B,11,39
H115,2025-01,Apexacare,9,36
H115,2025-01,Competitor_A,10,37
H115,2025-01,Competitor_B,9,29
H116,2025-01,Apexacare,14,53
H116,2025-01,Competitor_A,15,55
H116,2025-01,Competitor_B,15,52
H117,2025-01,Apexacare,2,11
H117,2025-01,Competitor_A,3,16
H117,2025-01,Competitor_B,4,17
H118,2025-01,Apexacare,24,83
H118,2025-01,Competitor_A,10,35
H118,2025-01,Competitor_B,10,34
H119,2025-01,Apexacare,12,52
H119,2025-01,Competitor_A,10,44
H119,2025-01,Competitor_B,9,40
H120,2025-01,Apexacare,7,36
H120,2025-01,Competitor_A,13,69
H120,2025-01,Competitor_B,14,65
H121,2025-01,Apexacare,12,54
H121,2025-01,Competitor_A,14,64
H121,2025-01,Competitor_B,13,52
H122,2025-01,Apexacare,12,62
H122,2025-01,Competitor_A,9,49
H122,2025-01,Competitor_B,9,43
H123,2025-01,Apexacare,15,53
H123,2025-01,Competitor_A,12,43
H123,2025-01,Competitor_B,10,36
H124,2025-01,Apexacare,4,18
H124,2025-01,Competitor_A,9,41
H124,2025-01,Competitor_B,8,31
H125,2025-01,Apexacare,13,60
H125,2025-01,Competitor_A,14,62
H125,2025-01,Competitor_B,11,46
H126,2025-01,Apexacare,8,30
H126,2025-01,Competitor_A,7,26
H126,2025-01,Competitor_B,7,20
H127,2025-01,Apexacare,19,72
H127,2025-01,Competitor_A,10,37
H127,2025-01,Competitor_B,9,31
H128,2025-01,Apexacare,4,17
H128,2025-01,Competitor_A,6,26
H128,2025-01,Competitor_B,5,21
H129,2025-01,Apexacare,10,52
H129,2025-01,Competitor_A,6,32
H129,2025-01,Competitor_B,6,28
H130,2025-01,Apexacare,13,52
H130,2025-01,Competitor_A,6,25
H130,2025-01,Competitor_B,6,23
H131,2025-01,Apexacare,3,12
H131,2025-01,Competitor_A,3,14
H131,2025-01,Competitor_B,5,14
H132,2025-01,Apexacare,11,53
H132,2025-01,Competitor_A,5,23
H132,2025-01,Competitor_B,5,19
H133,2025-01,Apexacare,12,44
H133,2025-01,Competitor_A,5,20
H133,2025-01,Competitor_B,6,20
H134,2025-01,Apexacare,7,33
H134,2025-01,Competitor_A,6,31
H134,2025-01,Competitor_B,7,31
H135,2025-01,Apexacare,1,8
H135,2025-01,Competitor_A,2,13
H135,2025-01,Competitor_B,4,11
H136,2025-01,Apexacare,7,34
H136,2025-01,Competitor_A,6,28
H136,2025-01,Competitor_B,7,28
H137,2025-01,Apexacare,19,72
H137,2025-01,Competitor_A,18,68
H137,2025-01,Competitor_B,14,49
H138,2025-01,Apexacare,20,90
H138,2025-01,Competitor_A,11,51
H138,2025-01,Competitor_B,10,39
H139,2025-01,Apexacare,7,37
H139,2025-01,Competitor_A,7,38
H139,2025-01,Competitor_B,8,33
H140,2025-01,Apexacare,5,18
H140,2025-01,Competitor_A,8,27
H140,2025-01,Competitor_B,7,23
H141,2025-01,Apexacare,16,75
H141,2025-01,Competitor_A,14,65
H141,2025-01,Competitor_B,11,49
H142,2025-01,Apexacare,7,25
H142,2025-01,Competitor_A,12,43
H142,2025-01,Competitor_B,11,34
H143,2025-01,Apexacare,7,30
H143,2025-01,Competitor_A,17,67
H143,2025-01,Competitor_B,13,47
H144,2025-01,Apexacare,8,36
H144,2025-01,Competitor_A,9,41
H144,2025-01,Competitor_B,8,37
H145,2025-01,Apexacare,2,9
H145,2025-01,Competitor_A,1,6
H145,2025-01,Competitor_B,2,7
H146,2025-01,Apexacare,13,48
H146,2025-01,Competitor_A,9,34
H146,2025-01,Competitor_B,9,30
H147,2025-01,Apexacare,4,21
H147,2025-01,Competitor_A,2,12
H147,2025-01,Competitor_B,4,12
H148,2025-01,Apexacare,6,23
H148,2025-01,Competitor_A,4,16
H148,2025-01,Competitor_B,5,15
H149,2025-01,Apexacare,1,6
H149,2025-01,Competitor_A,1,5
H149,2025-01,Competitor_B,1,6
H150,2025-01,Apexacare,8,34
H150,2025-01,Competitor_A,7,31
H150,2025-01,Competitor_B,6,25
H151,2025-01,Apexacare,16,78
H151,2025-01,Competitor_A,7,34
H151,2025-01,Competitor_B,7,28
H152,2025-01,Apexacare,12,49
H152,2025-01,Competitor_A,6,24
H152,2025-01,Competitor_B,6,23
H153,2025-01,Apexacare,12,57
H153,2025-01,Competitor_A,5,27
H153,2025-01,Competitor_B,6,21
H154,2025-01,Apexacare,12,59
H154,2025-01,Competitor_A,5,25
H154,2025-01,Competitor_B,5,21
H155,2025-01,Apexacare,10,40
H155,2025-01,Competitor_A,9,36
H155,2025-01,Competitor_B,9,29
H156,2025-01,Apexacare,11,47
H156,2025-01,Competitor_A,14,60
H156,2025-01,Competitor_B,11,45
H157,2025-01,Apexacare,4,17
H157,2025-01,Competitor_A,2,11
H157,2025-01,Competitor_B,4,10
H158,2025-01,Apexacare,10,41
H158,2025-01,Competitor_A,7,29
H158,2025-01,Competitor_B,8,26
H159,2025-01,Apexacare,11,41
H159,2025-01,Competitor_A,9,37
H159,2025-01,Competitor_B,8,27
H160,2025-01,Apexacare,13,51
H160,2025-01,Competitor_A,11,43
H160,2025-01,Competitor_B,10,39
H161,2025-01,Apexacare,18,67
H161,2025-01,Competitor_A,15,56
H161,2025-01,Competitor_B,15,48
H162,2025-01,Apexacare,2,11
H162,2025-01,Competitor_A,1,5
H162,2025-01,Competitor_B,2,5
H163,2025-01,Apexacare,9,35
H163,2025-01,Competitor_A,4,15
H163,2025-01,Competitor_B,4,13
H164,2025-01,Apexacare,8,43
H164,2025-01,Competitor_A,7,35
H164,2025-01,Competitor_B,8,36
H165,2025-01,Apexacare,11,51
H165,2025-01,Competitor_A,8,35
H165,2025-01,Competitor_B,6,26
H166,2025-01,Apexacare,6,23
H166,2025-01,Competitor_A,6,23
H166,2025-01,Competitor_B,7,20
H167,2025-01,Apexacare,9,34
H167,2025-01,Competitor_A,19,69
H167,2025-01,Competitor_B,18,57
H168,2025-01,Apexacare,23,92
H168,2025-01,Competitor_A,12,49
H168,2025-01,Competitor_B,9,35
H169,2025-01,Apexacare,2,10
H169,2025-01,Competitor_A,3,17
H169,2025-01,Competitor_B,3,15
H170,2025-01,Apexacare,10,42
H170,2025-01,Competitor_A,4,18
H170,2025-01,Competitor_B,5,20
H171,2025-01,Apexacare,10,47
H171,2025-01,Competitor_A,15,69
H171,2025-01,Competitor_B,13,54
H172,2025-01,Apexacare,18,65
H172,2025-01,Competitor_A,14,49
H172,2025-01,Competitor_B,12,40
H173,2025-01,Apexacare,13,46
H173,2025-01,Competitor_A,12,43
H173,2025-01,Competitor_B,10,31
H174,2025-01,Apexacare,11,53
H174,2025-01,Competitor_A,6,30
H174,2025-01,Competitor_B,6,22
H175,2025-01,Apexacare,14,53
H175,2025-01,Competitor_A,14,53
H175,2025-01,Competitor_B,13,48
H176,2025-01,Apexacare,10,49
H176,2025-01,Competitor_A,9,43
H176,2025-01,Competitor_B,8,36
H177,2025-01,Apexacare,1,6
H177,2025-01,Competitor_A,1,6
H177,2025-01,Competitor_B,2,6
H178,2025-01,Apexacare,11,44
H178,2025-01,Competitor_A,12,47
H178,2025-01,Competitor_B,9,35
H179,2025-01,Apexacare,16,62
H179,2025-01,Competitor_A,7,27
H179,2025-01,Competitor_B,7,23
H180,2025-01,Apexacare,11,40
H180,2025-01,Competitor_A,9,34
H180,2025-01,Competitor_B,10,34
H181,2025-01,Apexacare,14,50
H181,2025-01,Competitor_A,11,42
H181,2025-01,Competitor_B,10,34
H182,2025-01,Apexacare,12,47
H182,2025-01,Competitor_A,12,48
H182,2025-01,Competitor_B,12,40
H183,2025-01,Apexacare,6,23
H183,2025-01,Competitor_A,5,20
H183,2025-01,Competitor_B,6,17
H184,2025-01,Apexacare,14,65
H184,2025-01,Competitor_A,5,24
H184,2025-01,Competitor_B,6,25
H185,2025-01,Apexacare,8,37
H185,2025-01,Competitor_A,9,41
H185,2025-01,Competitor_B,11,41
H186,2025-01,Apexacare,10,40
H186,2025-01,Competitor_A,8,32
H186,2025-01,Competitor_B,9,30
H187,2025-01,Apexacare,5,25
H187,2025-01,Competitor_A,11,53
H187,2025-01,Competitor_B,10,41
H188,2025-01,Apexacare,7,30
H188,2025-01,Competitor_A,6,24
H188,2025-01,Competitor_B,7,22
H189,2025-01,Apexacare,6,23
H189,2025-01,Competitor_A,9,34
H189,2025-01,Competitor_B,8,27
H190,2025-01,Apexacare,14,51
H190,2025-01,Competitor_A,16,57
H190,2025-01,Competitor_B,14,44
H191,2025-01,Apexacare,9,37
H191,2025-01,Competitor_A,11,45
H191,2025-01,Competitor_B,12,44
H192,2025-01,Apexacare,9,40
H192,2025-01,Competitor_A,10,45
H192,2025-01,Competitor_B,11,41
H193,2025-01,Apexacare,7,35
H193,2025-01,Competitor_A,10,47
H193,2025-01,Competitor_B,10,44
H194,2025-01,Apexacare,5,26
H194,2025-01,Competitor_A,3,18
H194,2025-01,Competitor_B,5,16
H195,2025-01,Apexacare,11,38
H195,2025-01,Competitor_A,13,45
H195,2025-01,Competitor_B,13,43
H196,2025-01,Apexacare,12,41
H196,2025-01,Competitor_A,10,34
H196,2025-01,Competitor_B,8,27
H197,2025-01,Apexacare,5,22
H197,2025-01,Competitor_A,4,18
H197,2025-01,Competitor_B,6,17
H198,2025-01,Apexacare,11,40
H198,2025-01,Competitor_A,5,18
H198,2025-01,Competitor_B,5,17
H199,2025-01,Apexacare,3,11
H199,2025-01,Competitor_A,7,26
H199,2025-01,Competitor_B,7,23
H200,2025-01,Apexacare,18,63
H200,2025-01,Competitor_A,14,50
H200,2025-01,Competitor_B,13,41
H201,2025-01,Apexacare,1,6
H201,2025-01,Competitor_A,1,8
H201,2025-01,Competitor_B,2,6
H202,2025-01,Apexacare,10,42
H202,2025-01,Competitor_A,8,35
H202,2025-01,Competitor_B,9,33
H203,2025-01,Apexacare,17,65
H203,2025-01,Competitor_A,10,39
H203,2025-01,Competitor_B,11,36
H204,2025-01,Apexacare,11,41
H204,2025-01,Competitor_A,7,28
H204,2025-01,Competitor_B,8,27
H205,2025-01,Apexacare,15,66
H205,2025-01,Competitor_A,9,39
H205,2025-01,Competitor_B,10,39
H206,2025-01,Apexacare,10,40
H206,2025-01,Competitor_A,10,40
H206,2025-01,Competitor_B,10,32
H207,2025-01,Apexacare,6,27
H207,2025-01,Competitor_A,6,26
H207,2025-01,Competitor_B,6,19
H208,2025-01,Apexacare,5,24
H208,2025-01,Competitor_A,2,10
H208,2025-01,Competitor_B,4,11
H209,2025-01,Apexacare,12,49
H209,2025-01,Competitor_A,5,23
H209,2025-01,Competitor_B,6,18
H210,2025-01,Apexacare,4,16
H210,2025-01,Competitor_A,4,16
H210,2025-01,Competitor_B,4,13
H211,2025-01,Apexacare,18,69
H211,2025-01,Competitor_A,9,33
H211,2025-01,Competitor_B,7,24
H212,2025-01,Apexacare,13,51
H212,2025-01,Competitor_A,15,59
H212,2025-01,Competitor_B,15,60
H213,2025-01,Apexacare,8,28
H213,2025-01,Competitor_A,7,27
H213,2025-01,Competitor_B,7,21
H214,2025-01,Apexacare,6,26
H214,2025-01,Competitor_A,2,10
H214,2025-01,Competitor_B,4,12
H215,2025-01,Apexacare,7,27
H215,2025-01,Competitor_A,5,19
H215,2025-01,Competitor_B,5,17
H216,2025-01,Apexacare,14,50
H216,2025-01,Competitor_A,6,23
H216,2025-01,Competitor_B,5,17
H217,2025-01,Apexacare,4,22
H217,2025-01,Competitor_A,2,10
H217,2025-01,Competitor_B,3,10
H218,2025-01,Apexacare,19,70
H218,2025-01,Competitor_A,12,43
H218,2025-01,Competitor_B,12,40
H219,2025-01,Apexacare,14,48
H219,2025-01,Competitor_A,17,59
H219,2025-01,Competitor_B,16,53
H220,2025-01,Apexacare,1,7
H220,2025-01,Competitor_A,0,5
H220,2025-01,Competitor_B,2,6
H221,2025-01,Apexacare,8,44
H221,2025-01,Competitor_A,8,44
H221,2025-01,Competitor_B,8,32
H222,2025-01,Apexacare,30,104
H222,2025-01,Competitor_A,18,62
H222,2025-01,Competitor_B,17,54
H223,2025-01,Apexacare,14,63
H223,2025-01,Competitor_A,11,50
H223,2025-01,Competitor_B,9,40
H224,2025-01,Apexacare,4,19
H224,2025-01,Competitor_A,1,8
H224,2025-01,Competitor_B,3,9
H225,2025-01,Apexacare,10,42
H225,2025-01,Competitor_A,11,45
H225,2025-01,Competitor_B,8,32
H226,2025-01,Apexacare,4,19
H226,2025-01,Competitor_A,4,18
H226,2025-01,Competitor_B,4,14
H227,2025-01,Apexacare,8,37
H227,2025-01,Competitor_A,11,55
H227,2025-01,Competitor_B,12,52
H228,2025-01,Apexacare,13,50
H228,2025-01,Competitor_A,5,20
H228,2025-01,Competitor_B,6,18
H229,2025-01,Apexacare,6,26
H229,2025-01,Competitor_A,6,27
H229,2025-01,Competitor_B,8,27
H230,2025-01,Apexacare,16,57
H230,2025-01,Competitor_A,14,50
H230,2025-01,Competitor_B,15,47
H231,2025-01,Apexacare,5,27
H231,2025-01,Competitor_A,8,41
H231,2025-01,Competitor_B,7,32
H232,2025-01,Apexacare,11,53
H232,2025-01,Competitor_A,11,55
H232,2025-01,Competitor_B,10,46
H233,2025-01,Apexacare,9,35
H233,2025-01,Competitor_A,8,30
H233,2025-01,Competitor_B,7,25
H234,2025-01,Apexacare,30,105
H234,2025-01,Competitor_A,18,62
H234,2025-01,Competitor_B,15,53
H235,2025-01,Apexacare,20,89
H235,2025-01,Competitor_A,10,44
H235,2025-01,Competitor_B,10,43
H236,2025-01,Apexacare,6,23
H236,2025-01,Competitor_A,5,19
H236,2025-01,Competitor_B,6,18
H237,2025-01,Apexacare,10,45
H237,2025-01,Competitor_A,4,19
H237,2025-01,Competitor_B,5,16
H238,2025-01,Apexacare,3,14
H238,2025-01,Competitor_A,6,25
H238,2025-01,Competitor_B,8,24
H239,2025-01,Apexacare,13,60
H239,2025-01,Competitor_A,10,45
H239,2025-01,Competitor_B,9,35
H240,2025-01,Apexacare,1,6
H240,2025-01,Competitor_A,1,5
H240,2025-01,Competitor_B,1,4
H241,2025-01,Apexacare,5,21
H241,2025-01,Competitor_A,5,19
H241,2025-01,Competitor_B,7,20
H242,2025-01,Apexacare,2,11
H242,2025-01,Competitor_A,1,10
H242,2025-01,Competitor_B,3,11
H243,2025-01,Apexacare,7,26
H243,2025-01,Competitor_A,4,17
H243,2025-01,Competitor_B,6,17
H244,2025-01,Apexacare,15,53
H244,2025-01,Competitor_A,11,39
H244,2025-01,Competitor_B,12,41
H245,2025-01,Apexacare,4,17
H245,2025-01,Competitor_A,5,19
H245,2025-01,Competitor_B,5,15
H246,2025-01,Apexacare,5,27
H246,2025-01,Competitor_A,3,18
H246,2025-01,Competitor_B,5,19
H247,2025-01,Apexacare,9,34
H247,2025-01,Competitor_A,4,14
H247,2025-01,Competitor_B,4,12
H248,2025-01,Apexacare,7,33
H248,2025-01,Competitor_A,3,16
H248,2025-01,Competitor_B,5,14
H249,2025-01,Apexacare,16,57
H249,2025-01,Competitor_A,13,46
H249,2025-01,Competitor_B,10,33
H250,2025-01,Apexacare,8,30
H250,2025-01,Competitor_A,8,29
H250,2025-01,Competitor_B,8,29
H251,2025-01,Apexacare,11,57
H251,2025-01,Competitor_A,7,38
H251,2025-01,Competitor_B,8,31
H252,2025-01,Apexacare,12,44
H252,2025-01,Competitor_A,14,50
H252,2025-01,Competitor_B,15,50
H253,2025-01,Apexacare,11,43
H253,2025-01,Competitor_A,13,48
H253,2025-01,Competitor_B,11,35
H254,2025-01,Apexacare,1,8
H254,2025-01,Competitor_A,1,5
H254,2025-01,Competitor_B,2,5
H255,2025-01,Apexacare,9,36
H255,2025-01,Competitor_A,8,32
H255,2025-01,Competitor_B,8,27
H256,2025-01,Apexacare,5,19
H256,2025-01,Competitor_A,3,12
H256,2025-01,Competitor_B,3,11
H257,2025-01,Apexacare,16,63
H257,2025-01,Competitor_A,14,57
H257,2025-01,Competitor_B,15,56
H258,2025-01,Apexacare,17,59
H258,2025-01,Competitor_A,24,82
H258,2025-01,Competitor_B,18,59
H259,2025-01,Apexacare,10,45
H259,2025-01,Competitor_A,9,39
H259,2025-01,Competitor_B,7,28
H260,2025-01,Apexacare,1,5
H260,2025-01,Competitor_A,1,4
H260,2025-01,Competitor_B,2,6
H261,2025-01,Apexacare,5,21
H261,2025-01,Competitor_A,10,39
H261,2025-01,Competitor_B,11,36
H262,2025-01,Apexacare,2,10
H262,2025-01,Competitor_A,4,19
H262,2025-01,Competitor_B,4,19
H263,2025-01,Apexacare,14,48
H263,2025-01,Competitor_A,12,41
H263,2025-01,Competitor_B,11,37
H264,2025-01,Apexacare,4,18
H264,2025-01,Competitor_A,2,13
H264,2025-01,Competitor_B,4,13
H265,2025-01,Apexacare,10,40
H265,2025-01,Competitor_A,9,36
H265,2025-01,Competitor_B,10,34
H266,2025-01,Apexacare,13,51
H266,2025-01,Competitor_A,12,48
H266,2025-01,Competitor_B,13,45
H267,2025-01,Apexacare,21,72
H267,2025-01,Competitor_A,12,44
H267,2025-01,Competitor_B,12,38
H268,2025-01,Apexacare,11,52
H268,2025-01,Competitor_A,10,49
H268,2025-01,Competitor_B,11,43
H269,2025-01,Apexacare,7,26
H269,2025-01,Competitor_A,9,32
H269,2025-01,Competitor_B,9,32
H270,2025-01,Apexacare,8,30
H270,2025-01,Competitor_A,7,28
H270,2025-01,Competitor_B,9,27
H271,2025-01,Apexacare,27,94
H271,2025-01,Competitor_A,18,62
H271,2025-01,Competitor_B,14,44
H272,2025-01,Apexacare,12,47
H272,2025-01,Competitor_A,10,38
H272,2025-01,Competitor_B,9,29
H273,2025-01,Apexacare,15,58
H273,2025-01,Competitor_A,12,46
H273,2025-01,Competitor_B,13,43
H274,2025-01,Apexacare,6,22
H274,2025-01,Competitor_A,13,46
H274,2025-01,Competitor_B,11,37
H275,2025-01,Apexacare,10,39
H275,2025-01,Competitor_A,7,30
H275,2025-01,Competitor_B,9,31
H276,2025-01,Apexacare,11,45
H276,2025-01,Competitor_A,14,55
H276,2025-01,Competitor_B,13,47
H277,2025-01,Apexacare,6,28
H277,2025-01,Competitor_A,6,25
H277,2025-01,Competitor_B,7,27
H278,2025-01,Apexacare,8,35
H278,2025-01,Competitor_A,3,16
H278,2025-01,Competitor_B,4,13
H279,2025-01,Apexacare,8,33
H279,2025-01,Competitor_A,11,44
H279,2025-01,Competitor_B,12,43
H280,2025-01,Apexacare,12,53
H280,2025-01,Competitor_A,8,37
H280,2025-01,Competitor_B,8,29
H281,2025-01,Apexacare,12,42
H281,2025-01,Competitor_A,10,34
H281,2025-01,Competitor_B,11,36
H282,2025-01,Apexacare,1,5
H282,2025-01,Competitor_A,1,4
H282,2025-01,Competitor_B,2,6
H283,2025-01,Apexacare,6,31
H283,2025-01,Competitor_A,3,19
H283,2025-01,Competitor_B,5,18
H284,2025-01,Apexacare,2,10
H284,2025-01,Competitor_A,2,12
H284,2025-01,Competitor_B,4,14
H285,2025-01,Apexacare,8,41
H285,2025-01,Competitor_A,9,46
H285,2025-01,Competitor_B,11,46
H286,2025-01,Apexacare,23,90
H286,2025-01,Competitor_A,9,36
H286,2025-01,Competitor_B,10,36
H287,2025-01,Apexacare,9,44
H287,2025-01,Competitor_A,11,53
H287,2025-01,Competitor_B,11,43
H288,2025-01,Apexacare,9,35
H288,2025-01,Competitor_A,8,31
H288,2025-01,Competitor_B,8,24
H289,2025-01,Apexacare,13,52
H289,2025-01,Competitor_A,10,38
H289,2025-01,Competitor_B,9,30
H290,2025-01,Apexacare,6,30
H290,2025-01,Competitor_A,2,13
H290,2025-01,Competitor_B,4,11
H291,2025-01,Apexacare,9,44
H291,2025-01,Competitor_A,12,54
H291,2025-01,Competitor_B,11,46
H292,2025-01,Apexacare,5,23
H292,2025-01,Competitor_A,2,11
H292,2025-01,Competitor_B,4,10
H293,2025-01,Apexacare,14,51
H293,2025-01,Competitor_A,21,76
H293,2025-01,Competitor_B,17,62
H294,2025-01,Apexacare,11,47
H294,2025-01,Competitor_A,14,57
H294,2025-01,Competitor_B,15,56
H295,2025-01,Apexacare,7,30
H295,2025-01,Competitor_A,8,34
H295,2025-01,Competitor_B,8,24
H296,2025-01,Apexacare,9,45
H296,2025-01,Competitor_A,7,36
H296,2025-01,Competitor_B,7,31
H297,2025-01,Apexacare,8,43
H297,2025-01,Competitor_A,9,48
H297,2025-01,Competitor_B,9,35
H298,2025-01,Apexacare,14,70
H298,2025-01,Competitor_A,6,31
H298,2025-01,Competitor_B,8,31
H299,2025-01,Apexacare,12,59
H299,2025-01,Competitor_A,7,33
H299,2025-01,Competitor_B,8,34
H300,2025-01,Apexacare,8,35
H300,2025-01,Competitor_A,10,42
H300,2025-01,Competitor_B,10,37
H301,2025-01,Apexacare,6,26
H301,2025-01,Competitor_A,4,18
H301,2025-01,Competitor_B,6,19
H302,2025-01,Apexacare,7,29
H302,2025-01,Competitor_A,12,48
H302,2025-01,Competitor_B,11,42
H303,2025-01,Apexacare,16,75
H303,2025-01,Competitor_A,12,55
H303,2025-01,Competitor_B,11,46
H304,2025-01,Apexacare,12,62
H304,2025-01,Competitor_A,6,33
H304,2025-01,Competitor_B,6,25
H305,2025-01,Apexacare,9,41
H305,2025-01,Competitor_A,13,60
H305,2025-01,Competitor_B,13,59
H306,2025-01,Apexacare,15,55
H306,2025-01,Competitor_A,11,40
H306,2025-01,Competitor_B,11,38
H307,2025-01,Apexacare,11,47
H307,2025-01,Competitor_A,17,72
H307,2025-01,Competitor_B,13,51
H308,2025-01,Apexacare,1,6
H308,2025-01,Competitor_A,1,7
H308,2025-01,Competitor_B,2,8
H309,2025-01,Apexacare,9,39
H309,2025-01,Competitor_A,15,64
H309,2025-01,Competitor_B,12,44
H310,2025-01,Apexacare,10,46
H310,2025-01,Competitor_A,8,37
H310,2025-01,Competitor_B,10,37
H311,2025-01,Apexacare,6,27
H311,2025-01,Competitor_A,11,47
H311,2025-01,Competitor_B,12,46
H312,2025-01,Apexacare,9,36
H312,2025-01,Competitor_A,10,37
H312,2025-01,Competitor_B,8,27
H313,2025-01,Apexacare,5,17
H313,2025-01,Competitor_A,6,21
H313,2025-01,Competitor_B,5,16
H314,2025-01,Apexacare,20,77
H314,2025-01,Competitor_A,12,47
H314,2025-01,Competitor_B,13,46
H315,2025-01,Apexacare,15,62
H315,2025-01,Competitor_A,11,44
H315,2025-01,Competitor_B,11,41
H316,2025-01,Apexacare,8,32
H316,2025-01,Competitor_A,21,84
H316,2025-01,Competitor_B,20,73
H317,2025-01,Apexacare,13,64
H317,2025-01,Competitor_A,13,67
H317,2025-01,Competitor_B,14,67
H318,2025-01,Apexacare,9,41
H318,2025-01,Competitor_A,5,25
H318,2025-01,Competitor_B,7,24
H319,2025-01,Apexacare,10,42
H319,2025-01,Competitor_A,10,43
H319,2025-01,Competitor_B,10,35
H320,2025-01,Apexacare,1,6
H320,2025-01,Competitor_A,1,7
H320,2025-01,Competitor_B,3,6
H321,2025-01,Apexacare,17,61
H321,2025-01,Competitor_A,16,55
H321,2025-01,Competitor_B,12,38
H322,2025-01,Apexacare,15,71
H322,2025-01,Competitor_A,11,56
H322,2025-01,Competitor_B,12,53
H323,2025-01,Apexacare,3,17
H323,2025-01,Competitor_A,2,12
H323,2025-01,Competitor_B,4,11
H324,2025-01,Apexacare,12,60
H324,2025-01,Competitor_A,10,52
H324,2025-01,Competitor_B,10,41
H325,2025-01,Apexacare,7,37
H325,2025-01,Competitor_A,7,39
H325,2025-01,Competitor_B,8,36
H326,2025-01,Apexacare,1,7
H326,2025-01,Competitor_A,1,7
H326,2025-01,Competitor_B,3,7
H327,2025-01,Apexacare,5,18
H327,2025-01,Competitor_A,10,37
H327,2025-01,Competitor_B,10,33
H328,2025-01,Apexacare,5,27
H328,2025-01,Competitor_A,4,21
H328,2025-01,Competitor_B,5,18
H329,2025-01,Apexacare,10,41
H329,2025-01,Competitor_A,8,33
H329,2025-01,Competitor_B,8,28
H330,2025-01,Apexacare,5,22
H330,2025-01,Competitor_A,5,19
H330,2025-01,Competitor_B,6,19
H331,2025-01,Apexacare,14,70
H331,2025-01,Competitor_A,11,58
H331,2025-01,Competitor_B,11,52
H332,2025-01,Apexacare,5,26
H332,2025-01,Competitor_A,4,24
H332,2025-01,Competitor_B,4,18
H333,2025-01,Apexacare,4,17
H333,2025-01,Competitor_A,6,26
H333,2025-01,Competitor_B,6,20
H334,2025-01,Apexacare,10,37
H334,2025-01,Competitor_A,6,23
H334,2025-01,Competitor_B,6,20
H335,2025-01,Apexacare,1,5
H335,2025-01,Competitor_A,1,5
H335,2025-01,Competitor_B,2,5
H336,2025-01,Apexacare,16,59
H336,2025-01,Competitor_A,14,51
H336,2025-01,Competitor_B,11,37
H337,2025-01,Apexacare,11,42
H337,2025-01,Competitor_A,11,42
H337,2025-01,Competitor_B,9,30
H338,2025-01,Apexacare,14,57
H338,2025-01,Competitor_A,10,41
H338,2025-01,Competitor_B,10,35
H339,2025-01,Apexacare,7,32
H339,2025-01,Competitor_A,8,34
H339,2025-01,Competitor_B,9,36
H340,2025-01,Apexacare,12,45
H340,2025-01,Competitor_A,13,48
H340,2025-01,Competitor_B,14,43
H341,2025-01,Apexacare,9,35
H341,2025-01,Competitor_A,5,23
H341,2025-01,Competitor_B,5,17
H342,2025-01,Apexacare,8,32
H342,2025-01,Competitor_A,4,19
H342,2025-01,Competitor_B,5,17
H343,2025-01,Apexacare,11,52
H343,2025-01,Competitor_A,10,47
H343,2025-01,Competitor_B,10,48
H344,2025-01,Apexacare,7,25
H344,2025-01,Competitor_A,7,28
H344,2025-01,Competitor_B,7,23
H345,2025-01,Apexacare,7,31
H345,2025-01,Competitor_A,11,50
H345,2025-01,Competitor_B,10,38
H346,2025-01,Apexacare,11,57
H346,2025-01,Competitor_A,8,43
H346,2025-01,Competitor_B,8,32
H347,2025-01,Apexacare,11,53
H347,2025-01,Competitor_A,11,49
H347,2025-01,Competitor_B,12,50
H348,2025-01,Apexacare,13,63
H348,2025-01,Competitor_A,8,39
H348,2025-01,Competitor_B,9,38
H349,2025-01,Apexacare,13,64
H349,2025-01,Competitor_A,14,67
H349,2025-01,Competitor_B,11,49
H350,2025-01,Apexacare,18,79
H350,2025-01,Competitor_A,10,45
H350,2025-01,Competitor_B,12,44
H351,2025-01,Apexacare,7,35
H351,2025-01,Competitor_A,8,41
H351,2025-01,Competitor_B,8,34
H352,2025-01,Apexacare,14,53
H352,2025-01,Competitor_A,11,41
H352,2025-01,Competitor_B,12,39
H353,2025-01,Apexacare,14,57
H353,2025-01,Competitor_A,11,46
H353,2025-01,Competitor_B,12,44
H354,2025-01,Apexacare,9,42
H354,2025-01,Competitor_A,9,40
H354,2025-01,Competitor_B,9,37
H355,2025-01,Apexacare,5,26
H355,2025-01,Competitor_A,8,41
H355,2025-01,Competitor_B,8,38
H356,2025-01,Apexacare,9,32
H356,2025-01,Competitor_A,13,47
H356,2025-01,Competitor_B,11,35
H357,2025-01,Apexacare,10,53
H357,2025-01,Competitor_A,8,43
H357,2025-01,Competitor_B,9,40
H358,2025-01,Apexacare,12,45
H358,2025-01,Competitor_A,6,23
H358,2025-01,Competitor_B,5,20
H359,2025-01,Apexacare,2,13
H359,2025-01,Competitor_A,3,20
H359,2025-01,Competitor_B,4,15
H360,2025-01,Apexacare,11,49
H360,2025-01,Competitor_A,4,21
H360,2025-01,Competitor_B,5,20
H361,2025-01,Apexacare,11,43
H361,2025-01,Competitor_A,9,35
H361,2025-01,Competitor_B,9,30
H362,2025-01,Apexacare,10,52
H362,2025-01,Competitor_A,9,46
H362,2025-01,Competitor_B,11,46
H363,2025-01,Apexacare,8,39
H363,2025-01,Competitor_A,8,40
H363,2025-01,Competitor_B,10,41
H364,2025-01,Apexacare,15,62
H364,2025-01,Competitor_A,12,49
H364,2025-01,Competitor_B,10,41
H365,2025-01,Apexacare,6,27
H365,2025-01,Competitor_A,6,28
H365,2025-01,Competitor_B,5,20
H366,2025-01,Apexacare,3,14
H366,2025-01,Competitor_A,2,10
H366,2025-01,Competitor_B,3,10
H367,2025-01,Apexacare,10,34
H367,2025-01,Competitor_A,8,27
H367,2025-01,Competitor_B,8,27
H368,2025-01,Apexacare,11,50
H368,2025-01,Competitor_A,10,46
H368,2025-01,Competitor_B,12,44
H369,2025-01,Apexacare,17,66
H369,2025-01,Competitor_A,10,41
H369,2025-01,Competitor_B,11,37
H370,2025-01,Apexacare,2,11
H370,2025-01,Competitor_A,3,18
H370,2025-01,Competitor_B,4,13
H371,2025-01,Apexacare,5,29
H371,2025-01,Competitor_A,4,21
H371,2025-01,Competitor_B,5,18
H372,2025-01,Apexacare,11,41
H372,2025-01,Competitor_A,4,17
H372,2025-01,Competitor_B,6,17
H373,2025-01,Apexacare,4,18
H373,2025-01,Competitor_A,9,41
H373,2025-01,Competitor_B,7,29
H374,2025-01,Apexacare,10,43
H374,2025-01,Competitor_A,9,39
H374,2025-01,Competitor_B,9,30
H375,2025-01,Apexacare,17,61
H375,2025-01,Competitor_A,12,43
H375,2025-01,Competitor_B,14,43
H376,2025-01,Apexacare,11,44
H376,2025-01,Competitor_A,13,50
H376,2025-01,Competitor_B,12,46
H377,2025-01,Apexacare,3,13
H377,2025-01,Competitor_A,9,40
H377,2025-01,Competitor_B,8,32
H378,2025-01,Apexacare,6,26
H378,2025-01,Competitor_A,9,41
H378,2025-01,Competitor_B,10,38
H379,2025-01,Apexacare,6,26
H379,2025-01,Competitor_A,6,25
H379,2025-01,Competitor_B,7,24
H380,2025-01,Apexacare,4,19
H380,2025-01,Competitor_A,3,13
H380,2025-01,Competitor_B,4,13
H381,2025-01,Apexacare,7,27
H381,2025-01,Competitor_A,11,39
H381,2025-01,Competitor_B,12,39
H382,2025-01,Apexacare,2,10
H382,2025-01,Competitor_A,4,13
H382,2025-01,Competitor_B,4,11
H383,2025-01,Apexacare,3,13
H383,2025-01,Competitor_A,6,23
H383,2025-01,Competitor_B,6,18
H384,2025-01,Apexacare,15,61
H384,2025-01,Competitor_A,10,42
H384,2025-01,Competitor_B,11,37
H385,2025-01,Apexacare,14,60
H385,2025-01,Competitor_A,14,63
H385,2025-01,Competitor_B,12,48
H386,2025-01,Apexacare,11,48
H386,2025-01,Competitor_A,11,49
H386,2025-01,Competitor_B,12,47
H387,2025-01,Apexacare,8,33
H387,2025-01,Competitor_A,6,25
H387,2025-01,Competitor_B,7,22
H388,2025-01,Apexacare,11,53
H388,2025-01,Competitor_A,4,22
H388,2025-01,Competitor_B,6,21
H389,2025-01,Apexacare,15,52
H389,2025-01,Competitor_A,22,79
H389,2025-01,Competitor_B,23,79
H390,2025-01,Apexacare,11,55
H390,2025-01,Competitor_A,5,26
H390,2025-01,Competitor_B,4,19
H391,2025-01,Apexacare,16,70
H391,2025-01,Competitor_A,16,73
H391,2025-01,Competitor_B,16,67
H392,2025-01,Apexacare,3,11
H392,2025-01,Competitor_A,2,10
H392,2025-01,Competitor_B,3,9
H393,2025-01,Apexacare,8,28
H393,2025-01,Competitor_A,10,35
H393,2025-01,Competitor_B,8,27
H394,2025-01,Apexacare,8,29
H394,2025-01,Competitor_A,8,29
H394,2025-01,Competitor_B,6,22
H395,2025-01,Apexacare,11,51
H395,2025-01,Competitor_A,12,55
H395,2025-01,Competitor_B,14,54
H396,2025-01,Apexacare,12,41
H396,2025-01,Competitor_A,18,64
H396,2025-01,Competitor_B,19,63
H397,2025-01,Apexacare,5,25
H397,2025-01,Competitor_A,3,18
H397,2025-01,Competitor_B,4,17
H398,2025-01,Apexacare,22,77
H398,2025-01,Competitor_A,19,67
H398,2025-01,Competitor_B,20,66
H399,2025-01,Apexacare,6,32
H399,2025-01,Competitor_A,5,25
H399,2025-01,Competitor_B,6,23
H400,2025-01,Apexacare,16,60
H400,2025-01,Competitor_A,12,48
H400,2025-01,Competitor_B,12,44
H401,2025-01,Apexacare,17,77
H401,2025-01,Competitor_A,8,36
H401,2025-01,Competitor_B,7,31
H402,2025-01,Apexacare,8,38
H402,2025-01,Competitor_A,8,37
H402,2025-01,Competitor_B,8,37
H403,2025-01,Apexacare,3,15
H403,2025-01,Competitor_A,6,28
H403,2025-01,Competitor_B,5,21
H404,2025-01,Apexacare,14,54
H404,2025-01,Competitor_A,12,46
H404,2025-01,Competitor_B,11,36
H405,2025-01,Apexacare,6,25
H405,2025-01,Competitor_A,7,29
H405,2025-01,Competitor_B,7,22
H406,2025-01,Apexacare,15,62
H406,2025-01,Competitor_A,14,56
H406,2025-01,Competitor_B,11,42
H407,2025-01,Apexacare,14,54
H407,2025-01,Competitor_A,18,66
H407,2025-01,Competitor_B,16,56
H408,2025-01,Apexacare,22,82
H408,2025-01,Competitor_A,10,39
H408,2025-01,Competitor_B,10,32
H409,2025-01,Apexacare,12,41
H409,2025-01,Competitor_A,5,18
H409,2025-01,Competitor_B,5,16
H410,2025-01,Apexacare,12,55
H410,2025-01,Competitor_A,12,52
H410,2025-01,Competitor_B,12,47
H411,2025-01,Apexacare,4,15
H411,2025-01,Competitor_A,2,8
H411,2025-01,Competitor_B,2,7
H412,2025-01,Apexacare,10,45
H412,2025-01,Competitor_A,9,40
H412,2025-01,Competitor_B,10,41
H413,2025-01,Apexacare,11,46
H413,2025-01,Competitor_A,9,39
H413,2025-01,Competitor_B,11,41
H414,2025-01,Apexacare,9,45
H414,2025-01,Competitor_A,7,36
H414,2025-01,Competitor_B,8,33
H415,2025-01,Apexacare,12,50
H415,2025-01,Competitor_A,5,24
H415,2025-01,Competitor_B,6,22
H416,2025-01,Apexacare,1,7
H416,2025-01,Competitor_A,1,7
H416,2025-01,Competitor_B,2,6
H417,2025-01,Apexacare,11,45
H417,2025-01,Competitor_A,14,59
H417,2025-01,Competitor_B,14,58
H418,2025-01,Apexacare,13,47
H418,2025-01,Competitor_A,11,38
H418,2025-01,Competitor_B,11,35
H419,2025-01,Apexacare,1,8
H419,2025-01,Competitor_A,2,12
H419,2025-01,Competitor_B,4,12
H420,2025-01,Apexacare,8,32
H420,2025-01,Competitor_A,6,25
H420,2025-01,Competitor_B,6,23
H421,2025-01,Apexacare,8,33
H421,2025-01,Competitor_A,7,30
H421,2025-01,Competitor_B,7,27
H422,2025-01,Apexacare,2,12
H422,2025-01,Competitor_A,2,11
H422,2025-01,Competitor_B,4,11
H423,2025-01,Apexacare,17,64
H423,2025-01,Competitor_A,8,32
H423,2025-01,Competitor_B,8,23
H424,2025-01,Apexacare,12,56
H424,2025-01,Competitor_A,7,32
H424,2025-01,Competitor_B,7,31
H425,2025-01,Apexacare,13,44
H425,2025-01,Competitor_A,13,46
H425,2025-01,Competitor_B,11,36
H426,2025-01,Apexacare,8,29
H426,2025-01,Competitor_A,12,44
H426,2025-01,Competitor_B,10,32
H427,2025-01,Apexacare,11,42
H427,2025-01,Competitor_A,9,36
H427,2025-01,Competitor_B,11,36
H428,2025-01,Apexacare,13,63
H428,2025-01,Competitor_A,13,62
H428,2025-01,Competitor_B,12,51
H429,2025-01,Apexacare,11,44
H429,2025-01,Competitor_A,7,31
H429,2025-01,Competitor_B,9,30
H430,2025-01,Apexacare,9,46
H430,2025-01,Competitor_A,8,40
H430,2025-01,Competitor_B,8,34
H431,2025-01,Apexacare,6,30
H431,2025-01,Competitor_A,9,43
H431,2025-01,Competitor_B,9,41
H432,2025-01,Apexacare,8,41
H432,2025-01,Competitor_A,7,36
H432,2025-01,Competitor_B,7,28
H433,2025-01,Apexacare,6,31
H433,2025-01,Competitor_A,5,25
H433,2025-01,Competitor_B,5,24
H434,2025-01,Apexacare,8,33
H434,2025-01,Competitor_A,9,37
H434,2025-01,Competitor_B,9,35
H435,2025-01,Apexacare,9,38
H435,2025-01,Competitor_A,6,28
H435,2025-01,Competitor_B,6,22
H436,2025-01,Apexacare,9,40
H436,2025-01,Competitor_A,9,40
H436,2025-01,Competitor_B,7,32
H437,2025-01,Apexacare,20,71
H437,2025-01,Competitor_A,9,31
H437,2025-01,Competitor_B,8,26
H438,2025-01,Apexacare,4,16
H438,2025-01,Competitor_A,2,7
H438,2025-01,Competitor_B,2,7
H439,2025-01,Apexacare,6,25
H439,2025-01,Competitor_A,16,65
H439,2025-01,Competitor_B,13,46
H440,2025-01,Apexacare,7,38
H440,2025-01,Competitor_A,12,60
H440,2025-01,Competitor_B,11,49
H441,2025-01,Apexacare,7,30
H441,2025-01,Competitor_A,8,34
H441,2025-01,Competitor_B,8,31
H442,2025-01,Apexacare,10,41
H442,2025-01,Competitor_A,5,20
H442,2025-01,Competitor_B,4,14
H443,2025-01,Apexacare,8,34
H443,2025-01,Competitor_A,13,50
H443,2025-01,Competitor_B,14,52
H444,2025-01,Apexacare,10,43
H444,2025-01,Competitor_A,10,41
H444,2025-01,Competitor_B,9,36
H445,2025-01,Apexacare,16,56
H445,2025-01,Competitor_A,14,49
H445,2025-01,Competitor_B,15,49
H446,2025-01,Apexacare,13,54
H446,2025-01,Competitor_A,11,47
H446,2025-01,Competitor_B,12,46
H447,2025-01,Apexacare,14,52
H447,2025-01,Competitor_A,7,28
H447,2025-01,Competitor_B,7,25
H448,2025-01,Apexacare,3,18
H448,2025-01,Competitor_A,2,12
H448,2025-01,Competitor_B,4,14
H449,2025-01,Apexacare,7,29
H449,2025-01,Competitor_A,8,31
H449,2025-01,Competitor_B,7,25
H450,2025-01,Apexacare,8,36
H450,2025-01,Competitor_A,10,44
H450,2025-01,Competitor_B,11,46
H451,2025-01,Apexacare,13,53
H451,2025-01,Competitor_A,15,62
H451,2025-01,Competitor_B,14,53
H452,2025-01,Apexacare,19,67
H452,2025-01,Competitor_A,16,59
H452,2025-01,Competitor_B,13,42
H453,2025-01,Apexacare,7,29
H453,2025-01,Competitor_A,8,33
H453,2025-01,Competitor_B,9,28
H454,2025-01,Apexacare,11,45
H454,2025-01,Competitor_A,11,45
H454,2025-01,Competitor_B,12,43
H455,2025-01,Apexacare,1,4
H455,2025-01,Competitor_A,2,9
H455,2025-01,Competitor_B,2,7
H456,2025-01,Apexacare,11,51
H456,2025-01,Competitor_A,13,59
H456,2025-01,Competitor_B,12,50
H457,2025-01,Apexacare,8,29
H457,2025-01,Competitor_A,7,26
H457,2025-01,Competitor_B,6,20
H458,2025-01,Apexacare,7,26
H458,2025-01,Competitor_A,4,16
H458,2025-01,Competitor_B,5,15
H459,2025-01,Apexacare,2,8
H459,2025-01,Competitor_A,3,14
H459,2025-01,Competitor_B,3,12
H460,2025-01,Apexacare,20,73
H460,2025-01,Competitor_A,17,62
H460,2025-01,Competitor_B,14,45
H461,2025-01,Apexacare,19,66
H461,2025-01,Competitor_A,8,28
H461,2025-01,Competitor_B,8,26
H462,2025-01,Apexacare,7,28
H462,2025-01,Competitor_A,12,47
H462,2025-01,Competitor_B,11,39
H463,2025-01,Apexacare,12,60
H463,2025-01,Competitor_A,4,22
H463,2025-01,Competitor_B,6,23
H464,2025-01,Apexacare,20,70
H464,2025-01,Competitor_A,15,55
H464,2025-01,Competitor_B,14,46
H465,2025-01,Apexacare,18,64
H465,2025-01,Competitor_A,16,56
H465,2025-01,Competitor_B,13,42
H466,2025-01,Apexacare,14,67
H466,2025-01,Competitor_A,11,54
H466,2025-01,Competitor_B,10,39
H467,2025-01,Apexacare,4,19
H467,2025-01,Competitor_A,2,12
H467,2025-01,Competitor_B,4,13
H468,2025-01,Apexacare,7,29
H468,2025-01,Competitor_A,7,30
H468,2025-01,Competitor_B,9,31
H469,2025-01,Apexacare,10,33
H469,2025-01,Competitor_A,9,32
H469,2025-01,Competitor_B,9,30
H470,2025-01,Apexacare,2,11
H470,2025-01,Competitor_A,2,10
H470,2025-01,Competitor_B,3,11
H471,2025-01,Apexacare,6,29
H471,2025-01,Competitor_A,3,18
H471,2025-01,Competitor_B,5,17
H472,2025-01,Apexacare,9,34
H472,2025-01,Competitor_A,11,38
H472,2025-01,Competitor_B,11,36
H473,2025-01,Apexacare,1,4
H473,2025-01,Competitor_A,1,6
H473,2025-01,Competitor_B,2,7
H474,2025-01,Apexacare,10,49
H474,2025-01,Competitor_A,13,61
H474,2025-01,Competitor_B,10,44
H475,2025-01,Apexacare,10,41
H475,2025-01,Competitor_A,7,28
H475,2025-01,Competitor_B,6,26
H476,2025-01,Apexacare,6,23
H476,2025-01,Competitor_A,3,11
H476,2025-01,Competitor_B,3,11
H477,2025-01,Apexacare,6,29
H477,2025-01,Competitor_A,6,28
H477,2025-01,Competitor_B,6,23
H478,2025-01,Apexacare,15,70
H478,2025-01,Competitor_A,8,37
H478,2025-01,Competitor_B,9,37
H479,2025-01,Apexacare,7,35
H479,2025-01,Competitor_A,6,30
H479,2025-01,Competitor_B,8,30
H480,2025-01,Apexacare,7,28
H480,2025-01,Competitor_A,8,33
H480,2025-01,Competitor_B,7,29
H481,2025-01,Apexacare,5,27
H481,2025-01,Competitor_A,10,50
H481,2025-01,Competitor_B,9,43
H482,2025-01,Apexacare,21,98
H482,2025-01,Competitor_A,8,36
H482,2025-01,Competitor_B,9,37
H483,2025-01,Apexacare,1,8
H483,2025-01,Competitor_A,1,6
H483,2025-01,Competitor_B,2,6
H484,2025-01,Apexacare,8,43
H484,2025-01,Competitor_A,11,55
H484,2025-01,Competitor_B,9,42
H485,2025-01,Apexacare,7,32
H485,2025-01,Competitor_A,11,48
H485,2025-01,Competitor_B,10,39
H486,2025-01,Apexacare,3,14
H486,2025-01,Competitor_A,3,15
H486,2025-01,Competitor_B,3,15
H487,2025-01,Apexacare,8,42
H487,2025-01,Competitor_A,5,28
H487,2025-01,Competitor_B,6,25
H488,2025-01,Apexacare,7,32
H488,2025-01,Competitor_A,9,39
H488,2025-01,Competitor_B,9,34
H489,2025-01,Apexacare,11,39
H489,2025-01,Competitor_A,15,53
H489,2025-01,Competitor_B,16,52
H490,2025-01,Apexacare,10,51
H490,2025-01,Competitor_A,8,40
H490,2025-01,Competitor_B,9,37
H491,2025-01,Apexacare,10,46
H491,2025-01,Competitor_A,9,45
H491,2025-01,Competitor_B,10,42
H492,2025-01,Apexacare,7,30
H492,2025-01,Competitor_A,10,46
H492,2025-01,Competitor_B,9,34
H493,2025-01,Apexacare,5,27
H493,2025-01,Competitor_A,5,27
H493,2025-01,Competitor_B,7,26
H494,2025-01,Apexacare,4,22
H494,2025-01,Competitor_A,4,22
H494,2025-01,Competitor_B,4,16
H495,2025-01,Apexacare,1,5
H495,2025-01,Competitor_A,3,15
H495,2025-01,Competitor_B,3,14
H496,2025-01,Apexacare,5,20
H496,2025-01,Competitor_A,21,85
H496,2025-01,Competitor_B,17,66
H497,2025-01,Apexacare,14,54
H497,2025-01,Competitor_A,17,66
H497,2025-01,Competitor_B,14,50
H498,2025-01,Apexacare,2,10
H498,2025-01,Competitor_A,5,20
H498,2025-01,Competitor_B,6,15
H499,2025-01,Apexacare,6,21
H499,2025-01,Competitor_A,6,23
H499,2025-01,Competitor_B,6,20
H500,2025-01,Apexacare,5,26
H500,2025-01,Competitor_A,3,16
H500,2025-01,Competitor_B,4,15
H501,2025-01,Apexacare,2,13
H501,2025-01,Competitor_A,3,18
H501,2025-01,Competitor_B,4,13
H502,2025-01,Apexacare,10,37
H502,2025-01,Competitor_A,13,48
H502,2025-01,Competitor_B,15,48
H503,2025-01,Apexacare,7,26
H503,2025-01,Competitor_A,11,42
H503,2025-01,Competitor_B,10,34
H504,2025-01,Apexacare,2,9
H504,2025-01,Competitor_A,13,52
H504,2025-01,Competitor_B,14,51
H505,2025-01,Apexacare,11,40
H505,2025-01,Competitor_A,18,63
H505,2025-01,Competitor_B,15,51
H506,2025-01,Apexacare,6,27
H506,2025-01,Competitor_A,8,36
H506,2025-01,Competitor_B,7,32
H507,2025-01,Apexacare,5,29
H507,2025-01,Competitor_A,8,40
H507,2025-01,Competitor_B,7,31
H508,2025-01,Apexacare,11,44
H508,2025-01,Competitor_A,9,39
H508,2025-01,Competitor_B,9,31
H509,2025-01,Apexacare,7,31
H509,2025-01,Competitor_A,18,79
H509,2025-01,Competitor_B,15,58
H510,2025-01,Apexacare,3,16
H510,2025-01,Competitor_A,9,41
H510,2025-01,Competitor_B,8,33
H511,2025-01,Apexacare,10,52
H511,2025-01,Competitor_A,8,42
H511,2025-01,Competitor_B,7,32
H512,2025-01,Apexacare,9,36
H512,2025-01,Competitor_A,13,53
H512,2025-01,Competitor_B,13,47
H513,2025-01,Apexacare,19,71
H513,2025-01,Competitor_A,12,46
H513,2025-01,Competitor_B,10,36
H514,2025-01,Apexacare,13,47
H514,2025-01,Competitor_A,14,53
H514,2025-01,Competitor_B,14,47
H515,2025-01,Apexacare,9,36
H515,2025-01,Competitor_A,12,46
H515,2025-01,Competitor_B,12,38
H516,2025-01,Apexacare,5,24
H516,2025-01,Competitor_A,17,73
H516,2025-01,Competitor_B,17,71
H517,2025-01,Apexacare,7,26
H517,2025-01,Competitor_A,10,37
H517,2025-01,Competitor_B,10,33
H518,2025-01,Apexacare,6,32
H518,2025-01,Competitor_A,10,50
H518,2025-01,Competitor_B,8,37
H519,2025-01,Apexacare,9,40
H519,2025-01,Competitor_A,12,54
H519,2025-01,Competitor_B,10,38
H520,2025-01,Apexacare,2,14
H520,2025-01,Competitor_A,1,8
H520,2025-01,Competitor_B,3,8
H521,2025-01,Apexacare,16,64
H521,2025-01,Competitor_A,12,49
H521,2025-01,Competitor_B,13,49
H522,2025-01,Apexacare,12,44
H522,2025-01,Competitor_A,15,54
H522,2025-01,Competitor_B,16,56
H523,2025-01,Apexacare,1,7
H523,2025-01,Competitor_A,5,24
H523,2025-01,Competitor_B,7,23
H524,2025-01,Apexacare,10,44
H524,2025-01,Competitor_A,11,50
H524,2025-01,Competitor_B,9,38
H525,2025-01,Apexacare,5,24
H525,2025-01,Competitor_A,13,57
H525,2025-01,Competitor_B,14,52
H526,2025-01,Apexacare,14,52
H526,2025-01,Competitor_A,16,58
H526,2025-01,Competitor_B,15,52
H527,2025-01,Apexacare,9,48
H527,2025-01,Competitor_A,11,58
H527,2025-01,Competitor_B,11,46
H528,2025-01,Apexacare,1,4
H528,2025-01,Competitor_A,3,14
H528,2025-01,Competitor_B,3,12
H529,2025-01,Apexacare,4,20
H529,2025-01,Competitor_A,9,43
H529,2025-01,Competitor_B,10,42
H530,2025-01,Apexacare,8,32
H530,2025-01,Competitor_A,12,43
H530,2025-01,Competitor_B,10,33
H531,2025-01,Apexacare,6,23
H531,2025-01,Competitor_A,5,20
H531,2025-01,Competitor_B,6,17
H532,2025-01,Apexacare,11,39
H532,2025-01,Competitor_A,29,100
H532,2025-01,Competitor_B,25,81
H533,2025-01,Apexacare,1,8
H533,2025-01,Competitor_A,5,23
H533,2025-01,Competitor_B,5,17
H534,2025-01,Apexacare,9,38
H534,2025-01,Competitor_A,9,36
H534,2025-01,Competitor_B,8,31
H535,2025-01,Apexacare,3,17
H535,2025-01,Competitor_A,7,36
H535,2025-01,Competitor_B,7,32
H536,2025-01,Apexacare,4,19
H536,2025-01,Competitor_A,13,57
H536,2025-01,Competitor_B,10,43
H537,2025-01,Apexacare,8,42
H537,2025-01,Competitor_A,8,40
H537,2025-01,Competitor_B,7,30
H538,2025-01,Apexacare,9,40
H538,2025-01,Competitor_A,8,35
H538,2025-01,Competitor_B,8,27
H539,2025-01,Apexacare,4,16
H539,2025-01,Competitor_A,10,38
H539,2025-01,Competitor_B,9,31
H540,2025-01,Apexacare,14,52
H540,2025-01,Competitor_A,10,36
H540,2025-01,Competitor_B,9,31
H541,2025-01,Apexacare,13,58
H541,2025-01,Competitor_A,10,43
H541,2025-01,Competitor_B,10,39
H542,2025-01,Apexacare,1,6
H542,2025-01,Competitor_A,1,6
H542,2025-01,Competitor_B,2,7
H543,2025-01,Apexacare,6,28
H543,2025-01,Competitor_A,14,62
H543,2025-01,Competitor_B,15,60
H544,2025-01,Apexacare,8,32
H544,2025-01,Competitor_A,18,75
H544,2025-01,Competitor_B,17,69
H545,2025-01,Apexacare,21,83
H545,2025-01,Competitor_A,15,59
H545,2025-01,Competitor_B,16,58
H546,2025-01,Apexacare,7,37
H546,2025-01,Competitor_A,5,26
H546,2025-01,Competitor_B,5,21
H547,2025-01,Apexacare,6,21
H547,2025-01,Competitor_A,14,50
H547,2025-01,Competitor_B,14,49
H548,2025-01,Apexacare,7,32
H548,2025-01,Competitor_A,10,44
H548,2025-01,Competitor_B,11,44
H549,2025-01,Apexacare,8,32
H549,2025-01,Competitor_A,16,63
H549,2025-01,Competitor_B,15,52
H550,2025-01,Apexacare,8,30
H550,2025-01,Competitor_A,15,55
H550,2025-01,Competitor_B,15,48
H551,2025-01,Apexacare,4,16
H551,2025-01,Competitor_A,7,29
H551,2025-01,Competitor_B,6,21
H552,2025-01,Apexacare,14,57
H552,2025-01,Competitor_A,12,49
H552,2025-01,Competitor_B,11,41
H553,2025-01,Apexacare,10,42
H553,2025-01,Competitor_A,20,80
H553,2025-01,Competitor_B,18,67
H554,2025-01,Apexacare,1,6
H554,2025-01,Competitor_A,2,8
H554,2025-01,Competitor_B,3,7
H555,2025-01,Apexacare,9,34
H555,2025-01,Competitor_A,14,52
H555,2025-01,Competitor_B,13,47
H556,2025-01,Apexacare,7,28
H556,2025-01,Competitor_A,15,59
H556,2025-01,Competitor_B,15,53
H557,2025-01,Apexacare,5,20
H557,2025-01,Competitor_A,21,73
H557,2025-01,Competitor_B,21,67
H558,2025-01,Apexacare,4,18
H558,2025-01,Competitor_A,11,47
H558,2025-01,Competitor_B,10,35
H559,2025-01,Apexacare,3,15
H559,2025-01,Competitor_A,9,44
H559,2025-01,Competitor_B,7,31
H560,2025-01,Apexacare,5,20
H560,2025-01,Competitor_A,12,45
H560,2025-01,Competitor_B,13,45
H561,2025-01,Apexacare,4,14
H561,2025-01,Competitor_A,20,70
H561,2025-01,Competitor_B,20,66
H562,2025-01,Apexacare,5,21
H562,2025-01,Competitor_A,9,35
H562,2025-01,Competitor_B,9,28
H563,2025-01,Apexacare,10,44
H563,2025-01,Competitor_A,9,42
H563,2025-01,Competitor_B,9,34
H564,2025-01,Apexacare,6,21
H564,2025-01,Competitor_A,17,59
H564,2025-01,Competitor_B,14,48
H565,2025-01,Apexacare,3,16
H565,2025-01,Competitor_A,5,24
H565,2025-01,Competitor_B,5,17
H566,2025-01,Apexacare,9,40
H566,2025-01,Competitor_A,11,49
H566,2025-01,Competitor_B,13,51
H567,2025-01,Apexacare,6,23
H567,2025-01,Competitor_A,12,47
H567,2025-01,Competitor_B,12,44
H568,2025-01,Apexacare,13,66
H568,2025-01,Competitor_A,10,48
H568,2025-01,Competitor_B,9,38
H569,2025-01,Apexacare,3,16
H569,2025-01,Competitor_A,5,27
H569,2025-01,Competitor_B,5,21
H570,2025-01,Apexacare,3,14
H570,2025-01,Competitor_A,6,31
H570,2025-01,Competitor_B,7,27
H571,2025-01,Apexacare,3,12
H571,2025-01,Competitor_A,7,24
H571,2025-01,Competitor_B,6,18
H572,2025-01,Apexacare,15,61
H572,2025-01,Competitor_A,17,70
H572,2025-01,Competitor_B,17,67
H573,2025-01,Apexacare,9,38
H573,2025-01,Competitor_A,18,80
H573,2025-01,Competitor_B,15,62
H574,2025-01,Apexacare,6,22
H574,2025-01,Competitor_A,8,29
H574,2025-01,Competitor_B,9,29
H575,2025-01,Apexacare,6,30
H575,2025-01,Competitor_A,8,38
H575,2025-01,Competitor_B,6,27
H576,2025-01,Apexacare,2,10
H576,2025-01,Competitor_A,3,13
H576,2025-01,Competitor_B,4,13
H577,2025-01,Apexacare,4,23
H577,2025-01,Competitor_A,5,29
H577,2025-01,Competitor_B,7,28
H578,2025-01,Apexacare,11,47
H578,2025-01,Competitor_A,9,36
H578,2025-01,Competitor_B,10,36
H579,2025-01,Apexacare,3,16
H579,2025-01,Competitor_A,4,21
H579,2025-01,Competitor_B,5,17
H580,2025-01,Apexacare,18,66
H580,2025-01,Competitor_A,19,69
H580,2025-01,Competitor_B,16,54
H581,2025-01,Apexacare,12,48
H581,2025-01,Competitor_A,16,65
H581,2025-01,Competitor_B,14,55
H582,2025-01,Apexacare,2,12
H582,2025-01,Competitor_A,8,40
H582,2025-01,Competitor_B,10,38
H583,2025-01,Apexacare,6,33
H583,2025-01,Competitor_A,14,72
H583,2025-01,Competitor_B,14,66
H584,2025-01,Apexacare,4,23
H584,2025-01,Competitor_A,4,20
H584,2025-01,Competitor_B,4,17
H585,2025-01,Apexacare,20,81
H585,2025-01,Competitor_A,12,48
H585,2025-01,Competitor_B,11,42
H586,2025-01,Apexacare,8,34
H586,2025-01,Competitor_A,12,52
H586,2025-01,Competitor_B,11,46
H587,2025-01,Apexacare,2,9
H587,2025-01,Competitor_A,8,41
H587,2025-01,Competitor_B,7,30
H588,2025-01,Apexacare,9,36
H588,2025-01,Competitor_A,5,22
H588,2025-01,Competitor_B,5,17
H589,2025-01,Apexacare,7,30
H589,2025-01,Competitor_A,8,34
H589,2025-01,Competitor_B,8,32
H590,2025-01,Apexacare,17,77
H590,2025-01,Competitor_A,11,50
H590,2025-01,Competitor_B,9,35
H591,2025-01,Apexacare,1,5
H591,2025-01,Competitor_A,1,7
H591,2025-01,Competitor_B,3,7
H592,2025-01,Apexacare,6,27
H592,2025-01,Competitor_A,7,32
H592,2025-01,Competitor_B,7,29
H593,2025-01,Apexacare,13,51
H593,2025-01,Competitor_A,11,44
H593,2025-01,Competitor_B,11,37
H594,2025-01,Apexacare,4,17
H594,2025-01,Competitor_A,9,36
H594,2025-01,Competitor_B,8,31
H595,2025-01,Apexacare,7,39
H595,2025-01,Competitor_A,8,41
H595,2025-01,Competitor_B,9,39
H596,2025-01,Apexacare,20,72
H596,2025-01,Competitor_A,13,48
H596,2025-01,Competitor_B,12,40
H597,2025-01,Apexacare,5,26
H597,2025-01,Competitor_A,6,33
H597,2025-01,Competitor_B,7,31
H598,2025-01,Apexacare,17,60
H598,2025-01,Competitor_A,27,95
H598,2025-01,Competitor_B,19,65
H599,2025-01,Apexacare,7,34
H599,2025-01,Competitor_A,8,39
H599,2025-01,Competitor_B,9,37
H600,2025-01,Apexacare,9,44
H600,2025-01,Competitor_A,8,38
H600,2025-01,Competitor_B,8,37
H601,2025-01,Apexacare,4,19
H601,2025-01,Competitor_A,4,16
H601,2025-01,Competitor_B,5,16
H602,2025-01,Apexacare,1,4
H602,2025-01,Competitor_A,1,6
H602,2025-01,Competitor_B,2,7
H603,2025-01,Apexacare,20,77
H603,2025-01,Competitor_A,14,54
H603,2025-01,Competitor_B,13,49
H604,2025-01,Apexacare,3,15
H604,2025-01,Competitor_A,3,15
H604,2025-01,Competitor_B,4,12
H605,2025-01,Apexacare,20,97
H605,2025-01,Competitor_A,8,39
H605,2025-01,Competitor_B,9,40
H001,2025-02,Apexacare,6,34
H001,2025-02,Competitor_A,16,80
H001,2025-02,Competitor_B,14,66
H002,2025-02,Apexacare,14,53
H002,2025-02,Competitor_A,10,37
H002,2025-02,Competitor_B,8,29
H003,2025-02,Apexacare,1,4
H003,2025-02,Competitor_A,2,7
H003,2025-02,Competitor_B,2,7
H004,2025-02,Apexacare,18,75
H004,2025-02,Competitor_A,8,36
H004,2025-02,Competitor_B,9,33
H005,2025-02,Apexacare,9,36
H005,2025-02,Competitor_A,8,34
H005,2025-02,Competitor_B,10,35
H006,2025-02,Apexacare,16,83
H006,2025-02,Competitor_A,11,59
H006,2025-02,Competitor_B,11,47
H007,2025-02,Apexacare,4,19
H007,2025-02,Competitor_A,3,15
H007,2025-02,Competitor_B,5,17
H008,2025-02,Apexacare,9,45
H008,2025-02,Competitor_A,5,26
H008,2025-02,Competitor_B,6,24
H009,2025-02,Apexacare,14,55
H009,2025-02,Competitor_A,13,50
H009,2025-02,Competitor_B,14,47
H010,2025-02,Apexacare,15,55
H010,2025-02,Competitor_A,8,31
H010,2025-02,Competitor_B,10,33
H011,2025-02,Apexacare,18,67
H011,2025-02,Competitor_A,16,59
H011,2025-02,Competitor_B,12,42
H012,2025-02,Apexacare,8,33
H012,2025-02,Competitor_A,10,42
H012,2025-02,Competitor_B,8,33
H013,2025-02,Apexacare,10,48
H013,2025-02,Competitor_A,4,21
H013,2025-02,Competitor_B,5,19
H014,2025-02,Apexacare,19,84
H014,2025-02,Competitor_A,9,42
H014,2025-02,Competitor_B,8,34
H015,2025-02,Apexacare,11,39
H015,2025-02,Competitor_A,6,20
H015,2025-02,Competitor_B,5,16
H016,2025-02,Apexacare,18,63
H016,2025-02,Competitor_A,7,25
H016,2025-02,Competitor_B,8,26
H017,2025-02,Apexacare,18,64
H017,2025-02,Competitor_A,13,44
H017,2025-02,Competitor_B,13,42
H018,2025-02,Apexacare,4,21
H018,2025-02,Competitor_A,4,21
H018,2025-02,Competitor_B,5,18
H019,2025-02,Apexacare,8,32
H019,2025-02,Competitor_A,12,47
H019,2025-02,Competitor_B,11,40
H020,2025-02,Apexacare,4,21
H020,2025-02,Competitor_A,2,10
H020,2025-02,Competitor_B,3,9
H021,2025-02,Apexacare,5,23
H021,2025-02,Competitor_A,6,28
H021,2025-02,Competitor_B,5,21
H022,2025-02,Apexacare,4,21
H022,2025-02,Competitor_A,10,49
H022,2025-02,Competitor_B,9,42
H023,2025-02,Apexacare,9,40
H023,2025-02,Competitor_A,8,35
H023,2025-02,Competitor_B,8,30
H024,2025-02,Apexacare,12,61
H024,2025-02,Competitor_A,15,75
H024,2025-02,Competitor_B,14,62
H025,2025-02,Apexacare,13,59
H025,2025-02,Competitor_A,6,28
H025,2025-02,Competitor_B,7,25
H026,2025-02,Apexacare,7,36
H026,2025-02,Competitor_A,7,36
H026,2025-02,Competitor_B,7,28
H027,2025-02,Apexacare,6,30
H027,2025-02,Competitor_A,5,24
H027,2025-02,Competitor_B,6,22
H028,2025-02,Apexacare,21,80
H028,2025-02,Competitor_A,13,51
H028,2025-02,Competitor_B,13,45
H029,2025-02,Apexacare,12,48
H029,2025-02,Competitor_A,9,38
H029,2025-02,Competitor_B,9,34
H030,2025-02,Apexacare,10,41
H030,2025-02,Competitor_A,18,73
H030,2025-02,Competitor_B,16,56
H031,2025-02,Apexacare,8,43
H031,2025-02,Competitor_A,4,22
H031,2025-02,Competitor_B,6,23
H032,2025-02,Apexacare,14,52
H032,2025-02,Competitor_A,14,54
H032,2025-02,Competitor_B,14,47
H033,2025-02,Apexacare,14,54
H033,2025-02,Competitor_A,12,45
H033,2025-02,Competitor_B,12,45
H034,2025-02,Apexacare,8,37
H034,2025-02,Competitor_A,7,33
H034,2025-02,Competitor_B,9,32
H035,2025-02,Apexacare,9,33
H035,2025-02,Competitor_A,10,36
H035,2025-02,Competitor_B,11,36
H036,2025-02,Apexacare,13,51
H036,2025-02,Competitor_A,11,45
H036,2025-02,Competitor_B,9,32
H037,2025-02,Apexacare,7,37
H037,2025-02,Competitor_A,12,63
H037,2025-02,Competitor_B,11,47
H038,2025-02,Apexacare,11,54
H038,2025-02,Competitor_A,14,68
H038,2025-02,Competitor_B,14,58
H039,2025-02,Apexacare,24,100
H039,2025-02,Competitor_A,10,41
H039,2025-02,Competitor_B,10,39
H040,2025-02,Apexacare,12,57
H040,2025-02,Competitor_A,14,67
H040,2025-02,Competitor_B,13,56
H041,2025-02,Apexacare,3,15
H041,2025-02,Competitor_A,3,15
H041,2025-02,Competitor_B,3,15
H042,2025-02,Apexacare,5,22
H042,2025-02,Competitor_A,6,22
H042,2025-02,Competitor_B,7,24
H043,2025-02,Apexacare,13,55
H043,2025-02,Competitor_A,9,36
H043,2025-02,Competitor_B,8,28
H044,2025-02,Apexacare,10,35
H044,2025-02,Competitor_A,14,49
H044,2025-02,Competitor_B,11,36
H045,2025-02,Apexacare,15,68
H045,2025-02,Competitor_A,15,66
H045,2025-02,Competitor_B,13,55
H046,2025-02,Apexacare,17,79
H046,2025-02,Competitor_A,8,37
H046,2025-02,Competitor_B,8,31
H047,2025-02,Apexacare,1,6
H047,2025-02,Competitor_A,1,6
H047,2025-02,Competitor_B,3,7
H048,2025-02,Apexacare,2,13
H048,2025-02,Competitor_A,3,17
H048,2025-02,Competitor_B,4,18
H049,2025-02,Apexacare,11,44
H049,2025-02,Competitor_A,7,27
H049,2025-02,Competitor_B,7,25
H050,2025-02,Apexacare,4,20
H050,2025-02,Competitor_A,14,61
H050,2025-02,Competitor_B,12,45
H051,2025-02,Apexacare,11,54
H051,2025-02,Competitor_A,10,49
H051,2025-02,Competitor_B,9,41
H052,2025-02,Apexacare,4,22
H052,2025-02,Competitor_A,4,21
H052,2025-02,Competitor_B,5,20
H053,2025-02,Apexacare,9,41
H053,2025-02,Competitor_A,4,18
H053,2025-02,Competitor_B,4,16
H054,2025-02,Apexacare,3,20
H054,2025-02,Competitor_A,8,42
H054,2025-02,Competitor_B,8,34
H055,2025-02,Apexacare,12,57
H055,2025-02,Competitor_A,4,22
H055,2025-02,Competitor_B,5,21
H056,2025-02,Apexacare,19,88
H056,2025-02,Competitor_A,16,74
H056,2025-02,Competitor_B,14,58
H057,2025-02,Apexacare,13,51
H057,2025-02,Competitor_A,6,24
H057,2025-02,Competitor_B,5,20
H058,2025-02,Apexacare,10,40
H058,2025-02,Competitor_A,9,35
H058,2025-02,Competitor_B,10,37
H059,2025-02,Apexacare,8,31
H059,2025-02,Competitor_A,9,36
H059,2025-02,Competitor_B,9,29
H060,2025-02,Apexacare,17,59
H060,2025-02,Competitor_A,20,71
H060,2025-02,Competitor_B,18,60
H061,2025-02,Apexacare,12,47
H061,2025-02,Competitor_A,13,51
H061,2025-02,Competitor_B,14,46
H062,2025-02,Apexacare,7,33
H062,2025-02,Competitor_A,3,13
H062,2025-02,Competitor_B,4,14
H063,2025-02,Apexacare,3,16
H063,2025-02,Competitor_A,3,16
H063,2025-02,Competitor_B,4,16
H064,2025-02,Apexacare,21,77
H064,2025-02,Competitor_A,12,45
H064,2025-02,Competitor_B,12,38
H065,2025-02,Apexacare,19,71
H065,2025-02,Competitor_A,11,41
H065,2025-02,Competitor_B,12,41
H066,2025-02,Apexacare,12,56
H066,2025-02,Competitor_A,15,71
H066,2025-02,Competitor_B,15,71
H067,2025-02,Apexacare,5,24
H067,2025-02,Competitor_A,4,19
H067,2025-02,Competitor_B,5,17
H068,2025-02,Apexacare,2,11
H068,2025-02,Competitor_A,2,11
H068,2025-02,Competitor_B,3,10
H069,2025-02,Apexacare,7,35
H069,2025-02,Competitor_A,11,53
H069,2025-02,Competitor_B,11,47
H070,2025-02,Apexacare,20,85
H070,2025-02,Competitor_A,12,49
H070,2025-02,Competitor_B,9,34
H071,2025-02,Apexacare,11,44
H071,2025-02,Competitor_A,7,28
H071,2025-02,Competitor_B,7,23
H072,2025-02,Apexacare,6,26
H072,2025-02,Competitor_A,7,28
H072,2025-02,Competitor_B,6,22
H073,2025-02,Apexacare,8,31
H073,2025-02,Competitor_A,5,18
H073,2025-02,Competitor_B,5,14
H074,2025-02,Apexacare,16,65
H074,2025-02,Competitor_A,18,71
H074,2025-02,Competitor_B,15,53
H075,2025-02,Apexacare,4,21
H075,2025-02,Competitor_A,4,19
H075,2025-02,Competitor_B,6,20
H076,2025-02,Apexacare,3,19
H076,2025-02,Competitor_A,6,31
H076,2025-02,Competitor_B,6,25
H077,2025-02,Apexacare,9,35
H077,2025-02,Competitor_A,9,33
H077,2025-02,Competitor_B,9,28
H078,2025-02,Apexacare,1,8
H078,2025-02,Competitor_A,2,12
H078,2025-02,Competitor_B,3,12
H079,2025-02,Apexacare,4,16
H079,2025-02,Competitor_A,8,28
H079,2025-02,Competitor_B,7,22
H080,2025-02,Apexacare,23,81
H080,2025-02,Competitor_A,11,40
H080,2025-02,Competitor_B,10,33
H081,2025-02,Apexacare,10,45
H081,2025-02,Competitor_A,14,63
H081,2025-02,Competitor_B,10,44
H082,2025-02,Apexacare,20,76
H082,2025-02,Competitor_A,14,54
H082,2025-02,Competitor_B,15,50
H083,2025-02,Apexacare,19,76
H083,2025-02,Competitor_A,8,31
H083,2025-02,Competitor_B,8,28
H084,2025-02,Apexacare,2,8
H084,2025-02,Competitor_A,1,4
H084,2025-02,Competitor_B,1,4
H085,2025-02,Apexacare,9,39
H085,2025-02,Competitor_A,11,46
H085,2025-02,Competitor_B,10,35
H086,2025-02,Apexacare,10,45
H086,2025-02,Competitor_A,13,61
H086,2025-02,Competitor_B,11,48
H087,2025-02,Apexacare,13,62
H087,2025-02,Competitor_A,12,59
H087,2025-02,Competitor_B,13,55
H088,2025-02,Apexacare,7,34
H088,2025-02,Competitor_A,6,28
H088,2025-02,Competitor_B,7,28
H089,2025-02,Apexacare,17,61
H089,2025-02,Competitor_A,18,68
H089,2025-02,Competitor_B,15,51
H090,2025-02,Apexacare,9,48
H090,2025-02,Competitor_A,7,39
H090,2025-02,Competitor_B,9,39
H091,2025-02,Apexacare,30,108
H091,2025-02,Competitor_A,11,41
H091,2025-02,Competitor_B,13,40
H092,2025-02,Apexacare,14,50
H092,2025-02,Competitor_A,14,51
H092,2025-02,Competitor_B,11,39
H093,2025-02,Apexacare,11,57
H093,2025-02,Competitor_A,11,57
H093,2025-02,Competitor_B,9,40
H094,2025-02,Apexacare,2,12
H094,2025-02,Competitor_A,4,19
H094,2025-02,Competitor_B,5,17
H095,2025-02,Apexacare,11,48
H095,2025-02,Competitor_A,17,72
H095,2025-02,Competitor_B,13,51
H096,2025-02,Apexacare,4,24
H096,2025-02,Competitor_A,6,31
H096,2025-02,Competitor_B,7,30
H097,2025-02,Apexacare,2,9
H097,2025-02,Competitor_A,1,6
H097,2025-02,Competitor_B,2,7
H098,2025-02,Apexacare,11,43
H098,2025-02,Competitor_A,7,29
H098,2025-02,Competitor_B,9,30
H099,2025-02,Apexacare,7,33
H099,2025-02,Competitor_A,8,40
H099,2025-02,Competitor_B,7,32
H100,2025-02,Apexacare,8,38
H100,2025-02,Competitor_A,8,37
H100,2025-02,Competitor_B,7,27
H101,2025-02,Apexacare,13,66
H101,2025-02,Competitor_A,5,29
H101,2025-02,Competitor_B,7,31
H102,2025-02,Apexacare,12,46
H102,2025-02,Competitor_A,17,65
H102,2025-02,Competitor_B,19,65
H103,2025-02,Apexacare,5,21
H103,2025-02,Competitor_A,3,13
H103,2025-02,Competitor_B,3,10
H104,2025-02,Apexacare,8,42
H104,2025-02,Competitor_A,11,54
H104,2025-02,Competitor_B,10,44
H105,2025-02,Apexacare,17,60
H105,2025-02,Competitor_A,14,52
H105,2025-02,Competitor_B,14,48
H106,2025-02,Apexacare,6,33
H106,2025-02,Competitor_A,8,43
H106,2025-02,Competitor_B,9,36
H107,2025-02,Apexacare,5,23
H107,2025-02,Competitor_A,5,22
H107,2025-02,Competitor_B,5,18
H108,2025-02,Apexacare,6,31
H108,2025-02,Competitor_A,6,28
H108,2025-02,Competitor_B,5,21
H109,2025-02,Apexacare,19,66
H109,2025-02,Competitor_A,17,61
H109,2025-02,Competitor_B,15,49
H110,2025-02,Apexacare,16,60
H110,2025-02,Competitor_A,6,22
H110,2025-02,Competitor_B,6,23
H111,2025-02,Apexacare,11,43
H111,2025-02,Competitor_A,13,50
H111,2025-02,Competitor_B,12,40
H112,2025-02,Apexacare,11,41
H112,2025-02,Competitor_A,7,26
H112,2025-02,Competitor_B,6,21
H113,2025-02,Apexacare,1,5
H113,2025-02,Competitor_A,1,7
H113,2025-02,Competitor_B,3,8
H114,2025-02,Apexacare,7,34
H114,2025-02,Competitor_A,10,50
H114,2025-02,Competitor_B,10,44
H115,2025-02,Apexacare,7,34
H115,2025-02,Competitor_A,6,29
H115,2025-02,Competitor_B,6,27
H116,2025-02,Apexacare,24,105
H116,2025-02,Competitor_A,14,60
H116,2025-02,Competitor_B,14,55
H117,2025-02,Apexacare,2,10
H117,2025-02,Competitor_A,4,17
H117,2025-02,Competitor_B,5,13
H118,2025-02,Apexacare,15,55
H118,2025-02,Competitor_A,15,53
H118,2025-02,Competitor_B,16,52
H119,2025-02,Apexacare,8,41
H119,2025-02,Competitor_A,9,50
H119,2025-02,Competitor_B,8,37
H120,2025-02,Apexacare,15,68
H120,2025-02,Competitor_A,14,62
H120,2025-02,Competitor_B,12,50
H121,2025-02,Apexacare,17,60
H121,2025-02,Competitor_A,18,65
H121,2025-02,Competitor_B,17,55
H122,2025-02,Apexacare,9,42
H122,2025-02,Competitor_A,13,61
H122,2025-02,Competitor_B,11,44
H123,2025-02,Apexacare,6,29
H123,2025-02,Competitor_A,6,32
H123,2025-02,Competitor_B,7,29
H124,2025-02,Apexacare,6,32
H124,2025-02,Competitor_A,7,35
H124,2025-02,Competitor_B,7,29
H125,2025-02,Apexacare,12,51
H125,2025-02,Competitor_A,9,38
H125,2025-02,Competitor_B,10,39
H126,2025-02,Apexacare,6,22
H126,2025-02,Competitor_A,6,24
H126,2025-02,Competitor_B,7,22
H127,2025-02,Apexacare,18,81
H127,2025-02,Competitor_A,7,34
H127,2025-02,Competitor_B,8,32
H128,2025-02,Apexacare,4,18
H128,2025-02,Competitor_A,8,33
H128,2025-02,Competitor_B,8,29
H129,2025-02,Apexacare,10,39
H129,2025-02,Competitor_A,10,36
H129,2025-02,Competitor_B,9,30
H130,2025-02,Apexacare,13,57
H130,2025-02,Competitor_A,5,23
H130,2025-02,Competitor_B,5,20
H131,2025-02,Apexacare,1,8
H131,2025-02,Competitor_A,3,16
H131,2025-02,Competitor_B,4,14
H132,2025-02,Apexacare,12,55
H132,2025-02,Competitor_A,6,26
H132,2025-02,Competitor_B,6,24
H133,2025-02,Apexacare,7,32
H133,2025-02,Competitor_A,6,27
H133,2025-02,Competitor_B,5,21
H134,2025-02,Apexacare,7,30
H134,2025-02,Competitor_A,7,30
H134,2025-02,Competitor_B,8,30
H135,2025-02,Apexacare,2,12
H135,2025-02,Competitor_A,2,9
H135,2025-02,Competitor_B,3,9
H136,2025-02,Apexacare,10,38
H136,2025-02,Competitor_A,9,34
H136,2025-02,Competitor_B,9,33
H137,2025-02,Apexacare,12,53
H137,2025-02,Competitor_A,18,80
H137,2025-02,Competitor_B,14,56
H138,2025-02,Apexacare,18,73
H138,2025-02,Competitor_A,7,31
H138,2025-02,Competitor_B,9,31
H139,2025-02,Apexacare,12,42
H139,2025-02,Competitor_A,10,37
H139,2025-02,Competitor_B,11,35
H140,2025-02,Apexacare,7,30
H140,2025-02,Competitor_A,6,30
H140,2025-02,Competitor_B,7,28
H141,2025-02,Apexacare,18,73
H141,2025-02,Competitor_A,16,64
H141,2025-02,Competitor_B,13,52
H142,2025-02,Apexacare,6,27
H142,2025-02,Competitor_A,10,41
H142,2025-02,Competitor_B,9,34
H143,2025-02,Apexacare,11,56
H143,2025-02,Competitor_A,11,58
H143,2025-02,Competitor_B,10,46
H144,2025-02,Apexacare,12,42
H144,2025-02,Competitor_A,12,41
H144,2025-02,Competitor_B,11,37
H145,2025-02,Apexacare,1,7
H145,2025-02,Competitor_A,1,5
H145,2025-02,Competitor_B,2,5
H146,2025-02,Apexacare,15,52
H146,2025-02,Competitor_A,10,35
H146,2025-02,Competitor_B,8,25
H147,2025-02,Apexacare,5,19
H147,2025-02,Competitor_A,4,15
H147,2025-02,Competitor_B,3,11
H148,2025-02,Apexacare,8,29
H148,2025-02,Competitor_A,5,19
H148,2025-02,Competitor_B,5,15
H149,2025-02,Apexacare,1,5
H149,2025-02,Competitor_A,1,4
H149,2025-02,Competitor_B,2,6
H150,2025-02,Apexacare,13,56
H150,2025-02,Competitor_A,9,39
H150,2025-02,Competitor_B,7,31
H151,2025-02,Apexacare,11,55
H151,2025-02,Competitor_A,5,28
H151,2025-02,Competitor_B,7,29
H152,2025-02,Apexacare,8,43
H152,2025-02,Competitor_A,6,31
H152,2025-02,Competitor_B,6,28
H153,2025-02,Apexacare,10,42
H153,2025-02,Competitor_A,7,30
H153,2025-02,Competitor_B,7,23
H154,2025-02,Apexacare,10,42
H154,2025-02,Competitor_A,4,16
H154,2025-02,Competitor_B,5,17
H155,2025-02,Apexacare,6,34
H155,2025-02,Competitor_A,5,28
H155,2025-02,Competitor_B,7,28
H156,2025-02,Apexacare,8,37
H156,2025-02,Competitor_A,11,45
H156,2025-02,Competitor_B,10,38
H157,2025-02,Apexacare,4,17
H157,2025-02,Competitor_A,3,13
H157,2025-02,Competitor_B,4,12
H158,2025-02,Apexacare,17,62
H158,2025-02,Competitor_A,10,37
H158,2025-02,Competitor_B,9,27
H159,2025-02,Apexacare,8,32
H159,2025-02,Competitor_A,7,29
H159,2025-02,Competitor_B,7,24
H160,2025-02,Apexacare,9,33
H160,2025-02,Competitor_A,11,43
H160,2025-02,Competitor_B,10,36
H161,2025-02,Apexacare,13,49
H161,2025-02,Competitor_A,16,60
H161,2025-02,Competitor_B,15,53
H162,2025-02,Apexacare,1,10
H162,2025-02,Competitor_A,1,6
H162,2025-02,Competitor_B,2,6
H163,2025-02,Apexacare,6,22
H163,2025-02,Competitor_A,3,13
H163,2025-02,Competitor_B,4,13
H164,2025-02,Apexacare,7,30
H164,2025-02,Competitor_A,14,54
H164,2025-02,Competitor_B,12,42
H165,2025-02,Apexacare,15,70
H165,2025-02,Competitor_A,8,37
H165,2025-02,Competitor_B,7,26
H166,2025-02,Apexacare,5,20
H166,2025-02,Competitor_A,5,22
H166,2025-02,Competitor_B,5,18
H167,2025-02,Apexacare,16,59
H167,2025-02,Competitor_A,13,46
H167,2025-02,Competitor_B,14,47
H168,2025-02,Apexacare,13,59
H168,2025-02,Competitor_A,9,42
H168,2025-02,Competitor_B,9,35
H169,2025-02,Apexacare,3,12
H169,2025-02,Competitor_A,3,15
H169,2025-02,Competitor_B,5,15
H170,2025-02,Apexacare,12,48
H170,2025-02,Competitor_A,5,20
H170,2025-02,Competitor_B,5,17
H171,2025-02,Apexacare,8,32
H171,2025-02,Competitor_A,16,64
H171,2025-02,Competitor_B,15,54
H172,2025-02,Apexacare,13,52
H172,2025-02,Competitor_A,13,52
H172,2025-02,Competitor_B,9,36
H173,2025-02,Apexacare,8,31
H173,2025-02,Competitor_A,19,72
H173,2025-02,Competitor_B,15,49
H174,2025-02,Apexacare,12,55
H174,2025-02,Competitor_A,11,52
H174,2025-02,Competitor_B,10,40
H175,2025-02,Apexacare,12,53
H175,2025-02,Competitor_A,11,47
H175,2025-02,Competitor_B,10,40
H176,2025-02,Apexacare,13,47
H176,2025-02,Competitor_A,12,43
H176,2025-02,Competitor_B,12,38
H177,2025-02,Apexacare,1,5
H177,2025-02,Competitor_A,2,9
H177,2025-02,Competitor_B,3,8
H178,2025-02,Apexacare,9,36
H178,2025-02,Competitor_A,10,43
H178,2025-02,Competitor_B,11,40
H179,2025-02,Apexacare,15,57
H179,2025-02,Competitor_A,10,38
H179,2025-02,Competitor_B,11,38
H180,2025-02,Apexacare,11,56
H180,2025-02,Competitor_A,8,44
H180,2025-02,Competitor_B,7,32
H181,2025-02,Apexacare,9,38
H181,2025-02,Competitor_A,8,33
H181,2025-02,Competitor_B,8,31
H182,2025-02,Apexacare,23,80
H182,2025-02,Competitor_A,17,62
H182,2025-02,Competitor_B,14,47
H183,2025-02,Apexacare,5,20
H183,2025-02,Competitor_A,3,13
H183,2025-02,Competitor_B,3,12
H184,2025-02,Apexacare,19,69
H184,2025-02,Competitor_A,9,32
H184,2025-02,Competitor_B,9,31
H185,2025-02,Apexacare,12,44
H185,2025-02,Competitor_A,10,37
H185,2025-02,Competitor_B,9,31
H186,2025-02,Apexacare,7,26
H186,2025-02,Competitor_A,10,36
H186,2025-02,Competitor_B,11,34
H187,2025-02,Apexacare,13,47
H187,2025-02,Competitor_A,14,51
H187,2025-02,Competitor_B,11,35
H188,2025-02,Apexacare,8,33
H188,2025-02,Competitor_A,5,22
H188,2025-02,Competitor_B,7,21
H189,2025-02,Apexacare,5,23
H189,2025-02,Competitor_A,6,31
H189,2025-02,Competitor_B,6,22
H190,2025-02,Apexacare,13,52
H190,2025-02,Competitor_A,12,47
H190,2025-02,Competitor_B,13,45
H191,2025-02,Apexacare,9,35
H191,2025-02,Competitor_A,13,53
H191,2025-02,Competitor_B,14,52
H192,2025-02,Apexacare,12,47
H192,2025-02,Competitor_A,8,30
H192,2025-02,Competitor_B,9,31
H193,2025-02,Apexacare,7,37
H193,2025-02,Competitor_A,11,51
H193,2025-02,Competitor_B,9,38
H194,2025-02,Apexacare,8,31
H194,2025-02,Competitor_A,5,20
H194,2025-02,Competitor_B,5,17
H195,2025-02,Apexacare,13,54
H195,2025-02,Competitor_A,9,40
H195,2025-02,Competitor_B,9,32
H196,2025-02,Apexacare,8,29
H196,2025-02,Competitor_A,10,37
H196,2025-02,Competitor_B,9,30
H197,2025-02,Apexacare,3,14
H197,2025-02,Competitor_A,5,24
H197,2025-02,Competitor_B,6,25
H198,2025-02,Apexacare,10,39
H198,2025-02,Competitor_A,5,20
H198,2025-02,Competitor_B,4,16
H199,2025-02,Apexacare,5,18
H199,2025-02,Competitor_A,8,30
H199,2025-02,Competitor_B,8,24
H200,2025-02,Apexacare,7,36
H200,2025-02,Competitor_A,9,42
H200,2025-02,Competitor_B,8,34
H201,2025-02,Apexacare,1,7
H201,2025-02,Competitor_A,0,5
H201,2025-02,Competitor_B,2,5
H202,2025-02,Apexacare,5,23
H202,2025-02,Competitor_A,6,27
H202,2025-02,Competitor_B,7,25
H203,2025-02,Apexacare,10,49
H203,2025-02,Competitor_A,7,32
H203,2025-02,Competitor_B,7,31
H204,2025-02,Apexacare,6,27
H204,2025-02,Competitor_A,9,38
H204,2025-02,Competitor_B,8,31
H205,2025-02,Apexacare,13,65
H205,2025-02,Competitor_A,11,58
H205,2025-02,Competitor_B,11,53
H206,2025-02,Apexacare,17,59
H206,2025-02,Competitor_A,12,44
H206,2025-02,Competitor_B,10,30
H207,2025-02,Apexacare,6,28
H207,2025-02,Competitor_A,6,30
H207,2025-02,Competitor_B,5,22
H208,2025-02,Apexacare,6,33
H208,2025-02,Competitor_A,3,17
H208,2025-02,Competitor_B,3,13
H209,2025-02,Apexacare,16,56
H209,2025-02,Competitor_A,8,30
H209,2025-02,Competitor_B,7,22
H210,2025-02,Apexacare,5,22
H210,2025-02,Competitor_A,5,22
H210,2025-02,Competitor_B,4,16
H211,2025-02,Apexacare,16,59
H211,2025-02,Competitor_A,9,32
H211,2025-02,Competitor_B,7,23
H212,2025-02,Apexacare,16,60
H212,2025-02,Competitor_A,16,63
H212,2025-02,Competitor_B,16,57
H213,2025-02,Apexacare,6,25
H213,2025-02,Competitor_A,5,24
H213,2025-02,Competitor_B,5,19
H214,2025-02,Apexacare,4,26
H214,2025-02,Competitor_A,2,12
H214,2025-02,Competitor_B,3,10
H215,2025-02,Apexacare,4,24
H215,2025-02,Competitor_A,2,13
H215,2025-02,Competitor_B,3,11
H216,2025-02,Apexacare,18,62
H216,2025-02,Competitor_A,8,29
H216,2025-02,Competitor_B,8,23
H217,2025-02,Apexacare,6,21
H217,2025-02,Competitor_A,3,11
H217,2025-02,Competitor_B,3,10
H218,2025-02,Apexacare,13,49
H218,2025-02,Competitor_A,18,67
H218,2025-02,Competitor_B,15,55
H219,2025-02,Apexacare,8,30
H219,2025-02,Competitor_A,20,69
H219,2025-02,Competitor_B,17,53
H220,2025-02,Apexacare,2,9
H220,2025-02,Competitor_A,1,7
H220,2025-02,Competitor_B,2,6
H221,2025-02,Apexacare,12,51
H221,2025-02,Competitor_A,11,47
H221,2025-02,Competitor_B,9,34
H222,2025-02,Apexacare,12,62
H222,2025-02,Competitor_A,9,47
H222,2025-02,Competitor_B,10,41
H223,2025-02,Apexacare,14,63
H223,2025-02,Competitor_A,15,70
H223,2025-02,Competitor_B,15,65
H224,2025-02,Apexacare,4,18
H224,2025-02,Competitor_A,2,8
H224,2025-02,Competitor_B,3,10
H225,2025-02,Apexacare,13,51
H225,2025-02,Competitor_A,11,46
H225,2025-02,Competitor_B,10,36
H226,2025-02,Apexacare,5,19
H226,2025-02,Competitor_A,7,25
H226,2025-02,Competitor_B,7,22
H227,2025-02,Apexacare,13,64
H227,2025-02,Competitor_A,11,52
H227,2025-02,Competitor_B,10,46
H228,2025-02,Apexacare,10,45
H228,2025-02,Competitor_A,4,19
H228,2025-02,Competitor_B,6,20
H229,2025-02,Apexacare,4,15
H229,2025-02,Competitor_A,9,31
H229,2025-02,Competitor_B,9,29
H230,2025-02,Apexacare,9,43
H230,2025-02,Competitor_A,10,49
H230,2025-02,Competitor_B,9,41
H231,2025-02,Apexacare,7,30
H231,2025-02,Competitor_A,6,25
H231,2025-02,Competitor_B,7,25
H232,2025-02,Apexacare,13,62
H232,2025-02,Competitor_A,10,48
H232,2025-02,Competitor_B,10,44
H233,2025-02,Apexacare,13,51
H233,2025-02,Competitor_A,9,36
H233,2025-02,Competitor_B,8,27
H234,2025-02,Apexacare,25,114
H234,2025-02,Competitor_A,12,55
H234,2025-02,Competitor_B,11,51
H235,2025-02,Apexacare,20,69
H235,2025-02,Competitor_A,11,39
H235,2025-02,Competitor_B,9,28
H236,2025-02,Apexacare,6,23
H236,2025-02,Competitor_A,5,20
H236,2025-02,Competitor_B,5,17
H237,2025-02,Apexacare,9,41
H237,2025-02,Competitor_A,4,19
H237,2025-02,Competitor_B,4,16
H238,2025-02,Apexacare,5,19
H238,2025-02,Competitor_A,4,18
H238,2025-02,Competitor_B,5,17
H239,2025-02,Apexacare,8,36
H239,2025-02,Competitor_A,9,38
H239,2025-02,Competitor_B,9,38
H240,2025-02,Apexacare,1,5
H240,2025-02,Competitor_A,1,5
H240,2025-02,Competitor_B,2,5
H241,2025-02,Apexacare,8,31
H241,2025-02,Competitor_A,7,27
H241,2025-02,Competitor_B,7,26
H242,2025-02,Apexacare,4,17
H242,2025-02,Competitor_A,3,15
H242,2025-02,Competitor_B,3,12
H243,2025-02,Apexacare,8,36
H243,2025-02,Competitor_A,4,18
H243,2025-02,Competitor_B,4,14
H244,2025-02,Apexacare,12,42
H244,2025-02,Competitor_A,14,49
H244,2025-02,Competitor_B,14,49
H245,2025-02,Apexacare,4,16
H245,2025-02,Competitor_A,5,20
H245,2025-02,Competitor_B,6,18
H246,2025-02,Apexacare,6,31
H246,2025-02,Competitor_A,5,27
H246,2025-02,Competitor_B,6,22
H247,2025-02,Apexacare,8,39
H247,2025-02,Competitor_A,4,21
H247,2025-02,Competitor_B,4,16
H248,2025-02,Apexacare,5,21
H248,2025-02,Competitor_A,4,15
H248,2025-02,Competitor_B,4,12
H249,2025-02,Apexacare,9,44
H249,2025-02,Competitor_A,11,53
H249,2025-02,Competitor_B,9,39
H250,2025-02,Apexacare,5,28
H250,2025-02,Competitor_A,5,27
H250,2025-02,Competitor_B,5,21
H251,2025-02,Apexacare,20,76
H251,2025-02,Competitor_A,10,37
H251,2025-02,Competitor_B,7,27
H252,2025-02,Apexacare,18,74
H252,2025-02,Competitor_A,15,62
H252,2025-02,Competitor_B,15,53
H253,2025-02,Apexacare,8,27
H253,2025-02,Competitor_A,10,37
H253,2025-02,Competitor_B,10,32
H254,2025-02,Apexacare,2,10
H254,2025-02,Competitor_A,1,4
H254,2025-02,Competitor_B,2,5
H255,2025-02,Apexacare,7,24
H255,2025-02,Competitor_A,13,44
H255,2025-02,Competitor_B,11,37
H256,2025-02,Apexacare,2,11
H256,2025-02,Competitor_A,2,13
H256,2025-02,Competitor_B,4,12
H257,2025-02,Apexacare,10,41
H257,2025-02,Competitor_A,10,40
H257,2025-02,Competitor_B,11,39
H258,2025-02,Apexacare,12,56
H258,2025-02,Competitor_A,10,51
H258,2025-02,Competitor_B,12,53
H259,2025-02,Apexacare,11,45
H259,2025-02,Competitor_A,9,38
H259,2025-02,Competitor_B,8,29
H260,2025-02,Apexacare,1,9
H260,2025-02,Competitor_A,1,5
H260,2025-02,Competitor_B,2,5
H261,2025-02,Apexacare,6,27
H261,2025-02,Competitor_A,8,39
H261,2025-02,Competitor_B,7,30
H262,2025-02,Apexacare,3,15
H262,2025-02,Competitor_A,3,15
H262,2025-02,Competitor_B,3,15
H263,2025-02,Apexacare,10,48
H263,2025-02,Competitor_A,8,42
H263,2025-02,Competitor_B,8,36
H264,2025-02,Apexacare,2,10
H264,2025-02,Competitor_A,3,11
H264,2025-02,Competitor_B,3,9
H265,2025-02,Apexacare,9,35
H265,2025-02,Competitor_A,8,33
H265,2025-02,Competitor_B,8,27
H266,2025-02,Apexacare,11,55
H266,2025-02,Competitor_A,17,83
H266,2025-02,Competitor_B,14,60
H267,2025-02,Apexacare,17,73
H267,2025-02,Competitor_A,10,41
H267,2025-02,Competitor_B,10,40
H268,2025-02,Apexacare,21,84
H268,2025-02,Competitor_A,12,48
H268,2025-02,Competitor_B,14,48
H269,2025-02,Apexacare,7,25
H269,2025-02,Competitor_A,12,46
H269,2025-02,Competitor_B,13,43
H270,2025-02,Apexacare,9,38
H270,2025-02,Competitor_A,6,27
H270,2025-02,Competitor_B,7,25
H271,2025-02,Apexacare,24,94
H271,2025-02,Competitor_A,16,61
H271,2025-02,Competitor_B,15,55
H272,2025-02,Apexacare,14,59
H272,2025-02,Competitor_A,9,39
H272,2025-02,Competitor_B,9,34
H273,2025-02,Apexacare,9,35
H273,2025-02,Competitor_A,11,44
H273,2025-02,Competitor_B,10,33
H274,2025-02,Apexacare,5,26
H274,2025-02,Competitor_A,7,36
H274,2025-02,Competitor_B,7,28
H275,2025-02,Apexacare,11,44
H275,2025-02,Competitor_A,8,31
H275,2025-02,Competitor_B,8,30
H276,2025-02,Apexacare,6,33
H276,2025-02,Competitor_A,9,46
H276,2025-02,Competitor_B,8,33
H277,2025-02,Apexacare,6,27
H277,2025-02,Competitor_A,7,33
H277,2025-02,Competitor_B,7,28
H278,2025-02,Apexacare,10,49
H278,2025-02,Competitor_A,4,20
H278,2025-02,Competitor_B,4,19
H279,2025-02,Apexacare,7,33
H279,2025-02,Competitor_A,7,31
H279,2025-02,Competitor_B,8,32
H280,2025-02,Apexacare,10,47
H280,2025-02,Competitor_A,9,45
H280,2025-02,Competitor_B,8,34
H281,2025-02,Apexacare,7,32
H281,2025-02,Competitor_A,9,40
H281,2025-02,Competitor_B,10,40
H282,2025-02,Apexacare,2,10
H282,2025-02,Competitor_A,1,6
H282,2025-02,Competitor_B,2,6
H283,2025-02,Apexacare,5,30
H283,2025-02,Competitor_A,3,17
H283,2025-02,Competitor_B,4,17
H284,2025-02,Apexacare,3,13
H284,2025-02,Competitor_A,2,11
H284,2025-02,Competitor_B,3,10
H285,2025-02,Apexacare,6,28
H285,2025-02,Competitor_A,10,46
H285,2025-02,Competitor_B,10,38
H286,2025-02,Apexacare,14,70
H286,2025-02,Competitor_A,14,69
H286,2025-02,Competitor_B,12,50
H287,2025-02,Apexacare,16,56
H287,2025-02,Competitor_A,11,38
H287,2025-02,Competitor_B,10,32
H288,2025-02,Apexacare,6,26
H288,2025-02,Competitor_A,9,39
H288,2025-02,Competitor_B,9,37
H289,2025-02,Apexacare,11,45
H289,2025-02,Competitor_A,10,41
H289,2025-02,Competitor_B,9,34
H290,2025-02,Apexacare,5,23
H290,2025-02,Competitor_A,4,18
H290,2025-02,Competitor_B,4,13
H291,2025-02,Apexacare,9,46
H291,2025-02,Competitor_A,10,55
H291,2025-02,Competitor_B,11,51
H292,2025-02,Apexacare,4,19
H292,2025-02,Competitor_A,1,8
H292,2025-02,Competitor_B,3,9
H293,2025-02,Apexacare,15,55
H293,2025-02,Competitor_A,12,43
H293,2025-02,Competitor_B,11,37
H294,2025-02,Apexacare,15,58
H294,2025-02,Competitor_A,9,36
H294,2025-02,Competitor_B,11,34
H295,2025-02,Apexacare,5,24
H295,2025-02,Competitor_A,5,24
H295,2025-02,Competitor_B,5,20
H296,2025-02,Apexacare,8,39
H296,2025-02,Competitor_A,8,39
H296,2025-02,Competitor_B,7,27
H297,2025-02,Apexacare,7,27
H297,2025-02,Competitor_A,11,39
H297,2025-02,Competitor_B,9,30
H298,2025-02,Apexacare,20,75
H298,2025-02,Competitor_A,7,28
H298,2025-02,Competitor_B,9,29
H299,2025-02,Apexacare,11,40
H299,2025-02,Competitor_A,13,50
H299,2025-02,Competitor_B,10,36
H300,2025-02,Apexacare,7,26
H300,2025-02,Competitor_A,11,41
H300,2025-02,Competitor_B,9,29
H301,2025-02,Apexacare,4,17
H301,2025-02,Competitor_A,4,16
H301,2025-02,Competitor_B,4,15
H302,2025-02,Apexacare,11,47
H302,2025-02,Competitor_A,14,58
H302,2025-02,Competitor_B,11,42
H303,2025-02,Apexacare,21,98
H303,2025-02,Competitor_A,9,44
H303,2025-02,Competitor_B,8,34
H304,2025-02,Apexacare,13,54
H304,2025-02,Competitor_A,11,45
H304,2025-02,Competitor_B,12,45
H305,2025-02,Apexacare,9,49
H305,2025-02,Competitor_A,8,45
H305,2025-02,Competitor_B,8,34
H306,2025-02,Apexacare,9,49
H306,2025-02,Competitor_A,6,33
H306,2025-02,Competitor_B,6,23
H307,2025-02,Apexacare,13,62
H307,2025-02,Competitor_A,13,62
H307,2025-02,Competitor_B,11,46
H308,2025-02,Apexacare,2,10
H308,2025-02,Competitor_A,1,7
H308,2025-02,Competitor_B,2,5
H309,2025-02,Apexacare,9,39
H309,2025-02,Competitor_A,13,54
H309,2025-02,Competitor_B,12,47
H310,2025-02,Apexacare,10,37
H310,2025-02,Competitor_A,10,37
H310,2025-02,Competitor_B,8,28
H311,2025-02,Apexacare,9,39
H311,2025-02,Competitor_A,9,38
H311,2025-02,Competitor_B,8,31
H312,2025-02,Apexacare,9,35
H312,2025-02,Competitor_A,9,33
H312,2025-02,Competitor_B,9,27
H313,2025-02,Apexacare,3,15
H313,2025-02,Competitor_A,3,15
H313,2025-02,Competitor_B,4,15
H314,2025-02,Apexacare,12,63
H314,2025-02,Competitor_A,9,49
H314,2025-02,Competitor_B,9,38
H315,2025-02,Apexacare,13,58
H315,2025-02,Competitor_A,8,37
H315,2025-02,Competitor_B,9,31
H316,2025-02,Apexacare,13,50
H316,2025-02,Competitor_A,13,52
H316,2025-02,Competitor_B,12,42
H317,2025-02,Apexacare,16,70
H317,2025-02,Competitor_A,15,66
H317,2025-02,Competitor_B,13,53
H318,2025-02,Apexacare,5,24
H318,2025-02,Competitor_A,6,32
H318,2025-02,Competitor_B,6,24
H319,2025-02,Apexacare,13,52
H319,2025-02,Competitor_A,10,40
H319,2025-02,Competitor_B,10,36
H320,2025-02,Apexacare,1,5
H320,2025-02,Competitor_A,0,4
H320,2025-02,Competitor_B,2,6
H321,2025-02,Apexacare,15,57
H321,2025-02,Competitor_A,14,52
H321,2025-02,Competitor_B,12,45
H322,2025-02,Apexacare,10,45
H322,2025-02,Competitor_A,18,85
H322,2025-02,Competitor_B,14,60
H323,2025-02,Apexacare,3,18
H323,2025-02,Competitor_A,3,15
H323,2025-02,Competitor_B,3,11
H324,2025-02,Apexacare,11,51
H324,2025-02,Competitor_A,12,52
H324,2025-02,Competitor_B,10,41
H325,2025-02,Apexacare,13,48
H325,2025-02,Competitor_A,9,33
H325,2025-02,Competitor_B,7,24
H326,2025-02,Apexacare,1,5
H326,2025-02,Competitor_A,1,6
H326,2025-02,Competitor_B,2,8
H327,2025-02,Apexacare,5,26
H327,2025-02,Competitor_A,4,20
H327,2025-02,Competitor_B,4,18
H328,2025-02,Apexacare,4,18
H328,2025-02,Competitor_A,5,21
H328,2025-02,Competitor_B,7,21
H329,2025-02,Apexacare,8,42
H329,2025-02,Competitor_A,10,49
H329,2025-02,Competitor_B,8,35
H330,2025-02,Apexacare,6,25
H330,2025-02,Competitor_A,4,20
H330,2025-02,Competitor_B,6,21
H331,2025-02,Apexacare,20,94
H331,2025-02,Competitor_A,9,43
H331,2025-02,Competitor_B,10,43
H332,2025-02,Apexacare,5,23
H332,2025-02,Competitor_A,5,25
H332,2025-02,Competitor_B,5,20
H333,2025-02,Apexacare,3,18
H333,2025-02,Competitor_A,3,18
H333,2025-02,Competitor_B,5,18
H334,2025-02,Apexacare,6,26
H334,2025-02,Competitor_A,4,18
H334,2025-02,Competitor_B,5,16
H335,2025-02,Apexacare,2,7
H335,2025-02,Competitor_A,1,5
H335,2025-02,Competitor_B,2,6
H336,2025-02,Apexacare,14,54
H336,2025-02,Competitor_A,12,49
H336,2025-02,Competitor_B,10,37
H337,2025-02,Apexacare,11,43
H337,2025-02,Competitor_A,7,30
H337,2025-02,Competitor_B,8,29
H338,2025-02,Apexacare,10,41
H338,2025-02,Competitor_A,10,41
H338,2025-02,Competitor_B,9,37
H339,2025-02,Apexacare,10,44
H339,2025-02,Competitor_A,10,44
H339,2025-02,Competitor_B,10,38
H340,2025-02,Apexacare,9,44
H340,2025-02,Competitor_A,8,40
H340,2025-02,Competitor_B,8,36
H341,2025-02,Apexacare,17,61
H341,2025-02,Competitor_A,7,25
H341,2025-02,Competitor_B,7,24
H342,2025-02,Apexacare,6,26
H342,2025-02,Competitor_A,4,20
H342,2025-02,Competitor_B,5,18
H343,2025-02,Apexacare,6,30
H343,2025-02,Competitor_A,8,43
H343,2025-02,Competitor_B,7,32
H344,2025-02,Apexacare,7,33
H344,2025-02,Competitor_A,6,27
H344,2025-02,Competitor_B,6,24
H345,2025-02,Apexacare,10,50
H345,2025-02,Competitor_A,9,47
H345,2025-02,Competitor_B,8,36
H346,2025-02,Apexacare,10,38
H346,2025-02,Competitor_A,8,30
H346,2025-02,Competitor_B,6,22
H347,2025-02,Apexacare,13,58
H347,2025-02,Competitor_A,11,48
H347,2025-02,Competitor_B,9,38
H348,2025-02,Apexacare,19,71
H348,2025-02,Competitor_A,9,32
H348,2025-02,Competitor_B,7,23
H349,2025-02,Apexacare,15,63
H349,2025-02,Competitor_A,10,42
H349,2025-02,Competitor_B,11,39
H350,2025-02,Apexacare,13,65
H350,2025-02,Competitor_A,10,50
H350,2025-02,Competitor_B,9,37
H351,2025-02,Apexacare,8,29
H351,2025-02,Competitor_A,8,28
H351,2025-02,Competitor_B,7,23
H352,2025-02,Apexacare,11,40
H352,2025-02,Competitor_A,11,39
H352,2025-02,Competitor_B,9,33
H353,2025-02,Apexacare,6,25
H353,2025-02,Competitor_A,12,50
H353,2025-02,Competitor_B,12,44
H354,2025-02,Apexacare,11,45
H354,2025-02,Competitor_A,11,47
H354,2025-02,Competitor_B,12,48
H355,2025-02,Apexacare,11,46
H355,2025-02,Competitor_A,11,47
H355,2025-02,Competitor_B,10,40
H356,2025-02,Apexacare,14,48
H356,2025-02,Competitor_A,12,41
H356,2025-02,Competitor_B,9,31
H357,2025-02,Apexacare,7,39
H357,2025-02,Competitor_A,15,80
H357,2025-02,Competitor_B,13,57
H358,2025-02,Apexacare,8,39
H358,2025-02,Competitor_A,3,15
H358,2025-02,Competitor_B,4,14
H359,2025-02,Apexacare,4,19
H359,2025-02,Competitor_A,4,19
H359,2025-02,Competitor_B,4,16
H360,2025-02,Apexacare,10,50
H360,2025-02,Competitor_A,7,38
H360,2025-02,Competitor_B,7,32
H361,2025-02,Apexacare,4,22
H361,2025-02,Competitor_A,10,49
H361,2025-02,Competitor_B,8,37
H362,2025-02,Apexacare,17,67
H362,2025-02,Competitor_A,16,63
H362,2025-02,Competitor_B,12,46
H363,2025-02,Apexacare,22,76
H363,2025-02,Competitor_A,16,56
H363,2025-02,Competitor_B,13,44
H364,2025-02,Apexacare,17,72
H364,2025-02,Competitor_A,10,43
H364,2025-02,Competitor_B,9,37
H365,2025-02,Apexacare,9,37
H365,2025-02,Competitor_A,8,33
H365,2025-02,Competitor_B,7,25
H366,2025-02,Apexacare,3,17
H366,2025-02,Competitor_A,2,11
H366,2025-02,Competitor_B,2,10
H367,2025-02,Apexacare,3,15
H367,2025-02,Competitor_A,6,30
H367,2025-02,Competitor_B,6,27
H368,2025-02,Apexacare,12,49
H368,2025-02,Competitor_A,10,43
H368,2025-02,Competitor_B,9,34
H369,2025-02,Apexacare,23,82
H369,2025-02,Competitor_A,14,52
H369,2025-02,Competitor_B,13,42
H370,2025-02,Apexacare,1,7
H370,2025-02,Competitor_A,2,12
H370,2025-02,Competitor_B,4,11
H371,2025-02,Apexacare,10,37
H371,2025-02,Competitor_A,7,26
H371,2025-02,Competitor_B,8,25
H372,2025-02,Apexacare,11,43
H372,2025-02,Competitor_A,4,17
H372,2025-02,Competitor_B,5,15
H373,2025-02,Apexacare,3,19
H373,2025-02,Competitor_A,4,23
H373,2025-02,Competitor_B,6,22
H374,2025-02,Apexacare,16,56
H374,2025-02,Competitor_A,13,46
H374,2025-02,Competitor_B,12,38
H375,2025-02,Apexacare,15,58
H375,2025-02,Competitor_A,11,43
H375,2025-02,Competitor_B,10,39
H376,2025-02,Apexacare,12,42
H376,2025-02,Competitor_A,9,32
H376,2025-02,Competitor_B,9,31
H377,2025-02,Apexacare,6,30
H377,2025-02,Competitor_A,5,27
H377,2025-02,Competitor_B,5,23
H378,2025-02,Apexacare,6,33
H378,2025-02,Competitor_A,11,54
H378,2025-02,Competitor_B,11,46
H379,2025-02,Apexacare,6,23
H379,2025-02,Competitor_A,9,35
H379,2025-02,Competitor_B,9,32
H380,2025-02,Apexacare,2,14
H380,2025-02,Competitor_A,3,16
H380,2025-02,Competitor_B,4,15
H381,2025-02,Apexacare,6,30
H381,2025-02,Competitor_A,6,31
H381,2025-02,Competitor_B,5,24
H382,2025-02,Apexacare,2,11
H382,2025-02,Competitor_A,2,10
H382,2025-02,Competitor_B,3,9
H383,2025-02,Apexacare,2,10
H383,2025-02,Competitor_A,5,21
H383,2025-02,Competitor_B,5,17
H384,2025-02,Apexacare,7,38
H384,2025-02,Competitor_A,8,42
H384,2025-02,Competitor_B,8,32
H385,2025-02,Apexacare,11,51
H385,2025-02,Competitor_A,15,64
H385,2025-02,Competitor_B,16,65
H386,2025-02,Apexacare,15,58
H386,2025-02,Competitor_A,13,54
H386,2025-02,Competitor_B,13,48
H387,2025-02,Apexacare,9,41
H387,2025-02,Competitor_A,8,39
H387,2025-02,Competitor_B,7,30
H388,2025-02,Apexacare,15,56
H388,2025-02,Competitor_A,7,28
H388,2025-02,Competitor_B,8,24
H389,2025-02,Apexacare,13,55
H389,2025-02,Competitor_A,18,77
H389,2025-02,Competitor_B,14,58
H390,2025-02,Apexacare,11,49
H390,2025-02,Competitor_A,5,23
H390,2025-02,Competitor_B,5,18
H391,2025-02,Apexacare,8,41
H391,2025-02,Competitor_A,15,75
H391,2025-02,Competitor_B,12,54
H392,2025-02,Apexacare,1,8
H392,2025-02,Competitor_A,2,11
H392,2025-02,Competitor_B,4,11
H393,2025-02,Apexacare,8,35
H393,2025-02,Competitor_A,7,34
H393,2025-02,Competitor_B,7,27
H394,2025-02,Apexacare,9,36
H394,2025-02,Competitor_A,8,32
H394,2025-02,Competitor_B,7,27
H395,2025-02,Apexacare,14,70
H395,2025-02,Competitor_A,10,52
H395,2025-02,Competitor_B,9,38
H396,2025-02,Apexacare,10,41
H396,2025-02,Competitor_A,13,50
H396,2025-02,Competitor_B,13,45
H397,2025-02,Apexacare,5,25
H397,2025-02,Competitor_A,5,25
H397,2025-02,Competitor_B,5,22
H398,2025-02,Apexacare,10,41
H398,2025-02,Competitor_A,16,65
H398,2025-02,Competitor_B,17,64
H399,2025-02,Apexacare,10,40
H399,2025-02,Competitor_A,6,24
H399,2025-02,Competitor_B,6,21
H400,2025-02,Apexacare,9,43
H400,2025-02,Competitor_A,10,52
H400,2025-02,Competitor_B,11,49
H401,2025-02,Apexacare,21,81
H401,2025-02,Competitor_A,10,38
H401,2025-02,Competitor_B,10,33
H402,2025-02,Apexacare,7,36
H402,2025-02,Competitor_A,10,49
H402,2025-02,Competitor_B,8,34
H403,2025-02,Apexacare,2,15
H403,2025-02,Competitor_A,5,29
H403,2025-02,Competitor_B,7,28
H404,2025-02,Apexacare,11,54
H404,2025-02,Competitor_A,11,52
H404,2025-02,Competitor_B,11,46
H405,2025-02,Apexacare,7,28
H405,2025-02,Competitor_A,5,21
H405,2025-02,Competitor_B,6,23
H406,2025-02,Apexacare,11,51
H406,2025-02,Competitor_A,14,67
H406,2025-02,Competitor_B,12,52
H407,2025-02,Apexacare,7,33
H407,2025-02,Competitor_A,13,60
H407,2025-02,Competitor_B,10,43
H408,2025-02,Apexacare,15,75
H408,2025-02,Competitor_A,6,30
H408,2025-02,Competitor_B,6,30
H409,2025-02,Apexacare,7,37
H409,2025-02,Competitor_A,6,33
H409,2025-02,Competitor_B,6,25
H410,2025-02,Apexacare,15,62
H410,2025-02,Competitor_A,13,52
H410,2025-02,Competitor_B,10,40
H411,2025-02,Apexacare,4,17
H411,2025-02,Competitor_A,1,7
H411,2025-02,Competitor_B,3,8
H412,2025-02,Apexacare,10,51
H412,2025-02,Competitor_A,9,43
H412,2025-02,Competitor_B,9,38
H413,2025-02,Apexacare,12,46
H413,2025-02,Competitor_A,12,46
H413,2025-02,Competitor_B,11,40
H414,2025-02,Apexacare,12,45
H414,2025-02,Competitor_A,11,43
H414,2025-02,Competitor_B,11,38
H415,2025-02,Apexacare,11,51
H415,2025-02,Competitor_A,5,23
H415,2025-02,Competitor_B,5,16
H416,2025-02,Apexacare,0,4
H416,2025-02,Competitor_A,1,7
H416,2025-02,Competitor_B,3,6
H417,2025-02,Apexacare,14,51
H417,2025-02,Competitor_A,14,51
H417,2025-02,Competitor_B,12,42
H418,2025-02,Apexacare,9,34
H418,2025-02,Competitor_A,9,34
H418,2025-02,Competitor_B,8,28
H419,2025-02,Apexacare,3,14
H419,2025-02,Competitor_A,3,12
H419,2025-02,Competitor_B,4,12
H420,2025-02,Apexacare,11,42
H420,2025-02,Competitor_A,8,31
H420,2025-02,Competitor_B,8,27
H421,2025-02,Apexacare,6,34
H421,2025-02,Competitor_A,5,29
H421,2025-02,Competitor_B,7,27
H422,2025-02,Apexacare,3,16
H422,2025-02,Competitor_A,3,14
H422,2025-02,Competitor_B,4,12
H423,2025-02,Apexacare,17,64
H423,2025-02,Competitor_A,8,31
H423,2025-02,Competitor_B,8,24
H424,2025-02,Apexacare,14,60
H424,2025-02,Competitor_A,8,34
H424,2025-02,Competitor_B,7,25
H425,2025-02,Apexacare,12,47
H425,2025-02,Competitor_A,11,42
H425,2025-02,Competitor_B,8,30
H426,2025-02,Apexacare,12,51
H426,2025-02,Competitor_A,8,34
H426,2025-02,Competitor_B,7,27
H427,2025-02,Apexacare,9,50
H427,2025-02,Competitor_A,8,45
H427,2025-02,Competitor_B,9,37
H428,2025-02,Apexacare,13,65
H428,2025-02,Competitor_A,11,55
H428,2025-02,Competitor_B,10,48
H429,2025-02,Apexacare,19,81
H429,2025-02,Competitor_A,10,43
H429,2025-02,Competitor_B,8,30
H430,2025-02,Apexacare,10,43
H430,2025-02,Competitor_A,9,38
H430,2025-02,Competitor_B,11,39
H431,2025-02,Apexacare,11,46
H431,2025-02,Competitor_A,9,39
H431,2025-02,Competitor_B,9,35
H432,2025-02,Apexacare,10,40
H432,2025-02,Competitor_A,9,36
H432,2025-02,Competitor_B,10,34
H433,2025-02,Apexacare,7,32
H433,2025-02,Competitor_A,6,28
H433,2025-02,Competitor_B,8,30
H434,2025-02,Apexacare,7,33
H434,2025-02,Competitor_A,6,28
H434,2025-02,Competitor_B,7,29
H435,2025-02,Apexacare,8,33
H435,2025-02,Competitor_A,5,20
H435,2025-02,Competitor_B,5,19
H436,2025-02,Apexacare,10,45
H436,2025-02,Competitor_A,13,60
H436,2025-02,Competitor_B,10,42
H437,2025-02,Apexacare,16,79
H437,2025-02,Competitor_A,6,33
H437,2025-02,Competitor_B,7,32
H438,2025-02,Apexacare,3,15
H438,2025-02,Competitor_A,2,9
H438,2025-02,Competitor_B,3,8
H439,2025-02,Apexacare,10,37
H439,2025-02,Competitor_A,20,69
H439,2025-02,Competitor_B,16,54
H440,2025-02,Apexacare,8,33
H440,2025-02,Competitor_A,15,63
H440,2025-02,Competitor_B,15,58
H441,2025-02,Apexacare,7,29
H441,2025-02,Competitor_A,9,34
H441,2025-02,Competitor_B,8,27
H442,2025-02,Apexacare,14,51
H442,2025-02,Competitor_A,7,25
H442,2025-02,Competitor_B,8,24
H443,2025-02,Apexacare,9,43
H443,2025-02,Competitor_A,10,45
H443,2025-02,Competitor_B,8,32
H444,2025-02,Apexacare,17,68
H444,2025-02,Competitor_A,14,57
H444,2025-02,Competitor_B,12,43
H445,2025-02,Apexacare,15,52
H445,2025-02,Competitor_A,14,50
H445,2025-02,Competitor_B,12,38
H446,2025-02,Apexacare,13,47
H446,2025-02,Competitor_A,12,43
H446,2025-02,Competitor_B,10,36
H447,2025-02,Apexacare,11,54
H447,2025-02,Competitor_A,5,26
H447,2025-02,Competitor_B,7,25
H448,2025-02,Apexacare,3,18
H448,2025-02,Competitor_A,1,8
H448,2025-02,Competitor_B,3,10
H449,2025-02,Apexacare,6,29
H449,2025-02,Competitor_A,8,38
H449,2025-02,Competitor_B,8,33
H450,2025-02,Apexacare,6,27
H450,2025-02,Competitor_A,12,56
H450,2025-02,Competitor_B,12,50
H451,2025-02,Apexacare,7,38
H451,2025-02,Competitor_A,14,69
H451,2025-02,Competitor_B,15,69
H452,2025-02,Apexacare,5,25
H452,2025-02,Competitor_A,14,71
H452,2025-02,Competitor_B,11,48
H453,2025-02,Apexacare,10,35
H453,2025-02,Competitor_A,13,46
H453,2025-02,Competitor_B,11,39
H454,2025-02,Apexacare,8,33
H454,2025-02,Competitor_A,12,49
H454,2025-02,Competitor_B,9,37
H455,2025-02,Apexacare,1,7
H455,2025-02,Competitor_A,1,7
H455,2025-02,Competitor_B,3,6
H456,2025-02,Apexacare,13,64
H456,2025-02,Competitor_A,12,61
H456,2025-02,Competitor_B,9,43
H457,2025-02,Apexacare,8,33
H457,2025-02,Competitor_A,7,28
H457,2025-02,Competitor_B,6,24
H458,2025-02,Apexacare,7,25
H458,2025-02,Competitor_A,4,15
H458,2025-02,Competitor_B,4,14
H459,2025-02,Apexacare,2,12
H459,2025-02,Competitor_A,3,14
H459,2025-02,Competitor_B,4,16
H460,2025-02,Apexacare,16,70
H460,2025-02,Competitor_A,15,65
H460,2025-02,Competitor_B,12,45
H461,2025-02,Apexacare,7,38
H461,2025-02,Competitor_A,7,36
H461,2025-02,Competitor_B,7,28
H462,2025-02,Apexacare,10,46
H462,2025-02,Competitor_A,10,45
H462,2025-02,Competitor_B,8,35
H463,2025-02,Apexacare,14,49
H463,2025-02,Competitor_A,9,32
H463,2025-02,Competitor_B,7,24
H464,2025-02,Apexacare,9,46
H464,2025-02,Competitor_A,13,63
H464,2025-02,Competitor_B,10,44
H465,2025-02,Apexacare,13,61
H465,2025-02,Competitor_A,10,46
H465,2025-02,Competitor_B,10,46
H466,2025-02,Apexacare,16,60
H466,2025-02,Competitor_A,10,36
H466,2025-02,Competitor_B,9,32
H467,2025-02,Apexacare,4,18
H467,2025-02,Competitor_A,2,11
H467,2025-02,Competitor_B,3,9
H468,2025-02,Apexacare,10,40
H468,2025-02,Competitor_A,8,30
H468,2025-02,Competitor_B,8,26
H469,2025-02,Apexacare,8,33
H469,2025-02,Competitor_A,10,39
H469,2025-02,Competitor_B,11,38
H470,2025-02,Apexacare,2,9
H470,2025-02,Competitor_A,5,18
H470,2025-02,Competitor_B,5,15
H471,2025-02,Apexacare,6,27
H471,2025-02,Competitor_A,7,31
H471,2025-02,Competitor_B,5,22
H472,2025-02,Apexacare,7,27
H472,2025-02,Competitor_A,12,44
H472,2025-02,Competitor_B,14,43
H473,2025-02,Apexacare,1,5
H473,2025-02,Competitor_A,1,5
H473,2025-02,Competitor_B,1,5
H474,2025-02,Apexacare,16,60
H474,2025-02,Competitor_A,12,45
H474,2025-02,Competitor_B,10,35
H475,2025-02,Apexacare,13,45
H475,2025-02,Competitor_A,4,17
H475,2025-02,Competitor_B,6,18
H476,2025-02,Apexacare,7,33
H476,2025-02,Competitor_A,3,16
H476,2025-02,Competitor_B,4,14
H477,2025-02,Apexacare,6,30
H477,2025-02,Competitor_A,6,30
H477,2025-02,Competitor_B,8,30
H478,2025-02,Apexacare,20,90
H478,2025-02,Competitor_A,9,41
H478,2025-02,Competitor_B,7,29
H479,2025-02,Apexacare,12,41
H479,2025-02,Competitor_A,5,19
H479,2025-02,Competitor_B,6,20
H480,2025-02,Apexacare,9,44
H480,2025-02,Competitor_A,7,35
H480,2025-02,Competitor_B,8,35
H481,2025-02,Apexacare,6,23
H481,2025-02,Competitor_A,14,48
H481,2025-02,Competitor_B,15,49
H482,2025-02,Apexacare,16,75
H482,2025-02,Competitor_A,9,44
H482,2025-02,Competitor_B,9,34
H483,2025-02,Apexacare,1,8
H483,2025-02,Competitor_A,0,5
H483,2025-02,Competitor_B,2,5
H484,2025-02,Apexacare,5,21
H484,2025-02,Competitor_A,12,51
H484,2025-02,Competitor_B,11,40
H485,2025-02,Apexacare,4,16
H485,2025-02,Competitor_A,13,52
H485,2025-02,Competitor_B,9,37
H486,2025-02,Apexacare,2,12
H486,2025-02,Competitor_A,3,16
H486,2025-02,Competitor_B,4,16
H487,2025-02,Apexacare,9,40
H487,2025-02,Competitor_A,8,33
H487,2025-02,Competitor_B,7,27
H488,2025-02,Apexacare,10,39
H488,2025-02,Competitor_A,15,58
H488,2025-02,Competitor_B,15,50
H489,2025-02,Apexacare,8,38
H489,2025-02,Competitor_A,12,55
H489,2025-02,Competitor_B,12,51
H490,2025-02,Apexacare,9,43
H490,2025-02,Competitor_A,10,49
H490,2025-02,Competitor_B,9,36
H491,2025-02,Apexacare,14,59
H491,2025-02,Competitor_A,11,47
H491,2025-02,Competitor_B,8,34
H492,2025-02,Apexacare,6,22
H492,2025-02,Competitor_A,11,38
H492,2025-02,Competitor_B,9,30
H493,2025-02,Apexacare,5,23
H493,2025-02,Competitor_A,7,28
H493,2025-02,Competitor_B,8,29
H494,2025-02,Apexacare,3,15
H494,2025-02,Competitor_A,5,23
H494,2025-02,Competitor_B,5,19
H495,2025-02,Apexacare,1,6
H495,2025-02,Competitor_A,4,19
H495,2025-02,Competitor_B,5,19
H496,2025-02,Apexacare,15,54
H496,2025-02,Competitor_A,21,76
H496,2025-02,Competitor_B,17,59
H497,2025-02,Apexacare,19,69
H497,2025-02,Competitor_A,17,62
H497,2025-02,Competitor_B,17,59
H498,2025-02,Apexacare,4,16
H498,2025-02,Competitor_A,6,24
H498,2025-02,Competitor_B,6,23
H499,2025-02,Apexacare,8,39
H499,2025-02,Competitor_A,4,20
H499,2025-02,Competitor_B,6,21
H500,2025-02,Apexacare,7,28
H500,2025-02,Competitor_A,4,17
H500,2025-02,Competitor_B,5,15
H501,2025-02,Apexacare,2,11
H501,2025-02,Competitor_A,3,14
H501,2025-02,Competitor_B,5,15
H502,2025-02,Apexacare,9,34
H502,2025-02,Competitor_A,12,45
H502,2025-02,Competitor_B,11,40
H503,2025-02,Apexacare,6,28
H503,2025-02,Competitor_A,10,47
H503,2025-02,Competitor_B,10,39
H504,2025-02,Apexacare,7,32
H504,2025-02,Competitor_A,8,37
H504,2025-02,Competitor_B,8,36
H505,2025-02,Apexacare,5,21
H505,2025-02,Competitor_A,17,67
H505,2025-02,Competitor_B,19,66
H506,2025-02,Apexacare,3,14
H506,2025-02,Competitor_A,9,38
H506,2025-02,Competitor_B,9,33
H507,2025-02,Apexacare,6,22
H507,2025-02,Competitor_A,12,47
H507,2025-02,Competitor_B,10,36
H508,2025-02,Apexacare,7,27
H508,2025-02,Competitor_A,10,41
H508,2025-02,Competitor_B,10,34
H509,2025-02,Apexacare,8,34
H509,2025-02,Competitor_A,15,62
H509,2025-02,Competitor_B,15,56
H510,2025-02,Apexacare,6,26
H510,2025-02,Competitor_A,10,42
H510,2025-02,Competitor_B,9,32
H511,2025-02,Apexacare,7,28
H511,2025-02,Competitor_A,10,39
H511,2025-02,Competitor_B,9,29
H512,2025-02,Apexacare,17,65
H512,2025-02,Competitor_A,14,55
H512,2025-02,Competitor_B,14,48
H513,2025-02,Apexacare,14,69
H513,2025-02,Competitor_A,10,51
H513,2025-02,Competitor_B,9,42
H514,2025-02,Apexacare,4,17
H514,2025-02,Competitor_A,16,69
H514,2025-02,Competitor_B,13,54
H515,2025-02,Apexacare,4,16
H515,2025-02,Competitor_A,11,43
H515,2025-02,Competitor_B,8,31
H516,2025-02,Apexacare,4,21
H516,2025-02,Competitor_A,15,68
H516,2025-02,Competitor_B,12,47
H517,2025-02,Apexacare,7,28
H517,2025-02,Competitor_A,9,37
H517,2025-02,Competitor_B,8,31
H518,2025-02,Apexacare,5,25
H518,2025-02,Competitor_A,12,60
H518,2025-02,Competitor_B,11,48
H519,2025-02,Apexacare,14,49
H519,2025-02,Competitor_A,11,40
H519,2025-02,Competitor_B,12,37
H520,2025-02,Apexacare,3,13
H520,2025-02,Competitor_A,2,9
H520,2025-02,Competitor_B,3,8
H521,2025-02,Apexacare,21,83
H521,2025-02,Competitor_A,12,49
H521,2025-02,Competitor_B,10,39
H522,2025-02,Apexacare,8,43
H522,2025-02,Competitor_A,10,51
H522,2025-02,Competitor_B,11,46
H523,2025-02,Apexacare,2,11
H523,2025-02,Competitor_A,4,19
H523,2025-02,Competitor_B,5,15
H524,2025-02,Apexacare,8,43
H524,2025-02,Competitor_A,7,34
H524,2025-02,Competitor_B,6,25
H525,2025-02,Apexacare,9,38
H525,2025-02,Competitor_A,12,51
H525,2025-02,Competitor_B,12,44
H526,2025-02,Apexacare,11,49
H526,2025-02,Competitor_A,11,49
H526,2025-02,Competitor_B,11,46
H527,2025-02,Apexacare,12,44
H527,2025-02,Competitor_A,10,38
H527,2025-02,Competitor_B,11,38
H528,2025-02,Apexacare,2,10
H528,2025-02,Competitor_A,3,15
H528,2025-02,Competitor_B,3,15
H529,2025-02,Apexacare,3,14
H529,2025-02,Competitor_A,11,51
H529,2025-02,Competitor_B,10,40
H530,2025-02,Apexacare,6,23
H530,2025-02,Competitor_A,9,34
H530,2025-02,Competitor_B,9,33
H531,2025-02,Apexacare,4,20
H531,2025-02,Competitor_A,8,36
H531,2025-02,Competitor_B,9,32
H532,2025-02,Apexacare,6,26
H532,2025-02,Competitor_A,22,85
H532,2025-02,Competitor_B,21,79
H533,2025-02,Apexacare,1,5
H533,2025-02,Competitor_A,6,21
H533,2025-02,Competitor_B,6,19
H534,2025-02,Apexacare,10,54
H534,2025-02,Competitor_A,6,32
H534,2025-02,Competitor_B,6,26
H535,2025-02,Apexacare,8,33
H535,2025-02,Competitor_A,10,43
H535,2025-02,Competitor_B,9,34
H536,2025-02,Apexacare,4,22
H536,2025-02,Competitor_A,10,46
H536,2025-02,Competitor_B,9,37
H537,2025-02,Apexacare,9,44
H537,2025-02,Competitor_A,7,33
H537,2025-02,Competitor_B,6,28
H538,2025-02,Apexacare,8,42
H538,2025-02,Competitor_A,7,36
H538,2025-02,Competitor_B,7,30
H539,2025-02,Apexacare,4,19
H539,2025-02,Competitor_A,7,32
H539,2025-02,Competitor_B,9,34
H540,2025-02,Apexacare,7,35
H540,2025-02,Competitor_A,13,60
H540,2025-02,Competitor_B,11,45
H541,2025-02,Apexacare,7,27
H541,2025-02,Competitor_A,10,40
H541,2025-02,Competitor_B,11,38
H542,2025-02,Apexacare,0,2
H542,2025-02,Competitor_A,2,9
H542,2025-02,Competitor_B,3,10
H543,2025-02,Apexacare,12,51
H543,2025-02,Competitor_A,13,51
H543,2025-02,Competitor_B,13,48
H544,2025-02,Apexacare,10,43
H544,2025-02,Competitor_A,16,68
H544,2025-02,Competitor_B,17,65
H545,2025-02,Apexacare,17,66
H545,2025-02,Competitor_A,15,59
H545,2025-02,Competitor_B,16,55
H546,2025-02,Apexacare,8,37
H546,2025-02,Competitor_A,6,27
H546,2025-02,Competitor_B,5,20
H547,2025-02,Apexacare,10,40
H547,2025-02,Competitor_A,11,45
H547,2025-02,Competitor_B,11,41
H548,2025-02,Apexacare,5,19
H548,2025-02,Competitor_A,18,69
H548,2025-02,Competitor_B,15,56
H549,2025-02,Apexacare,3,14
H549,2025-02,Competitor_A,15,58
H549,2025-02,Competitor_B,14,47
H550,2025-02,Apexacare,10,38
H550,2025-02,Competitor_A,14,51
H550,2025-02,Competitor_B,16,51
H551,2025-02,Apexacare,2,9
H551,2025-02,Competitor_A,5,22
H551,2025-02,Competitor_B,6,23
H552,2025-02,Apexacare,12,49
H552,2025-02,Competitor_A,13,53
H552,2025-02,Competitor_B,10,38
H553,2025-02,Apexacare,4,23
H553,2025-02,Competitor_A,18,87
H553,2025-02,Competitor_B,17,79
H554,2025-02,Apexacare,1,6
H554,2025-02,Competitor_A,1,8
H554,2025-02,Competitor_B,2,8
H555,2025-02,Apexacare,6,29
H555,2025-02,Competitor_A,15,67
H555,2025-02,Competitor_B,12,51
H556,2025-02,Apexacare,11,41
H556,2025-02,Competitor_A,14,52
H556,2025-02,Competitor_B,13,40
H557,2025-02,Apexacare,10,39
H557,2025-02,Competitor_A,13,51
H557,2025-02,Competitor_B,10,38
H558,2025-02,Apexacare,3,13
H558,2025-02,Competitor_A,9,34
H558,2025-02,Competitor_B,11,33
H559,2025-02,Apexacare,9,34
H559,2025-02,Competitor_A,14,53
H559,2025-02,Competitor_B,12,45
H560,2025-02,Apexacare,4,22
H560,2025-02,Competitor_A,7,36
H560,2025-02,Competitor_B,8,32
H561,2025-02,Apexacare,13,50
H561,2025-02,Competitor_A,19,72
H561,2025-02,Competitor_B,20,68
H562,2025-02,Apexacare,6,23
H562,2025-02,Competitor_A,7,27
H562,2025-02,Competitor_B,8,22
H563,2025-02,Apexacare,5,28
H563,2025-02,Competitor_A,10,49
H563,2025-02,Competitor_B,8,37
H564,2025-02,Apexacare,7,30
H564,2025-02,Competitor_A,14,56
H564,2025-02,Competitor_B,11,42
H565,2025-02,Apexacare,2,10
H565,2025-02,Competitor_A,6,25
H565,2025-02,Competitor_B,6,22
H566,2025-02,Apexacare,9,43
H566,2025-02,Competitor_A,7,35
H566,2025-02,Competitor_B,8,34
H567,2025-02,Apexacare,4,22
H567,2025-02,Competitor_A,9,45
H567,2025-02,Competitor_B,8,35
H568,2025-02,Apexacare,15,63
H568,2025-02,Competitor_A,8,35
H568,2025-02,Competitor_B,9,30
H569,2025-02,Apexacare,4,16
H569,2025-02,Competitor_A,10,37
H569,2025-02,Competitor_B,9,31
H570,2025-02,Apexacare,4,24
H570,2025-02,Competitor_A,6,31
H570,2025-02,Competitor_B,6,25
H571,2025-02,Apexacare,1,6
H571,2025-02,Competitor_A,7,25
H571,2025-02,Competitor_B,7,23
H572,2025-02,Apexacare,12,59
H572,2025-02,Competitor_A,14,66
H572,2025-02,Competitor_B,13,55
H573,2025-02,Apexacare,14,52
H573,2025-02,Competitor_A,18,70
H573,2025-02,Competitor_B,19,67
H574,2025-02,Apexacare,4,19
H574,2025-02,Competitor_A,6,28
H574,2025-02,Competitor_B,7,28
H575,2025-02,Apexacare,5,21
H575,2025-02,Competitor_A,7,31
H575,2025-02,Competitor_B,6,23
H576,2025-02,Apexacare,3,13
H576,2025-02,Competitor_A,4,17
H576,2025-02,Competitor_B,5,14
H577,2025-02,Apexacare,8,39
H577,2025-02,Competitor_A,5,24
H577,2025-02,Competitor_B,5,22
H578,2025-02,Apexacare,12,44
H578,2025-02,Competitor_A,8,31
H578,2025-02,Competitor_B,9,30
H579,2025-02,Apexacare,3,16
H579,2025-02,Competitor_A,4,23
H579,2025-02,Competitor_B,5,18
H580,2025-02,Apexacare,15,70
H580,2025-02,Competitor_A,10,46
H580,2025-02,Competitor_B,10,46
H581,2025-02,Apexacare,11,50
H581,2025-02,Competitor_A,15,65
H581,2025-02,Competitor_B,13,53
H582,2025-02,Apexacare,7,35
H582,2025-02,Competitor_A,11,52
H582,2025-02,Competitor_B,10,39
H583,2025-02,Apexacare,10,36
H583,2025-02,Competitor_A,22,78
H583,2025-02,Competitor_B,19,66
H584,2025-02,Apexacare,7,30
H584,2025-02,Competitor_A,7,29
H584,2025-02,Competitor_B,9,29
H585,2025-02,Apexacare,11,46
H585,2025-02,Competitor_A,14,58
H585,2025-02,Competitor_B,14,58
H586,2025-02,Apexacare,7,26
H586,2025-02,Competitor_A,11,40
H586,2025-02,Competitor_B,11,36
H587,2025-02,Apexacare,3,12
H587,2025-02,Competitor_A,7,28
H587,2025-02,Competitor_B,8,28
H588,2025-02,Apexacare,7,34
H588,2025-02,Competitor_A,6,31
H588,2025-02,Competitor_B,6,25
H589,2025-02,Apexacare,5,20
H589,2025-02,Competitor_A,13,51
H589,2025-02,Competitor_B,11,37
H590,2025-02,Apexacare,16,83
H590,2025-02,Competitor_A,9,49
H590,2025-02,Competitor_B,9,39
H591,2025-02,Apexacare,0,5
H591,2025-02,Competitor_A,1,6
H591,2025-02,Competitor_B,2,7
H592,2025-02,Apexacare,3,15
H592,2025-02,Competitor_A,7,31
H592,2025-02,Competitor_B,8,26
H593,2025-02,Apexacare,15,54
H593,2025-02,Competitor_A,11,40
H593,2025-02,Competitor_B,12,38
H594,2025-02,Apexacare,1,7
H594,2025-02,Competitor_A,7,32
H594,2025-02,Competitor_B,7,29
H595,2025-02,Apexacare,12,49
H595,2025-02,Competitor_A,10,43
H595,2025-02,Competitor_B,10,34
H596,2025-02,Apexacare,11,48
H596,2025-02,Competitor_A,14,58
H596,2025-02,Competitor_B,12,44
H597,2025-02,Apexacare,10,37
H597,2025-02,Competitor_A,11,41
H597,2025-02,Competitor_B,10,30
H598,2025-02,Apexacare,17,68
H598,2025-02,Competitor_A,19,74
H598,2025-02,Competitor_B,18,68
H599,2025-02,Apexacare,3,14
H599,2025-02,Competitor_A,9,37
H599,2025-02,Competitor_B,10,34
H600,2025-02,Apexacare,7,37
H600,2025-02,Competitor_A,8,43
H600,2025-02,Competitor_B,7,32
H601,2025-02,Apexacare,5,23
H601,2025-02,Competitor_A,4,19
H601,2025-02,Competitor_B,6,18
H602,2025-02,Apexacare,1,8
H602,2025-02,Competitor_A,1,5
H602,2025-02,Competitor_B,2,6
H603,2025-02,Apexacare,17,85
H603,2025-02,Competitor_A,9,45
H603,2025-02,Competitor_B,8,40
H604,2025-02,Apexacare,2,8
H604,2025-02,Competitor_A,3,14
H604,2025-02,Competitor_B,4,12
H605,2025-02,Apexacare,12,60
H605,2025-02,Competitor_A,9,46
H605,2025-02,Competitor_B,8,38
H001,2025-03,Apexacare,11,54
H001,2025-03,Competitor_A,11,56
H001,2025-03,Competitor_B,10,43
H002,2025-03,Apexacare,17,74
H002,2025-03,Competitor_A,7,32
H002,2025-03,Competitor_B,8,27
H003,2025-03,Apexacare,1,5
H003,2025-03,Competitor_A,0,5
H003,2025-03,Competitor_B,2,7
H004,2025-03,Apexacare,15,68
H004,2025-03,Competitor_A,11,52
H004,2025-03,Competitor_B,10,40
H005,2025-03,Apexacare,13,47
H005,2025-03,Competitor_A,7,25
H005,2025-03,Competitor_B,5,18
H006,2025-03,Apexacare,17,71
H006,2025-03,Competitor_A,16,66
H006,2025-03,Competitor_B,16,61
H007,2025-03,Apexacare,5,18
H007,2025-03,Competitor_A,5,17
H007,2025-03,Competitor_B,5,16
H008,2025-03,Apexacare,10,54
H008,2025-03,Competitor_A,6,32
H008,2025-03,Competitor_B,6,24
H009,2025-03,Apexacare,8,35
H009,2025-03,Competitor_A,16,67
H009,2025-03,Competitor_B,14,50
H010,2025-03,Apexacare,12,64
H010,2025-03,Competitor_A,8,45
H010,2025-03,Competitor_B,9,38
H011,2025-03,Apexacare,13,64
H011,2025-03,Competitor_A,12,57
H011,2025-03,Competitor_B,11,47
H012,2025-03,Apexacare,12,42
H012,2025-03,Competitor_A,10,36
H012,2025-03,Competitor_B,9,30
H013,2025-03,Apexacare,8,29
H013,2025-03,Competitor_A,6,22
H013,2025-03,Competitor_B,7,21
H014,2025-03,Apexacare,13,49
H014,2025-03,Competitor_A,10,39
H014,2025-03,Competitor_B,10,32
H015,2025-03,Apexacare,9,44
H015,2025-03,Competitor_A,6,27
H015,2025-03,Competitor_B,6,24
H016,2025-03,Apexacare,14,58
H016,2025-03,Competitor_A,7,28
H016,2025-03,Competitor_B,6,22
H017,2025-03,Apexacare,30,106
H017,2025-03,Competitor_A,15,55
H017,2025-03,Competitor_B,15,49
H018,2025-03,Apexacare,6,24
H018,2025-03,Competitor_A,5,21
H018,2025-03,Competitor_B,5,21
H019,2025-03,Apexacare,8,37
H019,2025-03,Competitor_A,11,49
H019,2025-03,Competitor_B,11,40
H020,2025-03,Apexacare,2,14
H020,2025-03,Competitor_A,1,9
H020,2025-03,Competitor_B,3,11
H021,2025-03,Apexacare,7,25
H021,2025-03,Competitor_A,7,24
H021,2025-03,Competitor_B,7,23
H022,2025-03,Apexacare,6,28
H022,2025-03,Competitor_A,13,58
H022,2025-03,Competitor_B,13,54
H023,2025-03,Apexacare,12,43
H023,2025-03,Competitor_A,15,53
H023,2025-03,Competitor_B,14,44
H024,2025-03,Apexacare,13,58
H024,2025-03,Competitor_A,16,71
H024,2025-03,Competitor_B,16,69
H025,2025-03,Apexacare,9,41
H025,2025-03,Competitor_A,7,32
H025,2025-03,Competitor_B,8,32
H026,2025-03,Apexacare,9,44
H026,2025-03,Competitor_A,4,19
H026,2025-03,Competitor_B,4,17
H027,2025-03,Apexacare,6,27
H027,2025-03,Competitor_A,5,24
H027,2025-03,Competitor_B,6,21
H028,2025-03,Apexacare,8,35
H028,2025-03,Competitor_A,11,47
H028,2025-03,Competitor_B,12,46
H029,2025-03,Apexacare,8,38
H029,2025-03,Competitor_A,8,37
H029,2025-03,Competitor_B,6,27
H030,2025-03,Apexacare,9,36
H030,2025-03,Competitor_A,18,69
H030,2025-03,Competitor_B,16,55
H031,2025-03,Apexacare,6,28
H031,2025-03,Competitor_A,6,26
H031,2025-03,Competitor_B,7,26
H032,2025-03,Apexacare,14,71
H032,2025-03,Competitor_A,9,45
H032,2025-03,Competitor_B,9,37
H033,2025-03,Apexacare,11,40
H033,2025-03,Competitor_A,17,61
H033,2025-03,Competitor_B,16,52
H034,2025-03,Apexacare,11,50
H034,2025-03,Competitor_A,7,34
H034,2025-03,Competitor_B,6,24
H035,2025-03,Apexacare,5,24
H035,2025-03,Competitor_A,9,39
H035,2025-03,Competitor_B,9,37
H036,2025-03,Apexacare,16,60
H036,2025-03,Competitor_A,18,68
H036,2025-03,Competitor_B,13,48
H037,2025-03,Apexacare,5,24
H037,2025-03,Competitor_A,11,51
H037,2025-03,Competitor_B,10,37
H038,2025-03,Apexacare,14,63
H038,2025-03,Competitor_A,11,49
H038,2025-03,Competitor_B,11,50
H039,2025-03,Apexacare,18,77
H039,2025-03,Competitor_A,8,36
H039,2025-03,Competitor_B,8,31
H040,2025-03,Apexacare,16,56
H040,2025-03,Competitor_A,24,81
H040,2025-03,Competitor_B,19,61
H041,2025-03,Apexacare,6,22
H041,2025-03,Competitor_A,4,16
H041,2025-03,Competitor_B,5,16
H042,2025-03,Apexacare,8,30
H042,2025-03,Competitor_A,5,21
H042,2025-03,Competitor_B,6,17
H043,2025-03,Apexacare,9,46
H043,2025-03,Competitor_A,7,36
H043,2025-03,Competitor_B,7,30
H044,2025-03,Apexacare,10,38
H044,2025-03,Competitor_A,10,38
H044,2025-03,Competitor_B,10,32
H045,2025-03,Apexacare,14,58
H045,2025-03,Competitor_A,10,43
H045,2025-03,Competitor_B,9,34
H046,2025-03,Apexacare,12,56
H046,2025-03,Competitor_A,6,29
H046,2025-03,Competitor_B,7,27
H047,2025-03,Apexacare,1,4
H047,2025-03,Competitor_A,2,9
H047,2025-03,Competitor_B,2,9
H048,2025-03,Apexacare,4,19
H048,2025-03,Competitor_A,5,27
H048,2025-03,Competitor_B,5,20
H049,2025-03,Apexacare,9,33
H049,2025-03,Competitor_A,11,38
H049,2025-03,Competitor_B,10,31
H050,2025-03,Apexacare,10,46
H050,2025-03,Competitor_A,9,43
H050,2025-03,Competitor_B,8,31
H051,2025-03,Apexacare,25,99
H051,2025-03,Competitor_A,11,44
H051,2025-03,Competitor_B,11,37
H052,2025-03,Apexacare,5,18
H052,2025-03,Competitor_A,4,15
H052,2025-03,Competitor_B,4,15
H053,2025-03,Apexacare,13,48
H053,2025-03,Competitor_A,5,20
H053,2025-03,Competitor_B,5,17
H054,2025-03,Apexacare,5,28
H054,2025-03,Competitor_A,8,41
H054,2025-03,Competitor_B,8,33
H055,2025-03,Apexacare,12,44
H055,2025-03,Competitor_A,7,24
H055,2025-03,Competitor_B,7,22
H056,2025-03,Apexacare,14,70
H056,2025-03,Competitor_A,13,64
H056,2025-03,Competitor_B,12,56
H057,2025-03,Apexacare,12,43
H057,2025-03,Competitor_A,5,18
H057,2025-03,Competitor_B,4,14
H058,2025-03,Apexacare,17,60
H058,2025-03,Competitor_A,13,48
H058,2025-03,Competitor_B,12,39
H059,2025-03,Apexacare,14,58
H059,2025-03,Competitor_A,10,42
H059,2025-03,Competitor_B,8,32
H060,2025-03,Apexacare,14,56
H060,2025-03,Competitor_A,17,68
H060,2025-03,Competitor_B,16,56
H061,2025-03,Apexacare,12,50
H061,2025-03,Competitor_A,11,44
H061,2025-03,Competitor_B,11,41
H062,2025-03,Apexacare,8,29
H062,2025-03,Competitor_A,6,21
H062,2025-03,Competitor_B,5,16
H063,2025-03,Apexacare,4,15
H063,2025-03,Competitor_A,6,22
H063,2025-03,Competitor_B,7,23
H064,2025-03,Apexacare,8,43
H064,2025-03,Competitor_A,8,44
H064,2025-03,Competitor_B,8,33
H065,2025-03,Apexacare,15,51
H065,2025-03,Competitor_A,22,75
H065,2025-03,Competitor_B,18,63
H066,2025-03,Apexacare,13,53
H066,2025-03,Competitor_A,13,51
H066,2025-03,Competitor_B,11,40
H067,2025-03,Apexacare,6,27
H067,2025-03,Competitor_A,5,22
H067,2025-03,Competitor_B,5,19
H068,2025-03,Apexacare,2,8
H068,2025-03,Competitor_A,4,15
H068,2025-03,Competitor_B,5,15
H069,2025-03,Apexacare,9,43
H069,2025-03,Competitor_A,16,74
H069,2025-03,Competitor_B,16,72
H070,2025-03,Apexacare,12,64
H070,2025-03,Competitor_A,6,31
H070,2025-03,Competitor_B,6,25
H071,2025-03,Apexacare,7,32
H071,2025-03,Competitor_A,7,28
H071,2025-03,Competitor_B,8,30
H072,2025-03,Apexacare,4,20
H072,2025-03,Competitor_A,7,32
H072,2025-03,Competitor_B,9,32
H073,2025-03,Apexacare,5,20
H073,2025-03,Competitor_A,3,15
H073,2025-03,Competitor_B,4,13
H074,2025-03,Apexacare,16,74
H074,2025-03,Competitor_A,9,44
H074,2025-03,Competitor_B,10,44
H075,2025-03,Apexacare,3,18
H075,2025-03,Competitor_A,4,24
H075,2025-03,Competitor_B,5,18
H076,2025-03,Apexacare,9,37
H076,2025-03,Competitor_A,9,37
H076,2025-03,Competitor_B,7,26
H077,2025-03,Apexacare,11,40
H077,2025-03,Competitor_A,10,36
H077,2025-03,Competitor_B,7,26
H078,2025-03,Apexacare,2,14
H078,2025-03,Competitor_A,2,12
H078,2025-03,Competitor_B,4,14
H079,2025-03,Apexacare,5,24
H079,2025-03,Competitor_A,6,25
H079,2025-03,Competitor_B,5,17
H080,2025-03,Apexacare,19,70
H080,2025-03,Competitor_A,9,33
H080,2025-03,Competitor_B,9,30
H081,2025-03,Apexacare,14,53
H081,2025-03,Competitor_A,10,41
H081,2025-03,Competitor_B,10,34
H082,2025-03,Apexacare,16,62
H082,2025-03,Competitor_A,15,60
H082,2025-03,Competitor_B,16,58
H083,2025-03,Apexacare,22,103
H083,2025-03,Competitor_A,10,48
H083,2025-03,Competitor_B,9,38
H084,2025-03,Apexacare,1,9
H084,2025-03,Competitor_A,1,5
H084,2025-03,Competitor_B,2,7
H085,2025-03,Apexacare,8,40
H085,2025-03,Competitor_A,10,51
H085,2025-03,Competitor_B,9,41
H086,2025-03,Apexacare,11,53
H086,2025-03,Competitor_A,12,58
H086,2025-03,Competitor_B,11,43
H087,2025-03,Apexacare,17,71
H087,2025-03,Competitor_A,14,60
H087,2025-03,Competitor_B,11,45
H088,2025-03,Apexacare,9,43
H088,2025-03,Competitor_A,6,30
H088,2025-03,Competitor_B,7,23
H089,2025-03,Apexacare,17,76
H089,2025-03,Competitor_A,15,66
H089,2025-03,Competitor_B,12,47
H090,2025-03,Apexacare,16,57
H090,2025-03,Competitor_A,13,47
H090,2025-03,Competitor_B,14,43
H091,2025-03,Apexacare,18,73
H091,2025-03,Competitor_A,9,38
H091,2025-03,Competitor_B,10,33
H092,2025-03,Apexacare,11,44
H092,2025-03,Competitor_A,13,53
H092,2025-03,Competitor_B,12,43
H093,2025-03,Apexacare,10,47
H093,2025-03,Competitor_A,6,30
H093,2025-03,Competitor_B,7,28
H094,2025-03,Apexacare,4,21
H094,2025-03,Competitor_A,4,19
H094,2025-03,Competitor_B,4,14
H095,2025-03,Apexacare,8,31
H095,2025-03,Competitor_A,19,75
H095,2025-03,Competitor_B,17,65
H096,2025-03,Apexacare,9,34
H096,2025-03,Competitor_A,13,45
H096,2025-03,Competitor_B,10,31
H097,2025-03,Apexacare,1,4
H097,2025-03,Competitor_A,2,8
H097,2025-03,Competitor_B,3,10
H098,2025-03,Apexacare,10,50
H098,2025-03,Competitor_A,8,40
H098,2025-03,Competitor_B,6,30
H099,2025-03,Apexacare,11,42
H099,2025-03,Competitor_A,10,38
H099,2025-03,Competitor_B,12,39
H100,2025-03,Apexacare,12,47
H100,2025-03,Competitor_A,7,30
H100,2025-03,Competitor_B,8,25
H101,2025-03,Apexacare,15,63
H101,2025-03,Competitor_A,7,30
H101,2025-03,Competitor_B,7,27
H102,2025-03,Apexacare,16,57
H102,2025-03,Competitor_A,14,49
H102,2025-03,Competitor_B,14,46
H103,2025-03,Apexacare,3,19
H103,2025-03,Competitor_A,1,8
H103,2025-03,Competitor_B,2,7
H104,2025-03,Apexacare,9,36
H104,2025-03,Competitor_A,12,45
H104,2025-03,Competitor_B,9,31
H105,2025-03,Apexacare,15,56
H105,2025-03,Competitor_A,14,51
H105,2025-03,Competitor_B,10,37
H106,2025-03,Apexacare,7,35
H106,2025-03,Competitor_A,7,34
H106,2025-03,Competitor_B,8,36
H107,2025-03,Apexacare,9,33
H107,2025-03,Competitor_A,5,18
H107,2025-03,Competitor_B,5,15
H108,2025-03,Apexacare,8,34
H108,2025-03,Competitor_A,5,21
H108,2025-03,Competitor_B,5,21
H109,2025-03,Apexacare,14,56
H109,2025-03,Competitor_A,15,61
H109,2025-03,Competitor_B,12,43
H110,2025-03,Apexacare,9,37
H110,2025-03,Competitor_A,5,21
H110,2025-03,Competitor_B,5,17
H111,2025-03,Apexacare,22,77
H111,2025-03,Competitor_A,11,39
H111,2025-03,Competitor_B,10,31
H112,2025-03,Apexacare,4,18
H112,2025-03,Competitor_A,6,26
H112,2025-03,Competitor_B,6,24
H113,2025-03,Apexacare,0,4
H113,2025-03,Competitor_A,1,8
H113,2025-03,Competitor_B,3,10
H114,2025-03,Apexacare,8,41
H114,2025-03,Competitor_A,12,63
H114,2025-03,Competitor_B,10,48
H115,2025-03,Apexacare,13,53
H115,2025-03,Competitor_A,8,32
H115,2025-03,Competitor_B,6,23
H116,2025-03,Apexacare,19,89
H116,2025-03,Competitor_A,9,44
H116,2025-03,Competitor_B,9,37
H117,2025-03,Apexacare,2,12
H117,2025-03,Competitor_A,2,11
H117,2025-03,Competitor_B,4,11
H118,2025-03,Apexacare,17,84
H118,2025-03,Competitor_A,7,37
H118,2025-03,Competitor_B,9,39
H119,2025-03,Apexacare,14,73
H119,2025-03,Competitor_A,10,53
H119,2025-03,Competitor_B,11,50
H120,2025-03,Apexacare,12,50
H120,2025-03,Competitor_A,15,65
H120,2025-03,Competitor_B,14,55
H121,2025-03,Apexacare,22,81
H121,2025-03,Competitor_A,23,83
H121,2025-03,Competitor_B,17,56
H122,2025-03,Apexacare,9,35
H122,2025-03,Competitor_A,15,62
H122,2025-03,Competitor_B,15,57
H123,2025-03,Apexacare,8,36
H123,2025-03,Competitor_A,12,54
H123,2025-03,Competitor_B,11,42
H124,2025-03,Apexacare,8,31
H124,2025-03,Competitor_A,10,41
H124,2025-03,Competitor_B,11,42
H125,2025-03,Apexacare,6,26
H125,2025-03,Competitor_A,11,48
H125,2025-03,Competitor_B,12,46
H126,2025-03,Apexacare,4,23
H126,2025-03,Competitor_A,3,19
H126,2025-03,Competitor_B,5,18
H127,2025-03,Apexacare,13,68
H127,2025-03,Competitor_A,5,26
H127,2025-03,Competitor_B,6,25
H128,2025-03,Apexacare,3,16
H128,2025-03,Competitor_A,5,24
H128,2025-03,Competitor_B,7,24
H129,2025-03,Apexacare,7,37
H129,2025-03,Competitor_A,7,35
H129,2025-03,Competitor_B,7,33
H130,2025-03,Apexacare,14,48
H130,2025-03,Competitor_A,6,21
H130,2025-03,Competitor_B,6,21
H131,2025-03,Apexacare,1,8
H131,2025-03,Competitor_A,3,19
H131,2025-03,Competitor_B,5,17
H132,2025-03,Apexacare,12,48
H132,2025-03,Competitor_A,5,21
H132,2025-03,Competitor_B,7,21
H133,2025-03,Apexacare,7,35
H133,2025-03,Competitor_A,2,14
H133,2025-03,Competitor_B,4,15
H134,2025-03,Apexacare,6,26
H134,2025-03,Competitor_A,7,29
H134,2025-03,Competitor_B,6,25
H135,2025-03,Apexacare,3,16
H135,2025-03,Competitor_A,2,10
H135,2025-03,Competitor_B,3,10
H136,2025-03,Apexacare,5,19
H136,2025-03,Competitor_A,9,34
H136,2025-03,Competitor_B,8,27
H137,2025-03,Apexacare,10,42
H137,2025-03,Competitor_A,13,51
H137,2025-03,Competitor_B,14,51
H138,2025-03,Apexacare,21,91
H138,2025-03,Competitor_A,10,46
H138,2025-03,Competitor_B,9,34
H139,2025-03,Apexacare,8,40
H139,2025-03,Competitor_A,8,38
H139,2025-03,Competitor_B,9,36
H140,2025-03,Apexacare,5,21
H140,2025-03,Competitor_A,5,23
H140,2025-03,Competitor_B,5,16
H141,2025-03,Apexacare,17,74
H141,2025-03,Competitor_A,14,62
H141,2025-03,Competitor_B,15,62
H142,2025-03,Apexacare,7,28
H142,2025-03,Competitor_A,9,33
H142,2025-03,Competitor_B,9,29
H143,2025-03,Apexacare,14,61
H143,2025-03,Competitor_A,14,63
H143,2025-03,Competitor_B,11,44
H144,2025-03,Apexacare,5,27
H144,2025-03,Competitor_A,12,57
H144,2025-03,Competitor_B,11,48
H145,2025-03,Apexacare,1,7
H145,2025-03,Competitor_A,1,7
H145,2025-03,Competitor_B,3,8
H146,2025-03,Apexacare,14,54
H146,2025-03,Competitor_A,13,50
H146,2025-03,Competitor_B,10,36
H147,2025-03,Apexacare,4,20
H147,2025-03,Competitor_A,3,16
H147,2025-03,Competitor_B,3,12
H148,2025-03,Apexacare,4,16
H148,2025-03,Competitor_A,6,22
H148,2025-03,Competitor_B,7,19
H149,2025-03,Apexacare,1,5
H149,2025-03,Competitor_A,1,6
H149,2025-03,Competitor_B,2,6
H150,2025-03,Apexacare,10,50
H150,2025-03,Competitor_A,8,38
H150,2025-03,Competitor_B,9,38
H151,2025-03,Apexacare,16,77
H151,2025-03,Competitor_A,8,41
H151,2025-03,Competitor_B,9,36
H152,2025-03,Apexacare,10,46
H152,2025-03,Competitor_A,5,24
H152,2025-03,Competitor_B,5,20
H153,2025-03,Apexacare,8,35
H153,2025-03,Competitor_A,6,25
H153,2025-03,Competitor_B,6,25
H154,2025-03,Apexacare,8,41
H154,2025-03,Competitor_A,8,40
H154,2025-03,Competitor_B,7,29
H155,2025-03,Apexacare,8,32
H155,2025-03,Competitor_A,8,34
H155,2025-03,Competitor_B,7,24
H156,2025-03,Apexacare,16,58
H156,2025-03,Competitor_A,14,51
H156,2025-03,Competitor_B,12,43
H157,2025-03,Apexacare,4,19
H157,2025-03,Competitor_A,3,13
H157,2025-03,Competitor_B,4,12
H158,2025-03,Apexacare,12,47
H158,2025-03,Competitor_A,7,27
H158,2025-03,Competitor_B,7,22
H159,2025-03,Apexacare,8,32
H159,2025-03,Competitor_A,7,26
H159,2025-03,Competitor_B,7,22
H160,2025-03,Apexacare,10,46
H160,2025-03,Competitor_A,9,44
H160,2025-03,Competitor_B,9,36
H161,2025-03,Apexacare,13,54
H161,2025-03,Competitor_A,14,60
H161,2025-03,Competitor_B,12,48
H162,2025-03,Apexacare,1,8
H162,2025-03,Competitor_A,0,3
H162,2025-03,Competitor_B,2,4
H163,2025-03,Apexacare,7,30
H163,2025-03,Competitor_A,3,12
H163,2025-03,Competitor_B,4,12
H164,2025-03,Apexacare,9,34
H164,2025-03,Competitor_A,9,36
H164,2025-03,Competitor_B,8,26
H165,2025-03,Apexacare,20,81
H165,2025-03,Competitor_A,9,37
H165,2025-03,Competitor_B,10,36
H166,2025-03,Apexacare,2,9
H166,2025-03,Competitor_A,5,19
H166,2025-03,Competitor_B,6,17
H167,2025-03,Apexacare,15,65
H167,2025-03,Competitor_A,11,47
H167,2025-03,Competitor_B,13,48
H168,2025-03,Apexacare,16,80
H168,2025-03,Competitor_A,8,38
H168,2025-03,Competitor_B,8,34
H169,2025-03,Apexacare,4,16
H169,2025-03,Competitor_A,4,15
H169,2025-03,Competitor_B,4,13
H170,2025-03,Apexacare,10,50
H170,2025-03,Competitor_A,4,20
H170,2025-03,Competitor_B,4,20
H171,2025-03,Apexacare,16,62
H171,2025-03,Competitor_A,18,70
H171,2025-03,Competitor_B,18,68
H172,2025-03,Apexacare,9,35
H172,2025-03,Competitor_A,10,36
H172,2025-03,Competitor_B,10,34
H173,2025-03,Apexacare,18,64
H173,2025-03,Competitor_A,17,62
H173,2025-03,Competitor_B,15,50
H174,2025-03,Apexacare,16,62
H174,2025-03,Competitor_A,12,46
H174,2025-03,Competitor_B,10,39
H175,2025-03,Apexacare,13,50
H175,2025-03,Competitor_A,13,47
H175,2025-03,Competitor_B,11,36
H176,2025-03,Apexacare,11,57
H176,2025-03,Competitor_A,9,47
H176,2025-03,Competitor_B,9,40
H177,2025-03,Apexacare,1,5
H177,2025-03,Competitor_A,1,5
H177,2025-03,Competitor_B,1,5
H178,2025-03,Apexacare,10,45
H178,2025-03,Competitor_A,10,47
H178,2025-03,Competitor_B,8,34
H179,2025-03,Apexacare,18,63
H179,2025-03,Competitor_A,12,41
H179,2025-03,Competitor_B,9,29
H180,2025-03,Apexacare,15,72
H180,2025-03,Competitor_A,6,29
H180,2025-03,Competitor_B,6,25
H181,2025-03,Apexacare,11,44
H181,2025-03,Competitor_A,6,26
H181,2025-03,Competitor_B,8,26
H182,2025-03,Apexacare,14,56
H182,2025-03,Competitor_A,11,47
H182,2025-03,Competitor_B,11,41
H183,2025-03,Apexacare,7,27
H183,2025-03,Competitor_A,5,18
H183,2025-03,Competitor_B,5,15
H184,2025-03,Apexacare,13,50
H184,2025-03,Competitor_A,8,33
H184,2025-03,Competitor_B,9,31
H185,2025-03,Apexacare,10,38
H185,2025-03,Competitor_A,15,59
H185,2025-03,Competitor_B,12,43
H186,2025-03,Apexacare,13,44
H186,2025-03,Competitor_A,13,45
H186,2025-03,Competitor_B,11,37
H187,2025-03,Apexacare,7,29
H187,2025-03,Competitor_A,11,45
H187,2025-03,Competitor_B,11,38
H188,2025-03,Apexacare,6,23
H188,2025-03,Competitor_A,6,23
H188,2025-03,Competitor_B,6,18
H189,2025-03,Apexacare,5,24
H189,2025-03,Competitor_A,5,23
H189,2025-03,Competitor_B,6,21
H190,2025-03,Apexacare,15,50
H190,2025-03,Competitor_A,20,70
H190,2025-03,Competitor_B,17,56
H191,2025-03,Apexacare,11,40
H191,2025-03,Competitor_A,18,65
H191,2025-03,Competitor_B,15,49
H192,2025-03,Apexacare,11,49
H192,2025-03,Competitor_A,7,34
H192,2025-03,Competitor_B,8,31
H193,2025-03,Apexacare,13,54
H193,2025-03,Competitor_A,8,35
H193,2025-03,Competitor_B,9,31
H194,2025-03,Apexacare,6,29
H194,2025-03,Competitor_A,7,33
H194,2025-03,Competitor_B,7,26
H195,2025-03,Apexacare,11,54
H195,2025-03,Competitor_A,7,32
H195,2025-03,Competitor_B,8,33
H196,2025-03,Apexacare,6,29
H196,2025-03,Competitor_A,12,56
H196,2025-03,Competitor_B,10,41
H197,2025-03,Apexacare,5,19
H197,2025-03,Competitor_A,4,17
H197,2025-03,Competitor_B,5,15
H198,2025-03,Apexacare,8,36
H198,2025-03,Competitor_A,4,20
H198,2025-03,Competitor_B,6,19
H199,2025-03,Apexacare,6,24
H199,2025-03,Competitor_A,5,22
H199,2025-03,Competitor_B,6,22
H200,2025-03,Apexacare,13,48
H200,2025-03,Competitor_A,8,32
H200,2025-03,Competitor_B,9,32
H201,2025-03,Apexacare,1,6
H201,2025-03,Competitor_A,1,5
H201,2025-03,Competitor_B,1,5
H202,2025-03,Apexacare,8,37
H202,2025-03,Competitor_A,5,22
H202,2025-03,Competitor_B,6,21
H203,2025-03,Apexacare,11,49
H203,2025-03,Competitor_A,12,54
H203,2025-03,Competitor_B,11,44
H204,2025-03,Apexacare,13,61
H204,2025-03,Competitor_A,7,35
H204,2025-03,Competitor_B,8,36
H205,2025-03,Apexacare,13,61
H205,2025-03,Competitor_A,8,38
H205,2025-03,Competitor_B,9,37
H206,2025-03,Apexacare,8,44
H206,2025-03,Competitor_A,7,37
H206,2025-03,Competitor_B,7,31
H207,2025-03,Apexacare,6,29
H207,2025-03,Competitor_A,5,26
H207,2025-03,Competitor_B,5,21
H208,2025-03,Apexacare,5,24
H208,2025-03,Competitor_A,3,14
H208,2025-03,Competitor_B,3,13
H209,2025-03,Apexacare,19,68
H209,2025-03,Competitor_A,8,31
H209,2025-03,Competitor_B,9,27
H210,2025-03,Apexacare,4,20
H210,2025-03,Competitor_A,3,15
H210,2025-03,Competitor_B,4,16
H211,2025-03,Apexacare,14,65
H211,2025-03,Competitor_A,6,29
H211,2025-03,Competitor_B,6,26
H212,2025-03,Apexacare,15,67
H212,2025-03,Competitor_A,19,87
H212,2025-03,Competitor_B,15,66
H213,2025-03,Apexacare,6,26
H213,2025-03,Competitor_A,8,32
H213,2025-03,Competitor_B,6,22
H214,2025-03,Apexacare,6,27
H214,2025-03,Competitor_A,3,12
H214,2025-03,Competitor_B,3,9
H215,2025-03,Apexacare,6,29
H215,2025-03,Competitor_A,3,14
H215,2025-03,Competitor_B,4,11
H216,2025-03,Apexacare,14,55
H216,2025-03,Competitor_A,5,20
H216,2025-03,Competitor_B,6,21
H217,2025-03,Apexacare,4,18
H217,2025-03,Competitor_A,3,14
H217,2025-03,Competitor_B,4,12
H218,2025-03,Apexacare,13,57
H218,2025-03,Competitor_A,11,48
H218,2025-03,Competitor_B,10,39
H219,2025-03,Apexacare,4,21
H219,2025-03,Competitor_A,11,54
H219,2025-03,Competitor_B,11,53
H220,2025-03,Apexacare,1,6
H220,2025-03,Competitor_A,0,5
H220,2025-03,Competitor_B,2,5
H221,2025-03,Apexacare,7,37
H221,2025-03,Competitor_A,8,43
H221,2025-03,Competitor_B,8,34
H222,2025-03,Apexacare,24,104
H222,2025-03,Competitor_A,15,67
H222,2025-03,Competitor_B,13,49
H223,2025-03,Apexacare,14,64
H223,2025-03,Competitor_A,10,47
H223,2025-03,Competitor_B,11,42
H224,2025-03,Apexacare,3,18
H224,2025-03,Competitor_A,2,10
H224,2025-03,Competitor_B,3,12
H225,2025-03,Apexacare,13,66
H225,2025-03,Competitor_A,9,45
H225,2025-03,Competitor_B,10,43
H226,2025-03,Apexacare,4,19
H226,2025-03,Competitor_A,3,17
H226,2025-03,Competitor_B,4,15
H227,2025-03,Apexacare,18,63
H227,2025-03,Competitor_A,19,65
H227,2025-03,Competitor_B,18,61
H228,2025-03,Apexacare,7,36
H228,2025-03,Competitor_A,4,19
H228,2025-03,Competitor_B,4,17
H229,2025-03,Apexacare,7,31
H229,2025-03,Competitor_A,6,27
H229,2025-03,Competitor_B,7,22
H230,2025-03,Apexacare,9,47
H230,2025-03,Competitor_A,11,57
H230,2025-03,Competitor_B,12,50
H231,2025-03,Apexacare,7,37
H231,2025-03,Competitor_A,6,32
H231,2025-03,Competitor_B,6,26
H232,2025-03,Apexacare,10,49
H232,2025-03,Competitor_A,6,31
H232,2025-03,Competitor_B,6,25
H233,2025-03,Apexacare,8,30
H233,2025-03,Competitor_A,11,41
H233,2025-03,Competitor_B,9,31
H234,2025-03,Apexacare,26,113
H234,2025-03,Competitor_A,13,59
H234,2025-03,Competitor_B,12,48
H235,2025-03,Apexacare,25,94
H235,2025-03,Competitor_A,11,41
H235,2025-03,Competitor_B,10,33
H236,2025-03,Apexacare,6,24
H236,2025-03,Competitor_A,5,22
H236,2025-03,Competitor_B,6,18
H237,2025-03,Apexacare,11,43
H237,2025-03,Competitor_A,4,18
H237,2025-03,Competitor_B,5,15
H238,2025-03,Apexacare,2,12
H238,2025-03,Competitor_A,4,22
H238,2025-03,Competitor_B,5,17
H239,2025-03,Apexacare,7,25
H239,2025-03,Competitor_A,13,47
H239,2025-03,Competitor_B,13,40
H240,2025-03,Apexacare,2,9
H240,2025-03,Competitor_A,1,6
H240,2025-03,Competitor_B,2,5
H241,2025-03,Apexacare,9,35
H241,2025-03,Competitor_A,5,20
H241,2025-03,Competitor_B,7,21
H242,2025-03,Apexacare,2,11
H242,2025-03,Competitor_A,2,11
H242,2025-03,Competitor_B,3,12
H243,2025-03,Apexacare,10,42
H243,2025-03,Competitor_A,4,18
H243,2025-03,Competitor_B,5,20
H244,2025-03,Apexacare,12,44
H244,2025-03,Competitor_A,10,37
H244,2025-03,Competitor_B,9,31
H245,2025-03,Apexacare,3,13
H245,2025-03,Competitor_A,5,21
H245,2025-03,Competitor_B,7,20
H246,2025-03,Apexacare,8,34
H246,2025-03,Competitor_A,5,23
H246,2025-03,Competitor_B,5,19
H247,2025-03,Apexacare,8,34
H247,2025-03,Competitor_A,5,22
H247,2025-03,Competitor_B,4,16
H248,2025-03,Apexacare,7,33
H248,2025-03,Competitor_A,2,13
H248,2025-03,Competitor_B,4,14
H249,2025-03,Apexacare,17,68
H249,2025-03,Competitor_A,12,49
H249,2025-03,Competitor_B,9,35
H250,2025-03,Apexacare,5,21
H250,2025-03,Competitor_A,6,27
H250,2025-03,Competitor_B,6,20
H251,2025-03,Apexacare,20,76
H251,2025-03,Competitor_A,10,38
H251,2025-03,Competitor_B,12,40
H252,2025-03,Apexacare,11,51
H252,2025-03,Competitor_A,15,69
H252,2025-03,Competitor_B,13,51
H253,2025-03,Apexacare,9,39
H253,2025-03,Competitor_A,9,37
H253,2025-03,Competitor_B,10,38
H254,2025-03,Apexacare,1,7
H254,2025-03,Competitor_A,1,5
H254,2025-03,Competitor_B,2,4
H255,2025-03,Apexacare,8,33
H255,2025-03,Competitor_A,7,30
H255,2025-03,Competitor_B,9,32
H256,2025-03,Apexacare,3,14
H256,2025-03,Competitor_A,2,10
H256,2025-03,Competitor_B,3,10
H257,2025-03,Apexacare,8,41
H257,2025-03,Competitor_A,11,58
H257,2025-03,Competitor_B,9,45
H258,2025-03,Apexacare,9,47
H258,2025-03,Competitor_A,17,87
H258,2025-03,Competitor_B,19,86
H259,2025-03,Apexacare,12,43
H259,2025-03,Competitor_A,10,38
H259,2025-03,Competitor_B,9,31
H260,2025-03,Apexacare,1,6
H260,2025-03,Competitor_A,1,5
H260,2025-03,Competitor_B,1,5
H261,2025-03,Apexacare,8,28
H261,2025-03,Competitor_A,9,33
H261,2025-03,Competitor_B,9,29
H262,2025-03,Apexacare,6,20
H262,2025-03,Competitor_A,5,19
H262,2025-03,Competitor_B,6,18
H263,2025-03,Apexacare,12,49
H263,2025-03,Competitor_A,10,42
H263,2025-03,Competitor_B,11,42
H264,2025-03,Apexacare,4,19
H264,2025-03,Competitor_A,2,13
H264,2025-03,Competitor_B,3,12
H265,2025-03,Apexacare,9,43
H265,2025-03,Competitor_A,7,36
H265,2025-03,Competitor_B,8,31
H266,2025-03,Apexacare,13,50
H266,2025-03,Competitor_A,13,50
H266,2025-03,Competitor_B,13,44
H267,2025-03,Apexacare,9,36
H267,2025-03,Competitor_A,8,34
H267,2025-03,Competitor_B,10,35
H268,2025-03,Apexacare,14,58
H268,2025-03,Competitor_A,16,65
H268,2025-03,Competitor_B,16,57
H269,2025-03,Apexacare,8,36
H269,2025-03,Competitor_A,10,44
H269,2025-03,Competitor_B,9,34
H270,2025-03,Apexacare,12,49
H270,2025-03,Competitor_A,8,33
H270,2025-03,Competitor_B,8,28
H271,2025-03,Apexacare,14,54
H271,2025-03,Competitor_A,14,55
H271,2025-03,Competitor_B,15,51
H272,2025-03,Apexacare,7,32
H272,2025-03,Competitor_A,8,39
H272,2025-03,Competitor_B,9,37
H273,2025-03,Apexacare,10,51
H273,2025-03,Competitor_A,10,49
H273,2025-03,Competitor_B,11,47
H274,2025-03,Apexacare,7,28
H274,2025-03,Competitor_A,11,41
H274,2025-03,Competitor_B,11,36
H275,2025-03,Apexacare,11,53
H275,2025-03,Competitor_A,5,28
H275,2025-03,Competitor_B,6,24
H276,2025-03,Apexacare,9,35
H276,2025-03,Competitor_A,13,50
H276,2025-03,Competitor_B,13,48
H277,2025-03,Apexacare,3,15
H277,2025-03,Competitor_A,6,27
H277,2025-03,Competitor_B,7,22
H278,2025-03,Apexacare,4,24
H278,2025-03,Competitor_A,4,23
H278,2025-03,Competitor_B,5,17
H279,2025-03,Apexacare,11,43
H279,2025-03,Competitor_A,10,39
H279,2025-03,Competitor_B,10,38
H280,2025-03,Apexacare,18,66
H280,2025-03,Competitor_A,9,36
H280,2025-03,Competitor_B,11,38
H281,2025-03,Apexacare,12,42
H281,2025-03,Competitor_A,12,44
H281,2025-03,Competitor_B,12,40
H282,2025-03,Apexacare,1,6
H282,2025-03,Competitor_A,2,7
H282,2025-03,Competitor_B,3,8
H283,2025-03,Apexacare,9,36
H283,2025-03,Competitor_A,6,26
H283,2025-03,Competitor_B,6,22
H284,2025-03,Apexacare,3,13
H284,2025-03,Competitor_A,3,12
H284,2025-03,Competitor_B,3,9
H285,2025-03,Apexacare,10,39
H285,2025-03,Competitor_A,14,55
H285,2025-03,Competitor_B,14,53
H286,2025-03,Apexacare,26,104
H286,2025-03,Competitor_A,12,50
H286,2025-03,Competitor_B,9,35
H287,2025-03,Apexacare,12,54
H287,2025-03,Competitor_A,8,37
H287,2025-03,Competitor_B,7,28
H288,2025-03,Apexacare,7,30
H288,2025-03,Competitor_A,13,52
H288,2025-03,Competitor_B,11,38
H289,2025-03,Apexacare,11,49
H289,2025-03,Competitor_A,9,40
H289,2025-03,Competitor_B,10,37
H290,2025-03,Apexacare,6,25
H290,2025-03,Competitor_A,3,13
H290,2025-03,Competitor_B,4,10
H291,2025-03,Apexacare,12,58
H291,2025-03,Competitor_A,9,45
H291,2025-03,Competitor_B,10,41
H292,2025-03,Apexacare,3,13
H292,2025-03,Competitor_A,2,10
H292,2025-03,Competitor_B,3,9
H293,2025-03,Apexacare,16,59
H293,2025-03,Competitor_A,20,73
H293,2025-03,Competitor_B,18,66
H294,2025-03,Apexacare,15,72
H294,2025-03,Competitor_A,11,55
H294,2025-03,Competitor_B,9,41
H295,2025-03,Apexacare,5,23
H295,2025-03,Competitor_A,5,22
H295,2025-03,Competitor_B,5,23
H296,2025-03,Apexacare,12,53
H296,2025-03,Competitor_A,10,42
H296,2025-03,Competitor_B,8,31
H297,2025-03,Apexacare,13,54
H297,2025-03,Competitor_A,11,44
H297,2025-03,Competitor_B,9,34
H298,2025-03,Apexacare,16,57
H298,2025-03,Competitor_A,9,33
H298,2025-03,Competitor_B,9,30
H299,2025-03,Apexacare,5,26
H299,2025-03,Competitor_A,7,34
H299,2025-03,Competitor_B,7,30
H300,2025-03,Apexacare,12,53
H300,2025-03,Competitor_A,9,43
H300,2025-03,Competitor_B,9,36
H301,2025-03,Apexacare,5,22
H301,2025-03,Competitor_A,3,15
H301,2025-03,Competitor_B,5,14
H302,2025-03,Apexacare,13,59
H302,2025-03,Competitor_A,10,48
H302,2025-03,Competitor_B,12,47
H303,2025-03,Apexacare,17,73
H303,2025-03,Competitor_A,12,51
H303,2025-03,Competitor_B,11,44
H304,2025-03,Apexacare,20,80
H304,2025-03,Competitor_A,11,45
H304,2025-03,Competitor_B,9,35
H305,2025-03,Apexacare,16,63
H305,2025-03,Competitor_A,15,59
H305,2025-03,Competitor_B,14,54
H306,2025-03,Apexacare,11,41
H306,2025-03,Competitor_A,14,52
H306,2025-03,Competitor_B,13,47
H307,2025-03,Apexacare,19,68
H307,2025-03,Competitor_A,20,69
H307,2025-03,Competitor_B,16,53
H308,2025-03,Apexacare,1,5
H308,2025-03,Competitor_A,1,5
H308,2025-03,Competitor_B,1,5
H309,2025-03,Apexacare,10,36
H309,2025-03,Competitor_A,15,53
H309,2025-03,Competitor_B,15,51
H310,2025-03,Apexacare,5,29
H310,2025-03,Competitor_A,7,39
H310,2025-03,Competitor_B,7,28
H311,2025-03,Apexacare,7,35
H311,2025-03,Competitor_A,9,43
H311,2025-03,Competitor_B,9,36
H312,2025-03,Apexacare,5,26
H312,2025-03,Competitor_A,6,33
H312,2025-03,Competitor_B,6,26
H313,2025-03,Apexacare,4,20
H313,2025-03,Competitor_A,5,24
H313,2025-03,Competitor_B,5,22
H314,2025-03,Apexacare,30,104
H314,2025-03,Competitor_A,17,59
H314,2025-03,Competitor_B,17,57
H315,2025-03,Apexacare,10,41
H315,2025-03,Competitor_A,11,46
H315,2025-03,Competitor_B,10,39
H316,2025-03,Apexacare,14,59
H316,2025-03,Competitor_A,11,47
H316,2025-03,Competitor_B,12,47
H317,2025-03,Apexacare,19,77
H317,2025-03,Competitor_A,16,63
H317,2025-03,Competitor_B,16,58
H318,2025-03,Apexacare,9,45
H318,2025-03,Competitor_A,5,25
H318,2025-03,Competitor_B,6,25
H319,2025-03,Apexacare,12,44
H319,2025-03,Competitor_A,15,57
H319,2025-03,Competitor_B,12,43
H320,2025-03,Apexacare,1,5
H320,2025-03,Competitor_A,1,5
H320,2025-03,Competitor_B,2,5
H321,2025-03,Apexacare,13,63
H321,2025-03,Competitor_A,7,35
H321,2025-03,Competitor_B,8,35
H322,2025-03,Apexacare,15,60
H322,2025-03,Competitor_A,13,53
H322,2025-03,Competitor_B,12,47
H323,2025-03,Apexacare,3,12
H323,2025-03,Competitor_A,2,10
H323,2025-03,Competitor_B,3,10
H324,2025-03,Apexacare,12,57
H324,2025-03,Competitor_A,10,47
H324,2025-03,Competitor_B,9,40
H325,2025-03,Apexacare,7,36
H325,2025-03,Competitor_A,10,48
H325,2025-03,Competitor_B,8,35
H326,2025-03,Apexacare,1,4
H326,2025-03,Competitor_A,1,5
H326,2025-03,Competitor_B,2,6
H327,2025-03,Apexacare,7,29
H327,2025-03,Competitor_A,6,26
H327,2025-03,Competitor_B,7,25
H328,2025-03,Apexacare,4,19
H328,2025-03,Competitor_A,5,20
H328,2025-03,Competitor_B,5,15
H329,2025-03,Apexacare,9,40
H329,2025-03,Competitor_A,8,35
H329,2025-03,Competitor_B,8,27
H330,2025-03,Apexacare,2,14
H330,2025-03,Competitor_A,4,22
H330,2025-03,Competitor_B,5,18
H331,2025-03,Apexacare,27,97
H331,2025-03,Competitor_A,14,52
H331,2025-03,Competitor_B,15,49
H332,2025-03,Apexacare,7,32
H332,2025-03,Competitor_A,6,26
H332,2025-03,Competitor_B,7,26
H333,2025-03,Apexacare,5,23
H333,2025-03,Competitor_A,5,23
H333,2025-03,Competitor_B,4,17
H334,2025-03,Apexacare,7,30
H334,2025-03,Competitor_A,4,18
H334,2025-03,Competitor_B,6,20
H335,2025-03,Apexacare,2,9
H335,2025-03,Competitor_A,1,6
H335,2025-03,Competitor_B,3,7
H336,2025-03,Apexacare,9,42
H336,2025-03,Competitor_A,9,39
H336,2025-03,Competitor_B,8,31
H337,2025-03,Apexacare,14,60
H337,2025-03,Competitor_A,8,35
H337,2025-03,Competitor_B,7,31
H338,2025-03,Apexacare,11,48
H338,2025-03,Competitor_A,10,45
H338,2025-03,Competitor_B,10,40
H339,2025-03,Apexacare,7,37
H339,2025-03,Competitor_A,11,54
H339,2025-03,Competitor_B,9,41
H340,2025-03,Apexacare,11,50
H340,2025-03,Competitor_A,10,45
H340,2025-03,Competitor_B,11,41
H341,2025-03,Apexacare,10,38
H341,2025-03,Competitor_A,8,32
H341,2025-03,Competitor_B,7,25
H342,2025-03,Apexacare,9,41
H342,2025-03,Competitor_A,5,23
H342,2025-03,Competitor_B,6,24
H343,2025-03,Apexacare,9,34
H343,2025-03,Competitor_A,10,39
H343,2025-03,Competitor_B,9,32
H344,2025-03,Apexacare,6,30
H344,2025-03,Competitor_A,5,23
H344,2025-03,Competitor_B,6,23
H345,2025-03,Apexacare,10,47
H345,2025-03,Competitor_A,10,46
H345,2025-03,Competitor_B,8,33
H346,2025-03,Apexacare,10,52
H346,2025-03,Competitor_A,7,36
H346,2025-03,Competitor_B,7,32
H347,2025-03,Apexacare,15,59
H347,2025-03,Competitor_A,12,48
H347,2025-03,Competitor_B,13,45
H348,2025-03,Apexacare,14,54
H348,2025-03,Competitor_A,13,50
H348,2025-03,Competitor_B,11,43
H349,2025-03,Apexacare,21,80
H349,2025-03,Competitor_A,14,54
H349,2025-03,Competitor_B,14,46
H350,2025-03,Apexacare,14,71
H350,2025-03,Competitor_A,10,52
H350,2025-03,Competitor_B,11,53
H351,2025-03,Apexacare,8,32
H351,2025-03,Competitor_A,8,34
H351,2025-03,Competitor_B,10,34
H352,2025-03,Apexacare,12,43
H352,2025-03,Competitor_A,9,34
H352,2025-03,Competitor_B,11,35
H353,2025-03,Apexacare,9,41
H353,2025-03,Competitor_A,10,44
H353,2025-03,Competitor_B,8,34
H354,2025-03,Apexacare,10,40
H354,2025-03,Competitor_A,9,38
H354,2025-03,Competitor_B,9,34
H355,2025-03,Apexacare,11,47
H355,2025-03,Competitor_A,10,43
H355,2025-03,Competitor_B,11,36
H356,2025-03,Apexacare,7,28
H356,2025-03,Competitor_A,9,37
H356,2025-03,Competitor_B,8,31
H357,2025-03,Apexacare,14,53
H357,2025-03,Competitor_A,13,51
H357,2025-03,Competitor_B,11,40
H358,2025-03,Apexacare,9,38
H358,2025-03,Competitor_A,6,26
H358,2025-03,Competitor_B,6,24
H359,2025-03,Apexacare,3,15
H359,2025-03,Competitor_A,4,18
H359,2025-03,Competitor_B,5,15
H360,2025-03,Apexacare,11,55
H360,2025-03,Competitor_A,6,32
H360,2025-03,Competitor_B,8,33
H361,2025-03,Apexacare,13,46
H361,2025-03,Competitor_A,12,43
H361,2025-03,Competitor_B,10,31
H362,2025-03,Apexacare,15,53
H362,2025-03,Competitor_A,13,48
H362,2025-03,Competitor_B,13,43
H363,2025-03,Apexacare,13,64
H363,2025-03,Competitor_A,9,47
H363,2025-03,Competitor_B,8,33
H364,2025-03,Apexacare,17,74
H364,2025-03,Competitor_A,12,53
H364,2025-03,Competitor_B,12,49
H365,2025-03,Apexacare,7,29
H365,2025-03,Competitor_A,10,43
H365,2025-03,Competitor_B,9,33
H366,2025-03,Apexacare,2,12
H366,2025-03,Competitor_A,1,8
H366,2025-03,Competitor_B,3,10
H367,2025-03,Apexacare,5,22
H367,2025-03,Competitor_A,8,30
H367,2025-03,Competitor_B,9,32
H368,2025-03,Apexacare,10,45
H368,2025-03,Competitor_A,11,49
H368,2025-03,Competitor_B,12,46
H369,2025-03,Apexacare,16,74
H369,2025-03,Competitor_A,11,52
H369,2025-03,Competitor_B,13,50
H370,2025-03,Apexacare,2,12
H370,2025-03,Competitor_A,2,14
H370,2025-03,Competitor_B,4,14
H371,2025-03,Apexacare,3,16
H371,2025-03,Competitor_A,6,32
H371,2025-03,Competitor_B,6,24
H372,2025-03,Apexacare,11,45
H372,2025-03,Competitor_A,7,27
H372,2025-03,Competitor_B,8,28
H373,2025-03,Apexacare,8,31
H373,2025-03,Competitor_A,8,30
H373,2025-03,Competitor_B,8,27
H374,2025-03,Apexacare,9,46
H374,2025-03,Competitor_A,8,40
H374,2025-03,Competitor_B,10,40
H375,2025-03,Apexacare,11,42
H375,2025-03,Competitor_A,12,45
H375,2025-03,Competitor_B,11,39
H376,2025-03,Apexacare,11,42
H376,2025-03,Competitor_A,16,59
H376,2025-03,Competitor_B,13,46
H377,2025-03,Apexacare,7,31
H377,2025-03,Competitor_A,6,28
H377,2025-03,Competitor_B,7,26
H378,2025-03,Apexacare,9,42
H378,2025-03,Competitor_A,8,36
H378,2025-03,Competitor_B,7,27
H379,2025-03,Apexacare,8,33
H379,2025-03,Competitor_A,8,31
H379,2025-03,Competitor_B,8,26
H380,2025-03,Apexacare,5,25
H380,2025-03,Competitor_A,3,17
H380,2025-03,Competitor_B,5,18
H381,2025-03,Apexacare,10,40
H381,2025-03,Competitor_A,9,37
H381,2025-03,Competitor_B,8,33
H382,2025-03,Apexacare,2,14
H382,2025-03,Competitor_A,2,14
H382,2025-03,Competitor_B,4,12
H383,2025-03,Apexacare,5,21
H383,2025-03,Competitor_A,5,20
H383,2025-03,Competitor_B,5,16
H384,2025-03,Apexacare,8,32
H384,2025-03,Competitor_A,13,51
H384,2025-03,Competitor_B,11,36
H385,2025-03,Apexacare,7,38
H385,2025-03,Competitor_A,11,57
H385,2025-03,Competitor_B,12,58
H386,2025-03,Apexacare,18,70
H386,2025-03,Competitor_A,12,49
H386,2025-03,Competitor_B,13,49
H387,2025-03,Apexacare,7,33
H387,2025-03,Competitor_A,6,28
H387,2025-03,Competitor_B,6,29
H388,2025-03,Apexacare,8,39
H388,2025-03,Competitor_A,5,25
H388,2025-03,Competitor_B,6,26
H389,2025-03,Apexacare,10,41
H389,2025-03,Competitor_A,15,59
H389,2025-03,Competitor_B,14,50
H390,2025-03,Apexacare,9,35
H390,2025-03,Competitor_A,8,28
H390,2025-03,Competitor_B,7,22
H391,2025-03,Apexacare,13,55
H391,2025-03,Competitor_A,16,66
H391,2025-03,Competitor_B,13,49
H392,2025-03,Apexacare,2,11
H392,2025-03,Competitor_A,3,12
H392,2025-03,Competitor_B,3,9
H393,2025-03,Apexacare,5,18
H393,2025-03,Competitor_A,14,52
H393,2025-03,Competitor_B,14,50
H394,2025-03,Apexacare,4,22
H394,2025-03,Competitor_A,5,26
H394,2025-03,Competitor_B,7,27
H395,2025-03,Apexacare,12,62
H395,2025-03,Competitor_A,17,88
H395,2025-03,Competitor_B,13,60
H396,2025-03,Apexacare,7,33
H396,2025-03,Competitor_A,14,60
H396,2025-03,Competitor_B,14,59
H397,2025-03,Apexacare,12,48
H397,2025-03,Competitor_A,5,22
H397,2025-03,Competitor_B,5,18
H398,2025-03,Apexacare,13,46
H398,2025-03,Competitor_A,28,101
H398,2025-03,Competitor_B,22,73
H399,2025-03,Apexacare,13,48
H399,2025-03,Competitor_A,7,26
H399,2025-03,Competitor_B,7,21
H400,2025-03,Apexacare,9,47
H400,2025-03,Competitor_A,8,42
H400,2025-03,Competitor_B,8,31
H401,2025-03,Apexacare,14,67
H401,2025-03,Competitor_A,7,33
H401,2025-03,Competitor_B,7,28
H402,2025-03,Apexacare,8,39
H402,2025-03,Competitor_A,8,40
H402,2025-03,Competitor_B,10,40
H403,2025-03,Apexacare,4,15
H403,2025-03,Competitor_A,8,31
H403,2025-03,Competitor_B,7,22
H404,2025-03,Apexacare,10,36
H404,2025-03,Competitor_A,15,53
H404,2025-03,Competitor_B,14,47
H405,2025-03,Apexacare,5,21
H405,2025-03,Competitor_A,5,20
H405,2025-03,Competitor_B,7,19
H406,2025-03,Apexacare,11,55
H406,2025-03,Competitor_A,13,64
H406,2025-03,Competitor_B,12,51
H407,2025-03,Apexacare,15,68
H407,2025-03,Competitor_A,11,50
H407,2025-03,Competitor_B,11,50
H408,2025-03,Apexacare,15,78
H408,2025-03,Competitor_A,10,53
H408,2025-03,Competitor_B,11,49
H409,2025-03,Apexacare,14,53
H409,2025-03,Competitor_A,5,21
H409,2025-03,Competitor_B,6,21
H410,2025-03,Apexacare,14,51
H410,2025-03,Competitor_A,13,49
H410,2025-03,Competitor_B,14,47
H411,2025-03,Apexacare,5,22
H411,2025-03,Competitor_A,2,10
H411,2025-03,Competitor_B,4,10
H412,2025-03,Apexacare,11,49
H412,2025-03,Competitor_A,10,44
H412,2025-03,Competitor_B,9,39
H413,2025-03,Apexacare,9,35
H413,2025-03,Competitor_A,7,27
H413,2025-03,Competitor_B,8,28
H414,2025-03,Apexacare,7,35
H414,2025-03,Competitor_A,7,35
H414,2025-03,Competitor_B,6,26
H415,2025-03,Apexacare,20,72
H415,2025-03,Competitor_A,7,28
H415,2025-03,Competitor_B,8,26
H416,2025-03,Apexacare,2,8
H416,2025-03,Competitor_A,2,7
H416,2025-03,Competitor_B,2,6
H417,2025-03,Apexacare,17,68
H417,2025-03,Competitor_A,15,60
H417,2025-03,Competitor_B,14,52
H418,2025-03,Apexacare,10,45
H418,2025-03,Competitor_A,10,44
H418,2025-03,Competitor_B,11,43
H419,2025-03,Apexacare,2,11
H419,2025-03,Competitor_A,3,17
H419,2025-03,Competitor_B,4,14
H420,2025-03,Apexacare,8,41
H420,2025-03,Competitor_A,5,24
H420,2025-03,Competitor_B,6,25
H421,2025-03,Apexacare,10,36
H421,2025-03,Competitor_A,9,33
H421,2025-03,Competitor_B,11,33
H422,2025-03,Apexacare,2,16
H422,2025-03,Competitor_A,2,15
H422,2025-03,Competitor_B,4,13
H423,2025-03,Apexacare,11,59
H423,2025-03,Competitor_A,5,25
H423,2025-03,Competitor_B,5,21
H424,2025-03,Apexacare,14,56
H424,2025-03,Competitor_A,9,35
H424,2025-03,Competitor_B,8,28
H425,2025-03,Apexacare,12,44
H425,2025-03,Competitor_A,13,48
H425,2025-03,Competitor_B,11,34
H426,2025-03,Apexacare,17,61
H426,2025-03,Competitor_A,12,42
H426,2025-03,Competitor_B,11,37
H427,2025-03,Apexacare,10,43
H427,2025-03,Competitor_A,8,34
H427,2025-03,Competitor_B,7,25
H428,2025-03,Apexacare,16,65
H428,2025-03,Competitor_A,11,45
H428,2025-03,Competitor_B,10,42
H429,2025-03,Apexacare,17,68
H429,2025-03,Competitor_A,7,28
H429,2025-03,Competitor_B,7,23
H430,2025-03,Apexacare,11,42
H430,2025-03,Competitor_A,10,36
H430,2025-03,Competitor_B,9,30
H431,2025-03,Apexacare,9,38
H431,2025-03,Competitor_A,8,37
H431,2025-03,Competitor_B,7,27
H432,2025-03,Apexacare,7,32
H432,2025-03,Competitor_A,6,26
H432,2025-03,Competitor_B,5,22
H433,2025-03,Apexacare,7,29
H433,2025-03,Competitor_A,8,36
H433,2025-03,Competitor_B,9,35
H434,2025-03,Apexacare,7,33
H434,2025-03,Competitor_A,8,39
H434,2025-03,Competitor_B,10,38
H435,2025-03,Apexacare,8,32
H435,2025-03,Competitor_A,5,22
H435,2025-03,Competitor_B,7,22
H436,2025-03,Apexacare,6,30
H436,2025-03,Competitor_A,13,61
H436,2025-03,Competitor_B,13,49
H437,2025-03,Apexacare,14,63
H437,2025-03,Competitor_A,11,50
H437,2025-03,Competitor_B,9,39
H438,2025-03,Apexacare,4,17
H438,2025-03,Competitor_A,3,13
H438,2025-03,Competitor_B,4,12
H439,2025-03,Apexacare,6,27
H439,2025-03,Competitor_A,10,46
H439,2025-03,Competitor_B,11,47
H440,2025-03,Apexacare,7,26
H440,2025-03,Competitor_A,14,47
H440,2025-03,Competitor_B,14,46
H441,2025-03,Apexacare,4,21
H441,2025-03,Competitor_A,7,32
H441,2025-03,Competitor_B,9,32
H442,2025-03,Apexacare,8,40
H442,2025-03,Competitor_A,6,31
H442,2025-03,Competitor_B,6,29
H443,2025-03,Apexacare,12,47
H443,2025-03,Competitor_A,12,48
H443,2025-03,Competitor_B,12,41
H444,2025-03,Apexacare,8,32
H444,2025-03,Competitor_A,12,48
H444,2025-03,Competitor_B,12,48
H445,2025-03,Apexacare,8,43
H445,2025-03,Competitor_A,8,42
H445,2025-03,Competitor_B,7,34
H446,2025-03,Apexacare,6,30
H446,2025-03,Competitor_A,11,57
H446,2025-03,Competitor_B,10,46
H447,2025-03,Apexacare,16,61
H447,2025-03,Competitor_A,8,30
H447,2025-03,Competitor_B,9,28
H448,2025-03,Apexacare,6,24
H448,2025-03,Competitor_A,2,10
H448,2025-03,Competitor_B,3,8
H449,2025-03,Apexacare,5,27
H449,2025-03,Competitor_A,6,33
H449,2025-03,Competitor_B,8,30
H450,2025-03,Apexacare,10,36
H450,2025-03,Competitor_A,10,39
H450,2025-03,Competitor_B,9,30
H451,2025-03,Apexacare,12,49
H451,2025-03,Competitor_A,13,51
H451,2025-03,Competitor_B,12,44
H452,2025-03,Apexacare,12,50
H452,2025-03,Competitor_A,11,48
H452,2025-03,Competitor_B,11,46
H453,2025-03,Apexacare,8,43
H453,2025-03,Competitor_A,8,43
H453,2025-03,Competitor_B,9,40
H454,2025-03,Apexacare,10,36
H454,2025-03,Competitor_A,10,35
H454,2025-03,Competitor_B,11,34
H455,2025-03,Apexacare,1,7
H455,2025-03,Competitor_A,1,6
H455,2025-03,Competitor_B,1,6
H456,2025-03,Apexacare,11,51
H456,2025-03,Competitor_A,13,59
H456,2025-03,Competitor_B,12,50
H457,2025-03,Apexacare,8,32
H457,2025-03,Competitor_A,7,26
H457,2025-03,Competitor_B,8,27
H458,2025-03,Apexacare,7,29
H458,2025-03,Competitor_A,4,15
H458,2025-03,Competitor_B,4,13
H459,2025-03,Apexacare,3,13
H459,2025-03,Competitor_A,4,15
H459,2025-03,Competitor_B,4,14
H460,2025-03,Apexacare,17,77
H460,2025-03,Competitor_A,17,75
H460,2025-03,Competitor_B,16,68
H461,2025-03,Apexacare,14,51
H461,2025-03,Competitor_A,6,21
H461,2025-03,Competitor_B,6,18
H462,2025-03,Apexacare,7,32
H462,2025-03,Competitor_A,7,35
H462,2025-03,Competitor_B,8,35
H463,2025-03,Apexacare,13,47
H463,2025-03,Competitor_A,8,31
H463,2025-03,Competitor_B,8,27
H464,2025-03,Apexacare,19,67
H464,2025-03,Competitor_A,14,49
H464,2025-03,Competitor_B,14,46
H465,2025-03,Apexacare,18,69
H465,2025-03,Competitor_A,16,63
H465,2025-03,Competitor_B,14,48
H466,2025-03,Apexacare,15,78
H466,2025-03,Competitor_A,8,40
H466,2025-03,Competitor_B,7,34
H467,2025-03,Apexacare,3,14
H467,2025-03,Competitor_A,3,12
H467,2025-03,Competitor_B,3,10
H468,2025-03,Apexacare,7,26
H468,2025-03,Competitor_A,10,37
H468,2025-03,Competitor_B,9,33
H469,2025-03,Apexacare,7,35
H469,2025-03,Competitor_A,7,34
H469,2025-03,Competitor_B,7,31
H470,2025-03,Apexacare,4,16
H470,2025-03,Competitor_A,3,12
H470,2025-03,Competitor_B,4,14
H471,2025-03,Apexacare,5,23
H471,2025-03,Competitor_A,7,30
H471,2025-03,Competitor_B,9,31
H472,2025-03,Apexacare,11,40
H472,2025-03,Competitor_A,8,31
H472,2025-03,Competitor_B,9,31
H473,2025-03,Apexacare,1,6
H473,2025-03,Competitor_A,1,5
H473,2025-03,Competitor_B,2,7
H474,2025-03,Apexacare,10,49
H474,2025-03,Competitor_A,9,41
H474,2025-03,Competitor_B,9,36
H475,2025-03,Apexacare,13,56
H475,2025-03,Competitor_A,6,26
H475,2025-03,Competitor_B,6,23
H476,2025-03,Apexacare,6,34
H476,2025-03,Competitor_A,2,14
H476,2025-03,Competitor_B,4,12
H477,2025-03,Apexacare,10,44
H477,2025-03,Competitor_A,6,30
H477,2025-03,Competitor_B,7,26
H478,2025-03,Apexacare,18,69
H478,2025-03,Competitor_A,12,49
H478,2025-03,Competitor_B,12,42
H479,2025-03,Apexacare,7,28
H479,2025-03,Competitor_A,7,26
H479,2025-03,Competitor_B,6,21
H480,2025-03,Apexacare,8,29
H480,2025-03,Competitor_A,8,32
H480,2025-03,Competitor_B,9,29
H481,2025-03,Apexacare,12,60
H481,2025-03,Competitor_A,11,57
H481,2025-03,Competitor_B,9,43
H482,2025-03,Apexacare,12,61
H482,2025-03,Competitor_A,9,47
H482,2025-03,Competitor_B,8,36
H483,2025-03,Apexacare,2,9
H483,2025-03,Competitor_A,1,6
H483,2025-03,Competitor_B,2,5
H484,2025-03,Apexacare,7,33
H484,2025-03,Competitor_A,15,67
H484,2025-03,Competitor_B,12,47
H485,2025-03,Apexacare,7,32
H485,2025-03,Competitor_A,13,60
H485,2025-03,Competitor_B,12,48
H486,2025-03,Apexacare,3,15
H486,2025-03,Competitor_A,2,12
H486,2025-03,Competitor_B,4,13
H487,2025-03,Apexacare,13,47
H487,2025-03,Competitor_A,10,36
H487,2025-03,Competitor_B,8,27
H488,2025-03,Apexacare,8,34
H488,2025-03,Competitor_A,13,49
H488,2025-03,Competitor_B,10,36
H489,2025-03,Apexacare,13,50
H489,2025-03,Competitor_A,20,77
H489,2025-03,Competitor_B,20,71
H490,2025-03,Apexacare,18,74
H490,2025-03,Competitor_A,13,54
H490,2025-03,Competitor_B,10,40
H491,2025-03,Apexacare,8,39
H491,2025-03,Competitor_A,7,33
H491,2025-03,Competitor_B,9,33
H492,2025-03,Apexacare,5,24
H492,2025-03,Competitor_A,10,44
H492,2025-03,Competitor_B,8,32
H493,2025-03,Apexacare,7,31
H493,2025-03,Competitor_A,8,33
H493,2025-03,Competitor_B,7,26
H494,2025-03,Apexacare,2,10
H494,2025-03,Competitor_A,7,29
H494,2025-03,Competitor_B,8,27
H495,2025-03,Apexacare,0,3
H495,2025-03,Competitor_A,4,18
H495,2025-03,Competitor_B,6,17
H496,2025-03,Apexacare,6,30
H496,2025-03,Competitor_A,18,90
H496,2025-03,Competitor_B,17,78
H497,2025-03,Apexacare,9,36
H497,2025-03,Competitor_A,15,60
H497,2025-03,Competitor_B,13,54
H498,2025-03,Apexacare,2,13
H498,2025-03,Competitor_A,5,27
H498,2025-03,Competitor_B,6,20
H499,2025-03,Apexacare,7,32
H499,2025-03,Competitor_A,6,27
H499,2025-03,Competitor_B,7,25
H500,2025-03,Apexacare,6,27
H500,2025-03,Competitor_A,4,19
H500,2025-03,Competitor_B,4,17
H501,2025-03,Apexacare,1,4
H501,2025-03,Competitor_A,3,17
H501,2025-03,Competitor_B,4,15
H502,2025-03,Apexacare,9,33
H502,2025-03,Competitor_A,13,50
H502,2025-03,Competitor_B,11,36
H503,2025-03,Apexacare,9,35
H503,2025-03,Competitor_A,12,45
H503,2025-03,Competitor_B,9,34
H504,2025-03,Apexacare,8,31
H504,2025-03,Competitor_A,16,59
H504,2025-03,Competitor_B,14,50
H505,2025-03,Apexacare,9,36
H505,2025-03,Competitor_A,13,53
H505,2025-03,Competitor_B,11,37
H506,2025-03,Apexacare,2,9
H506,2025-03,Competitor_A,14,48
H506,2025-03,Competitor_B,15,48
H507,2025-03,Apexacare,6,25
H507,2025-03,Competitor_A,12,46
H507,2025-03,Competitor_B,12,39
H508,2025-03,Apexacare,11,51
H508,2025-03,Competitor_A,9,43
H508,2025-03,Competitor_B,9,38
H509,2025-03,Apexacare,10,44
H509,2025-03,Competitor_A,13,59
H509,2025-03,Competitor_B,10,41
H510,2025-03,Apexacare,3,13
H510,2025-03,Competitor_A,8,32
H510,2025-03,Competitor_B,8,30
H511,2025-03,Apexacare,8,33
H511,2025-03,Competitor_A,8,32
H511,2025-03,Competitor_B,6,25
H512,2025-03,Apexacare,12,58
H512,2025-03,Competitor_A,7,35
H512,2025-03,Competitor_B,6,27
H513,2025-03,Apexacare,17,73
H513,2025-03,Competitor_A,11,47
H513,2025-03,Competitor_B,10,42
H514,2025-03,Apexacare,7,30
H514,2025-03,Competitor_A,12,51
H514,2025-03,Competitor_B,12,45
H515,2025-03,Apexacare,8,35
H515,2025-03,Competitor_A,13,53
H515,2025-03,Competitor_B,10,38
H516,2025-03,Apexacare,10,46
H516,2025-03,Competitor_A,15,66
H516,2025-03,Competitor_B,12,48
H517,2025-03,Apexacare,3,16
H517,2025-03,Competitor_A,10,47
H517,2025-03,Competitor_B,9,33
H518,2025-03,Apexacare,6,27
H518,2025-03,Competitor_A,14,57
H518,2025-03,Competitor_B,15,56
H519,2025-03,Apexacare,7,27
H519,2025-03,Competitor_A,9,37
H519,2025-03,Competitor_B,9,32
H520,2025-03,Apexacare,5,20
H520,2025-03,Competitor_A,3,12
H520,2025-03,Competitor_B,3,10
H521,2025-03,Apexacare,15,67
H521,2025-03,Competitor_A,11,50
H521,2025-03,Competitor_B,10,36
H522,2025-03,Apexacare,4,20
H522,2025-03,Competitor_A,14,71
H522,2025-03,Competitor_B,10,49
H523,2025-03,Apexacare,1,6
H523,2025-03,Competitor_A,5,22
H523,2025-03,Competitor_B,5,17
H524,2025-03,Apexacare,8,34
H524,2025-03,Competitor_A,7,28
H524,2025-03,Competitor_B,7,28
H525,2025-03,Apexacare,7,30
H525,2025-03,Competitor_A,10,43
H525,2025-03,Competitor_B,9,32
H526,2025-03,Apexacare,13,49
H526,2025-03,Competitor_A,19,71
H526,2025-03,Competitor_B,20,69
H527,2025-03,Apexacare,10,42
H527,2025-03,Competitor_A,16,63
H527,2025-03,Competitor_B,15,55
H528,2025-03,Apexacare,2,10
H528,2025-03,Competitor_A,3,16
H528,2025-03,Competitor_B,4,16
H529,2025-03,Apexacare,3,16
H529,2025-03,Competitor_A,7,31
H529,2025-03,Competitor_B,8,33
H530,2025-03,Apexacare,9,35
H530,2025-03,Competitor_A,9,35
H530,2025-03,Competitor_B,8,26
H531,2025-03,Apexacare,6,22
H531,2025-03,Competitor_A,6,25
H531,2025-03,Competitor_B,6,21
H532,2025-03,Apexacare,10,45
H532,2025-03,Competitor_A,15,67
H532,2025-03,Competitor_B,15,58
H533,2025-03,Apexacare,2,8
H533,2025-03,Competitor_A,5,21
H533,2025-03,Competitor_B,5,22
H534,2025-03,Apexacare,10,40
H534,2025-03,Competitor_A,11,45
H534,2025-03,Competitor_B,10,34
H535,2025-03,Apexacare,3,16
H535,2025-03,Competitor_A,6,29
H535,2025-03,Competitor_B,8,30
H536,2025-03,Apexacare,4,21
H536,2025-03,Competitor_A,12,59
H536,2025-03,Competitor_B,11,53
H537,2025-03,Apexacare,15,67
H537,2025-03,Competitor_A,9,41
H537,2025-03,Competitor_B,11,39
H538,2025-03,Apexacare,11,50
H538,2025-03,Competitor_A,8,37
H538,2025-03,Competitor_B,8,33
H539,2025-03,Apexacare,6,28
H539,2025-03,Competitor_A,6,31
H539,2025-03,Competitor_B,7,31
H540,2025-03,Apexacare,15,62
H540,2025-03,Competitor_A,12,50
H540,2025-03,Competitor_B,11,42
H541,2025-03,Apexacare,15,71
H541,2025-03,Competitor_A,10,49
H541,2025-03,Competitor_B,9,34
H542,2025-03,Apexacare,1,4
H542,2025-03,Competitor_A,2,8
H542,2025-03,Competitor_B,2,10
H543,2025-03,Apexacare,10,40
H543,2025-03,Competitor_A,16,64
H543,2025-03,Competitor_B,13,46
H544,2025-03,Apexacare,7,25
H544,2025-03,Competitor_A,16,59
H544,2025-03,Competitor_B,15,52
H545,2025-03,Apexacare,13,68
H545,2025-03,Competitor_A,9,48
H545,2025-03,Competitor_B,8,34
H546,2025-03,Apexacare,6,23
H546,2025-03,Competitor_A,6,22
H546,2025-03,Competitor_B,8,23
H547,2025-03,Apexacare,6,25
H547,2025-03,Competitor_A,9,37
H547,2025-03,Competitor_B,9,34
H548,2025-03,Apexacare,7,36
H548,2025-03,Competitor_A,12,59
H548,2025-03,Competitor_B,10,41
H549,2025-03,Apexacare,6,29
H549,2025-03,Competitor_A,9,42
H549,2025-03,Competitor_B,8,34
H550,2025-03,Apexacare,5,28
H550,2025-03,Competitor_A,11,60
H550,2025-03,Competitor_B,10,45
H551,2025-03,Apexacare,2,10
H551,2025-03,Competitor_A,6,24
H551,2025-03,Competitor_B,8,23
H552,2025-03,Apexacare,9,41
H552,2025-03,Competitor_A,12,58
H552,2025-03,Competitor_B,10,41
H553,2025-03,Apexacare,12,49
H553,2025-03,Competitor_A,20,79
H553,2025-03,Competitor_B,16,61
H554,2025-03,Apexacare,0,2
H554,2025-03,Competitor_A,2,10
H554,2025-03,Competitor_B,3,8
H555,2025-03,Apexacare,10,39
H555,2025-03,Competitor_A,14,51
H555,2025-03,Competitor_B,14,50
H556,2025-03,Apexacare,3,17
H556,2025-03,Competitor_A,13,64
H556,2025-03,Competitor_B,11,52
H557,2025-03,Apexacare,9,31
H557,2025-03,Competitor_A,22,78
H557,2025-03,Competitor_B,20,67
H558,2025-03,Apexacare,4,22
H558,2025-03,Competitor_A,6,32
H558,2025-03,Competitor_B,6,26
H559,2025-03,Apexacare,5,25
H559,2025-03,Competitor_A,11,56
H559,2025-03,Competitor_B,10,45
H560,2025-03,Apexacare,2,7
H560,2025-03,Competitor_A,10,38
H560,2025-03,Competitor_B,10,35
H561,2025-03,Apexacare,5,20
H561,2025-03,Competitor_A,24,98
H561,2025-03,Competitor_B,24,92
H562,2025-03,Apexacare,7,26
H562,2025-03,Competitor_A,6,25
H562,2025-03,Competitor_B,6,21
H563,2025-03,Apexacare,7,34
H563,2025-03,Competitor_A,7,37
H563,2025-03,Competitor_B,7,31
H564,2025-03,Apexacare,10,47
H564,2025-03,Competitor_A,14,63
H564,2025-03,Competitor_B,12,50
H565,2025-03,Apexacare,2,11
H565,2025-03,Competitor_A,8,30
H565,2025-03,Competitor_B,7,22
H566,2025-03,Apexacare,11,44
H566,2025-03,Competitor_A,15,58
H566,2025-03,Competitor_B,13,45
H567,2025-03,Apexacare,5,21
H567,2025-03,Competitor_A,12,43
H567,2025-03,Competitor_B,10,32
H568,2025-03,Apexacare,10,49
H568,2025-03,Competitor_A,10,49
H568,2025-03,Competitor_B,10,46
H569,2025-03,Apexacare,1,8
H569,2025-03,Competitor_A,5,31
H569,2025-03,Competitor_B,6,25
H570,2025-03,Apexacare,4,16
H570,2025-03,Competitor_A,7,30
H570,2025-03,Competitor_B,9,30
H571,2025-03,Apexacare,1,9
H571,2025-03,Competitor_A,4,21
H571,2025-03,Competitor_B,5,18
H572,2025-03,Apexacare,17,81
H572,2025-03,Competitor_A,12,60
H572,2025-03,Competitor_B,13,57
H573,2025-03,Apexacare,6,30
H573,2025-03,Competitor_A,18,89
H573,2025-03,Competitor_B,15,70
H574,2025-03,Apexacare,3,14
H574,2025-03,Competitor_A,10,40
H574,2025-03,Competitor_B,11,36
H575,2025-03,Apexacare,5,28
H575,2025-03,Competitor_A,5,28
H575,2025-03,Competitor_B,6,24
H576,2025-03,Apexacare,1,7
H576,2025-03,Competitor_A,4,18
H576,2025-03,Competitor_B,4,15
H577,2025-03,Apexacare,6,23
H577,2025-03,Competitor_A,7,26
H577,2025-03,Competitor_B,8,26
H578,2025-03,Apexacare,13,65
H578,2025-03,Competitor_A,8,38
H578,2025-03,Competitor_B,8,37
H579,2025-03,Apexacare,2,10
H579,2025-03,Competitor_A,3,17
H579,2025-03,Competitor_B,4,18
H580,2025-03,Apexacare,14,54
H580,2025-03,Competitor_A,12,46
H580,2025-03,Competitor_B,11,35
H581,2025-03,Apexacare,7,33
H581,2025-03,Competitor_A,16,77
H581,2025-03,Competitor_B,14,66
H582,2025-03,Apexacare,4,21
H582,2025-03,Competitor_A,9,40
H582,2025-03,Competitor_B,9,35
H583,2025-03,Apexacare,15,54
H583,2025-03,Competitor_A,22,80
H583,2025-03,Competitor_B,19,64
H584,2025-03,Apexacare,9,35
H584,2025-03,Competitor_A,6,25
H584,2025-03,Competitor_B,7,24
H585,2025-03,Apexacare,16,67
H585,2025-03,Competitor_A,16,65
H585,2025-03,Competitor_B,13,48
H586,2025-03,Apexacare,5,19
H586,2025-03,Competitor_A,12,42
H586,2025-03,Competitor_B,11,35
H587,2025-03,Apexacare,4,15
H587,2025-03,Competitor_A,7,26
H587,2025-03,Competitor_B,6,19
H588,2025-03,Apexacare,7,26
H588,2025-03,Competitor_A,11,43
H588,2025-03,Competitor_B,10,36
H589,2025-03,Apexacare,7,35
H589,2025-03,Competitor_A,11,52
H589,2025-03,Competitor_B,11,45
H590,2025-03,Apexacare,16,69
H590,2025-03,Competitor_A,13,55
H590,2025-03,Competitor_B,14,56
H591,2025-03,Apexacare,1,5
H591,2025-03,Competitor_A,2,9
H591,2025-03,Competitor_B,2,8
H592,2025-03,Apexacare,4,20
H592,2025-03,Competitor_A,8,37
H592,2025-03,Competitor_B,7,31
H593,2025-03,Apexacare,11,51
H593,2025-03,Competitor_A,7,34
H593,2025-03,Competitor_B,7,29
H594,2025-03,Apexacare,5,26
H594,2025-03,Competitor_A,5,28
H594,2025-03,Competitor_B,6,26
H595,2025-03,Apexacare,12,47
H595,2025-03,Competitor_A,14,57
H595,2025-03,Competitor_B,12,43
H596,2025-03,Apexacare,17,77
H596,2025-03,Competitor_A,11,50
H596,2025-03,Competitor_B,11,43
H597,2025-03,Apexacare,11,49
H597,2025-03,Competitor_A,8,34
H597,2025-03,Competitor_B,7,25
H598,2025-03,Apexacare,12,48
H598,2025-03,Competitor_A,22,84
H598,2025-03,Competitor_B,16,58
H599,2025-03,Apexacare,8,32
H599,2025-03,Competitor_A,9,36
H599,2025-03,Competitor_B,9,37
H600,2025-03,Apexacare,4,18
H600,2025-03,Competitor_A,11,43
H600,2025-03,Competitor_B,12,44
H601,2025-03,Apexacare,4,15
H601,2025-03,Competitor_A,7,26
H601,2025-03,Competitor_B,6,22
H602,2025-03,Apexacare,2,9
H602,2025-03,Competitor_A,1,7
H602,2025-03,Competitor_B,2,6
H603,2025-03,Apexacare,30,106
H603,2025-03,Competitor_A,16,55
H603,2025-03,Competitor_B,12,39
H604,2025-03,Apexacare,5,20
H604,2025-03,Competitor_A,3,11
H604,2025-03,Competitor_B,4,13
H605,2025-03,Apexacare,15,69
H605,2025-03,Competitor_A,5,26
H605,2025-03,Competitor_B,6,25
H001,2025-04,Apexacare,15,63
H001,2025-04,Competitor_A,14,55
H001,2025-04,Competitor_B,12,44
H002,2025-04,Apexacare,13,50
H002,2025-04,Competitor_A,10,40
H002,2025-04,Competitor_B,9,29
H003,2025-04,Apexacare,1,5
H003,2025-04,Competitor_A,0,4
H003,2025-04,Competitor_B,2,6
H004,2025-04,Apexacare,13,60
H004,2025-04,Competitor_A,11,48
H004,2025-04,Competitor_B,9,36
H005,2025-04,Apexacare,12,47
H005,2025-04,Competitor_A,8,30
H005,2025-04,Competitor_B,7,23
H006,2025-04,Apexacare,16,73
H006,2025-04,Competitor_A,11,51
H006,2025-04,Competitor_B,12,47
H007,2025-04,Apexacare,6,24
H007,2025-04,Competitor_A,5,23
H007,2025-04,Competitor_B,5,19
H008,2025-04,Apexacare,12,54
H008,2025-04,Competitor_A,4,21
H008,2025-04,Competitor_B,5,20
H009,2025-04,Apexacare,13,54
H009,2025-04,Competitor_A,9,40
H009,2025-04,Competitor_B,11,42
H010,2025-04,Apexacare,9,36
H010,2025-04,Competitor_A,12,47
H010,2025-04,Competitor_B,10,36
H011,2025-04,Apexacare,14,67
H011,2025-04,Competitor_A,12,59
H011,2025-04,Competitor_B,12,50
H012,2025-04,Apexacare,7,33
H012,2025-04,Competitor_A,10,45
H012,2025-04,Competitor_B,10,36
H013,2025-04,Apexacare,7,30
H013,2025-04,Competitor_A,5,23
H013,2025-04,Competitor_B,5,19
H014,2025-04,Apexacare,18,90
H014,2025-04,Competitor_A,8,40
H014,2025-04,Competitor_B,9,38
H015,2025-04,Apexacare,14,51
H015,2025-04,Competitor_A,6,22
H015,2025-04,Competitor_B,6,17
H016,2025-04,Apexacare,11,49
H016,2025-04,Competitor_A,7,30
H016,2025-04,Competitor_B,6,23
H017,2025-04,Apexacare,23,118
H017,2025-04,Competitor_A,10,53
H017,2025-04,Competitor_B,9,39
H018,2025-04,Apexacare,4,25
H018,2025-04,Competitor_A,2,11
H018,2025-04,Competitor_B,3,12
H019,2025-04,Apexacare,8,44
H019,2025-04,Competitor_A,10,52
H019,2025-04,Competitor_B,11,51
H020,2025-04,Apexacare,4,17
H020,2025-04,Competitor_A,3,11
H020,2025-04,Competitor_B,3,10
H021,2025-04,Apexacare,3,16
H021,2025-04,Competitor_A,4,22
H021,2025-04,Competitor_B,5,22
H022,2025-04,Apexacare,9,38
H022,2025-04,Competitor_A,14,60
H022,2025-04,Competitor_B,13,49
H023,2025-04,Apexacare,11,45
H023,2025-04,Competitor_A,8,34
H023,2025-04,Competitor_B,7,26
H024,2025-04,Apexacare,9,34
H024,2025-04,Competitor_A,23,82
H024,2025-04,Competitor_B,21,73
H025,2025-04,Apexacare,14,51
H025,2025-04,Competitor_A,13,48
H025,2025-04,Competitor_B,13,41
H026,2025-04,Apexacare,13,60
H026,2025-04,Competitor_A,5,26
H026,2025-04,Competitor_B,5,19
H027,2025-04,Apexacare,3,17
H027,2025-04,Competitor_A,5,26
H027,2025-04,Competitor_B,7,25
H028,2025-04,Apexacare,15,58
H028,2025-04,Competitor_A,10,38
H028,2025-04,Competitor_B,12,40
H029,2025-04,Apexacare,13,50
H029,2025-04,Competitor_A,9,37
H029,2025-04,Competitor_B,9,33
H030,2025-04,Apexacare,13,51
H030,2025-04,Competitor_A,16,65
H030,2025-04,Competitor_B,15,54
H031,2025-04,Apexacare,9,42
H031,2025-04,Competitor_A,4,18
H031,2025-04,Competitor_B,4,16
H032,2025-04,Apexacare,7,35
H032,2025-04,Competitor_A,12,56
H032,2025-04,Competitor_B,12,53
H033,2025-04,Apexacare,15,56
H033,2025-04,Competitor_A,20,75
H033,2025-04,Competitor_B,16,58
H034,2025-04,Apexacare,6,33
H034,2025-04,Competitor_A,6,34
H034,2025-04,Competitor_B,7,29
H035,2025-04,Apexacare,5,24
H035,2025-04,Competitor_A,10,45
H035,2025-04,Competitor_B,9,36
H036,2025-04,Apexacare,13,55
H036,2025-04,Competitor_A,14,62
H036,2025-04,Competitor_B,11,43
H037,2025-04,Apexacare,11,37
H037,2025-04,Competitor_A,11,38
H037,2025-04,Competitor_B,9,30
H038,2025-04,Apexacare,9,44
H038,2025-04,Competitor_A,12,59
H038,2025-04,Competitor_B,9,41
H039,2025-04,Apexacare,29,108
H039,2025-04,Competitor_A,13,49
H039,2025-04,Competitor_B,11,41
H040,2025-04,Apexacare,22,88
H040,2025-04,Competitor_A,16,65
H040,2025-04,Competitor_B,12,45
H041,2025-04,Apexacare,6,25
H041,2025-04,Competitor_A,5,20
H041,2025-04,Competitor_B,5,18
H042,2025-04,Apexacare,9,35
H042,2025-04,Competitor_A,7,27
H042,2025-04,Competitor_B,7,22
H043,2025-04,Apexacare,17,69
H043,2025-04,Competitor_A,10,40
H043,2025-04,Competitor_B,10,38
H044,2025-04,Apexacare,3,19
H044,2025-04,Competitor_A,10,52
H044,2025-04,Competitor_B,9,37
H045,2025-04,Apexacare,17,68
H045,2025-04,Competitor_A,13,55
H045,2025-04,Competitor_B,11,39
H046,2025-04,Apexacare,17,58
H046,2025-04,Competitor_A,9,31
H046,2025-04,Competitor_B,7,23
H047,2025-04,Apexacare,1,7
H047,2025-04,Competitor_A,1,6
H047,2025-04,Competitor_B,2,6
H048,2025-04,Apexacare,3,11
H048,2025-04,Competitor_A,5,19
H048,2025-04,Competitor_B,5,15
H049,2025-04,Apexacare,13,54
H049,2025-04,Competitor_A,6,27
H049,2025-04,Competitor_B,6,21
H050,2025-04,Apexacare,6,32
H050,2025-04,Competitor_A,8,41
H050,2025-04,Competitor_B,7,29
H051,2025-04,Apexacare,13,59
H051,2025-04,Competitor_A,10,49
H051,2025-04,Competitor_B,9,36
H052,2025-04,Apexacare,3,12
H052,2025-04,Competitor_A,4,19
H052,2025-04,Competitor_B,5,17
H053,2025-04,Apexacare,13,55
H053,2025-04,Competitor_A,5,22
H053,2025-04,Competitor_B,7,23
H054,2025-04,Apexacare,10,44
H054,2025-04,Competitor_A,9,40
H054,2025-04,Competitor_B,9,36
H055,2025-04,Apexacare,13,45
H055,2025-04,Competitor_A,8,29
H055,2025-04,Competitor_B,8,26
H056,2025-04,Apexacare,13,55
H056,2025-04,Competitor_A,19,79
H056,2025-04,Competitor_B,14,56
H057,2025-04,Apexacare,16,60
H057,2025-04,Competitor_A,6,23
H057,2025-04,Competitor_B,6,22
H058,2025-04,Apexacare,7,36
H058,2025-04,Competitor_A,9,45
H058,2025-04,Competitor_B,10,38
H059,2025-04,Apexacare,12,48
H059,2025-04,Competitor_A,8,30
H059,2025-04,Competitor_B,7,24
H060,2025-04,Apexacare,16,73
H060,2025-04,Competitor_A,12,56
H060,2025-04,Competitor_B,12,51
H061,2025-04,Apexacare,8,37
H061,2025-04,Competitor_A,12,58
H061,2025-04,Competitor_B,11,49
H062,2025-04,Apexacare,7,27
H062,2025-04,Competitor_A,5,19
H062,2025-04,Competitor_B,6,17
H063,2025-04,Apexacare,5,18
H063,2025-04,Competitor_A,4,16
H063,2025-04,Competitor_B,5,17
H064,2025-04,Apexacare,16,61
H064,2025-04,Competitor_A,11,44
H064,2025-04,Competitor_B,9,31
H065,2025-04,Apexacare,10,52
H065,2025-04,Competitor_A,11,54
H065,2025-04,Competitor_B,10,47
H066,2025-04,Apexacare,12,61
H066,2025-04,Competitor_A,17,80
H066,2025-04,Competitor_B,13,57
H067,2025-04,Apexacare,4,15
H067,2025-04,Competitor_A,6,24
H067,2025-04,Competitor_B,6,21
H068,2025-04,Apexacare,2,13
H068,2025-04,Competitor_A,3,15
H068,2025-04,Competitor_B,4,14
H069,2025-04,Apexacare,11,52
H069,2025-04,Competitor_A,14,63
H069,2025-04,Competitor_B,13,56
H070,2025-04,Apexacare,19,68
H070,2025-04,Competitor_A,9,32
H070,2025-04,Competitor_B,8,28
H071,2025-04,Apexacare,7,36
H071,2025-04,Competitor_A,4,24
H071,2025-04,Competitor_B,5,20
H072,2025-04,Apexacare,6,26
H072,2025-04,Competitor_A,6,28
H072,2025-04,Competitor_B,6,26
H073,2025-04,Apexacare,6,25
H073,2025-04,Competitor_A,4,17
H073,2025-04,Competitor_B,4,18
H074,2025-04,Apexacare,14,67
H074,2025-04,Competitor_A,10,50
H074,2025-04,Competitor_B,8,36
H075,2025-04,Apexacare,3,17
H075,2025-04,Competitor_A,4,22
H075,2025-04,Competitor_B,5,21
H076,2025-04,Apexacare,5,23
H076,2025-04,Competitor_A,7,31
H076,2025-04,Competitor_B,9,31
H077,2025-04,Apexacare,8,39
H077,2025-04,Competitor_A,7,30
H077,2025-04,Competitor_B,7,27
H078,2025-04,Apexacare,3,14
H078,2025-04,Competitor_A,3,12
H078,2025-04,Competitor_B,4,12
H079,2025-04,Apexacare,3,16
H079,2025-04,Competitor_A,3,16
H079,2025-04,Competitor_B,4,13
H080,2025-04,Apexacare,17,76
H080,2025-04,Competitor_A,7,32
H080,2025-04,Competitor_B,6,25
H081,2025-04,Apexacare,14,51
H081,2025-04,Competitor_A,10,39
H081,2025-04,Competitor_B,9,30
H082,2025-04,Apexacare,12,43
H082,2025-04,Competitor_A,24,86
H082,2025-04,Competitor_B,17,61
H083,2025-04,Apexacare,19,75
H083,2025-04,Competitor_A,7,29
H083,2025-04,Competitor_B,9,31
H084,2025-04,Apexacare,2,8
H084,2025-04,Competitor_A,1,4
H084,2025-04,Competitor_B,1,5
H085,2025-04,Apexacare,9,46
H085,2025-04,Competitor_A,8,41
H085,2025-04,Competitor_B,8,39
H086,2025-04,Apexacare,10,43
H086,2025-04,Competitor_A,14,60
H086,2025-04,Competitor_B,11,44
H087,2025-04,Apexacare,9,40
H087,2025-04,Competitor_A,10,44
H087,2025-04,Competitor_B,12,44
H088,2025-04,Apexacare,8,38
H088,2025-04,Competitor_A,5,26
H088,2025-04,Competitor_B,7,26
H089,2025-04,Apexacare,14,61
H089,2025-04,Competitor_A,13,56
H089,2025-04,Competitor_B,13,54
H090,2025-04,Apexacare,9,41
H090,2025-04,Competitor_A,7,34
H090,2025-04,Competitor_B,8,30
H091,2025-04,Apexacare,22,99
H091,2025-04,Competitor_A,11,53
H091,2025-04,Competitor_B,9,37
H092,2025-04,Apexacare,8,38
H092,2025-04,Competitor_A,9,43
H092,2025-04,Competitor_B,8,31
H093,2025-04,Apexacare,8,41
H093,2025-04,Competitor_A,7,37
H093,2025-04,Competitor_B,8,34
H094,2025-04,Apexacare,4,21
H094,2025-04,Competitor_A,3,17
H094,2025-04,Competitor_B,4,16
H095,2025-04,Apexacare,14,70
H095,2025-04,Competitor_A,12,59
H095,2025-04,Competitor_B,11,51
H096,2025-04,Apexacare,6,28
H096,2025-04,Competitor_A,6,27
H096,2025-04,Competitor_B,7,25
H097,2025-04,Apexacare,1,6
H097,2025-04,Competitor_A,0,5
H097,2025-04,Competitor_B,2,7
H098,2025-04,Apexacare,11,56
H098,2025-04,Competitor_A,7,37
H098,2025-04,Competitor_B,8,33
H099,2025-04,Apexacare,8,38
H099,2025-04,Competitor_A,14,67
H099,2025-04,Competitor_B,11,49
H100,2025-04,Apexacare,6,22
H100,2025-04,Competitor_A,10,36
H100,2025-04,Competitor_B,10,32
H101,2025-04,Apexacare,13,55
H101,2025-04,Competitor_A,5,20
H101,2025-04,Competitor_B,6,21
H102,2025-04,Apexacare,10,38
H102,2025-04,Competitor_A,12,48
H102,2025-04,Competitor_B,12,42
H103,2025-04,Apexacare,3,14
H103,2025-04,Competitor_A,2,10
H103,2025-04,Competitor_B,3,10
H104,2025-04,Apexacare,10,42
H104,2025-04,Competitor_A,9,40
H104,2025-04,Competitor_B,8,30
H105,2025-04,Apexacare,11,49
H105,2025-04,Competitor_A,9,39
H105,2025-04,Competitor_B,10,40
H106,2025-04,Apexacare,12,44
H106,2025-04,Competitor_A,10,35
H106,2025-04,Competitor_B,10,33
H107,2025-04,Apexacare,6,28
H107,2025-04,Competitor_A,4,22
H107,2025-04,Competitor_B,4,16
H108,2025-04,Apexacare,9,30
H108,2025-04,Competitor_A,5,17
H108,2025-04,Competitor_B,5,17
H109,2025-04,Apexacare,10,46
H109,2025-04,Competitor_A,11,53
H109,2025-04,Competitor_B,11,45
H110,2025-04,Apexacare,12,50
H110,2025-04,Competitor_A,5,24
H110,2025-04,Competitor_B,6,21
H111,2025-04,Apexacare,23,86
H111,2025-04,Competitor_A,10,40
H111,2025-04,Competitor_B,8,28
H112,2025-04,Apexacare,8,32
H112,2025-04,Competitor_A,5,20
H112,2025-04,Competitor_B,6,20
H113,2025-04,Apexacare,0,3
H113,2025-04,Competitor_A,1,6
H113,2025-04,Competitor_B,2,7
H114,2025-04,Apexacare,9,47
H114,2025-04,Competitor_A,12,62
H114,2025-04,Competitor_B,14,59
H115,2025-04,Apexacare,10,48
H115,2025-04,Competitor_A,5,27
H115,2025-04,Competitor_B,5,21
H116,2025-04,Apexacare,25,124
H116,2025-04,Competitor_A,10,52
H116,2025-04,Competitor_B,10,44
H117,2025-04,Apexacare,1,6
H117,2025-04,Competitor_A,4,14
H117,2025-04,Competitor_B,4,12
H118,2025-04,Apexacare,17,74
H118,2025-04,Competitor_A,13,55
H118,2025-04,Competitor_B,12,47
H119,2025-04,Apexacare,15,56
H119,2025-04,Competitor_A,11,40
H119,2025-04,Competitor_B,9,32
H120,2025-04,Apexacare,14,60
H120,2025-04,Competitor_A,18,77
H120,2025-04,Competitor_B,15,63
H121,2025-04,Apexacare,14,67
H121,2025-04,Competitor_A,12,55
H121,2025-04,Competitor_B,11,48
H122,2025-04,Apexacare,7,33
H122,2025-04,Competitor_A,10,45
H122,2025-04,Competitor_B,10,34
H123,2025-04,Apexacare,7,29
H123,2025-04,Competitor_A,12,48
H123,2025-04,Competitor_B,11,43
H124,2025-04,Apexacare,9,33
H124,2025-04,Competitor_A,10,35
H124,2025-04,Competitor_B,10,34
H125,2025-04,Apexacare,11,43
H125,2025-04,Competitor_A,11,41
H125,2025-04,Competitor_B,10,36
H126,2025-04,Apexacare,6,32
H126,2025-04,Competitor_A,4,19
H126,2025-04,Competitor_B,5,21
H127,2025-04,Apexacare,13,71
H127,2025-04,Competitor_A,6,34
H127,2025-04,Competitor_B,7,28
H128,2025-04,Apexacare,6,28
H128,2025-04,Competitor_A,3,18
H128,2025-04,Competitor_B,5,18
H129,2025-04,Apexacare,6,31
H129,2025-04,Competitor_A,11,59
H129,2025-04,Competitor_B,9,43
H130,2025-04,Apexacare,9,33
H130,2025-04,Competitor_A,7,27
H130,2025-04,Competitor_B,8,25
H131,2025-04,Apexacare,3,11
H131,2025-04,Competitor_A,4,16
H131,2025-04,Competitor_B,4,15
H132,2025-04,Apexacare,15,63
H132,2025-04,Competitor_A,5,24
H132,2025-04,Competitor_B,6,23
H133,2025-04,Apexacare,6,25
H133,2025-04,Competitor_A,4,18
H133,2025-04,Competitor_B,6,17
H134,2025-04,Apexacare,4,18
H134,2025-04,Competitor_A,7,32
H134,2025-04,Competitor_B,6,25
H135,2025-04,Apexacare,2,12
H135,2025-04,Competitor_A,2,9
H135,2025-04,Competitor_B,3,9
H136,2025-04,Apexacare,3,12
H136,2025-04,Competitor_A,9,38
H136,2025-04,Competitor_B,8,30
H137,2025-04,Apexacare,12,50
H137,2025-04,Competitor_A,14,54
H137,2025-04,Competitor_B,11,40
H138,2025-04,Apexacare,15,76
H138,2025-04,Competitor_A,7,36
H138,2025-04,Competitor_B,8,32
H139,2025-04,Apexacare,11,46
H139,2025-04,Competitor_A,8,33
H139,2025-04,Competitor_B,10,35
H140,2025-04,Apexacare,4,19
H140,2025-04,Competitor_A,5,22
H140,2025-04,Competitor_B,5,23
H141,2025-04,Apexacare,15,59
H141,2025-04,Competitor_A,14,56
H141,2025-04,Competitor_B,12,47
H142,2025-04,Apexacare,6,26
H142,2025-04,Competitor_A,11,45
H142,2025-04,Competitor_B,8,31
H143,2025-04,Apexacare,9,42
H143,2025-04,Competitor_A,11,49
H143,2025-04,Competitor_B,10,37
H144,2025-04,Apexacare,11,45
H144,2025-04,Competitor_A,9,38
H144,2025-04,Competitor_B,9,37
H145,2025-04,Apexacare,1,7
H145,2025-04,Competitor_A,1,6
H145,2025-04,Competitor_B,1,5
H146,2025-04,Apexacare,11,40
H146,2025-04,Competitor_A,17,59
H146,2025-04,Competitor_B,13,41
H147,2025-04,Apexacare,6,23
H147,2025-04,Competitor_A,5,20
H147,2025-04,Competitor_B,5,17
H148,2025-04,Apexacare,7,26
H148,2025-04,Competitor_A,4,16
H148,2025-04,Competitor_B,5,15
H149,2025-04,Apexacare,0,5
H149,2025-04,Competitor_A,1,6
H149,2025-04,Competitor_B,2,6
H150,2025-04,Apexacare,10,48
H150,2025-04,Competitor_A,8,37
H150,2025-04,Competitor_B,7,29
H151,2025-04,Apexacare,15,68
H151,2025-04,Competitor_A,9,44
H151,2025-04,Competitor_B,10,42
H152,2025-04,Apexacare,12,45
H152,2025-04,Competitor_A,6,25
H152,2025-04,Competitor_B,8,26
H153,2025-04,Apexacare,13,52
H153,2025-04,Competitor_A,5,22
H153,2025-04,Competitor_B,7,21
H154,2025-04,Apexacare,10,42
H154,2025-04,Competitor_A,4,18
H154,2025-04,Competitor_B,5,15
H155,2025-04,Apexacare,9,38
H155,2025-04,Competitor_A,7,31
H155,2025-04,Competitor_B,8,31
H156,2025-04,Apexacare,15,53
H156,2025-04,Competitor_A,14,51
H156,2025-04,Competitor_B,13,40
H157,2025-04,Apexacare,3,11
H157,2025-04,Competitor_A,2,9
H157,2025-04,Competitor_B,3,10
H158,2025-04,Apexacare,15,72
H158,2025-04,Competitor_A,6,31
H158,2025-04,Competitor_B,8,29
H159,2025-04,Apexacare,9,35
H159,2025-04,Competitor_A,9,33
H159,2025-04,Competitor_B,10,32
H160,2025-04,Apexacare,15,59
H160,2025-04,Competitor_A,11,46
H160,2025-04,Competitor_B,12,42
H161,2025-04,Apexacare,15,53
H161,2025-04,Competitor_A,11,41
H161,2025-04,Competitor_B,12,41
H162,2025-04,Apexacare,2,9
H162,2025-04,Competitor_A,1,6
H162,2025-04,Competitor_B,2,6
H163,2025-04,Apexacare,5,28
H163,2025-04,Competitor_A,3,19
H163,2025-04,Competitor_B,5,19
H164,2025-04,Apexacare,7,30
H164,2025-04,Competitor_A,9,40
H164,2025-04,Competitor_B,8,32
H165,2025-04,Apexacare,12,63
H165,2025-04,Competitor_A,8,42
H165,2025-04,Competitor_B,8,35
H166,2025-04,Apexacare,6,20
H166,2025-04,Competitor_A,5,17
H166,2025-04,Competitor_B,5,17
H167,2025-04,Apexacare,19,68
H167,2025-04,Competitor_A,17,58
H167,2025-04,Competitor_B,15,50
H168,2025-04,Apexacare,18,68
H168,2025-04,Competitor_A,9,33
H168,2025-04,Competitor_B,8,27
H169,2025-04,Apexacare,3,15
H169,2025-04,Competitor_A,2,11
H169,2025-04,Competitor_B,3,12
H170,2025-04,Apexacare,14,62
H170,2025-04,Competitor_A,6,28
H170,2025-04,Competitor_B,5,20
H171,2025-04,Apexacare,18,72
H171,2025-04,Competitor_A,15,59
H171,2025-04,Competitor_B,14,49
H172,2025-04,Apexacare,13,52
H172,2025-04,Competitor_A,8,34
H172,2025-04,Competitor_B,7,26
H173,2025-04,Apexacare,16,66
H173,2025-04,Competitor_A,12,50
H173,2025-04,Competitor_B,13,52
H174,2025-04,Apexacare,16,77
H174,2025-04,Competitor_A,8,40
H174,2025-04,Competitor_B,7,30
H175,2025-04,Apexacare,15,68
H175,2025-04,Competitor_A,9,43
H175,2025-04,Competitor_B,9,36
H176,2025-04,Apexacare,13,57
H176,2025-04,Competitor_A,11,45
H176,2025-04,Competitor_B,11,42
H177,2025-04,Apexacare,1,6
H177,2025-04,Competitor_A,1,5
H177,2025-04,Competitor_B,2,6
H178,2025-04,Apexacare,8,39
H178,2025-04,Competitor_A,10,50
H178,2025-04,Competitor_B,12,51
H179,2025-04,Apexacare,17,58
H179,2025-04,Competitor_A,13,46
H179,2025-04,Competitor_B,11,36
H180,2025-04,Apexacare,17,60
H180,2025-04,Competitor_A,10,37
H180,2025-04,Competitor_B,9,29
H181,2025-04,Apexacare,10,44
H181,2025-04,Competitor_A,8,37
H181,2025-04,Competitor_B,9,39
H182,2025-04,Apexacare,22,79
H182,2025-04,Competitor_A,17,60
H182,2025-04,Competitor_B,15,50
H183,2025-04,Apexacare,6,29
H183,2025-04,Competitor_A,4,18
H183,2025-04,Competitor_B,4,16
H184,2025-04,Apexacare,12,50
H184,2025-04,Competitor_A,9,39
H184,2025-04,Competitor_B,9,31
H185,2025-04,Apexacare,10,37
H185,2025-04,Competitor_A,12,44
H185,2025-04,Competitor_B,10,38
H186,2025-04,Apexacare,5,19
H186,2025-04,Competitor_A,11,44
H186,2025-04,Competitor_B,9,33
H187,2025-04,Apexacare,9,44
H187,2025-04,Competitor_A,8,39
H187,2025-04,Competitor_B,7,29
H188,2025-04,Apexacare,4,19
H188,2025-04,Competitor_A,5,22
H188,2025-04,Competitor_B,7,23
H189,2025-04,Apexacare,8,35
H189,2025-04,Competitor_A,6,27
H189,2025-04,Competitor_B,6,26
H190,2025-04,Apexacare,18,63
H190,2025-04,Competitor_A,14,48
H190,2025-04,Competitor_B,12,41
H191,2025-04,Apexacare,13,53
H191,2025-04,Competitor_A,13,50
H191,2025-04,Competitor_B,14,51
H192,2025-04,Apexacare,14,61
H192,2025-04,Competitor_A,9,40
H192,2025-04,Competitor_B,9,31
H193,2025-04,Apexacare,6,22
H193,2025-04,Competitor_A,13,44
H193,2025-04,Competitor_B,11,36
H194,2025-04,Apexacare,5,21
H194,2025-04,Competitor_A,5,24
H194,2025-04,Competitor_B,5,19
H195,2025-04,Apexacare,10,47
H195,2025-04,Competitor_A,7,33
H195,2025-04,Competitor_B,6,25
H196,2025-04,Apexacare,5,26
H196,2025-04,Competitor_A,9,46
H196,2025-04,Competitor_B,9,42
H197,2025-04,Apexacare,3,17
H197,2025-04,Competitor_A,5,23
H197,2025-04,Competitor_B,6,23
H198,2025-04,Apexacare,11,44
H198,2025-04,Competitor_A,7,29
H198,2025-04,Competitor_B,8,27
H199,2025-04,Apexacare,5,26
H199,2025-04,Competitor_A,6,29
H199,2025-04,Competitor_B,5,21
H200,2025-04,Apexacare,9,46
H200,2025-04,Competitor_A,9,48
H200,2025-04,Competitor_B,10,46
H201,2025-04,Apexacare,1,6
H201,2025-04,Competitor_A,1,7
H201,2025-04,Competitor_B,3,6
H202,2025-04,Apexacare,9,35
H202,2025-04,Competitor_A,8,31
H202,2025-04,Competitor_B,8,24
H203,2025-04,Apexacare,9,44
H203,2025-04,Competitor_A,6,31
H203,2025-04,Competitor_B,8,30
H204,2025-04,Apexacare,13,53
H204,2025-04,Competitor_A,8,35
H204,2025-04,Competitor_B,7,26
H205,2025-04,Apexacare,11,49
H205,2025-04,Competitor_A,9,43
H205,2025-04,Competitor_B,9,36
H206,2025-04,Apexacare,15,56
H206,2025-04,Competitor_A,9,35
H206,2025-04,Competitor_B,10,35
H207,2025-04,Apexacare,6,25
H207,2025-04,Competitor_A,8,31
H207,2025-04,Competitor_B,10,32
H208,2025-04,Apexacare,9,36
H208,2025-04,Competitor_A,3,14
H208,2025-04,Competitor_B,5,16
H209,2025-04,Apexacare,15,63
H209,2025-04,Competitor_A,9,40
H209,2025-04,Competitor_B,8,29
H210,2025-04,Apexacare,5,24
H210,2025-04,Competitor_A,4,20
H210,2025-04,Competitor_B,6,19
H211,2025-04,Apexacare,15,58
H211,2025-04,Competitor_A,5,21
H211,2025-04,Competitor_B,6,23
H212,2025-04,Apexacare,8,33
H212,2025-04,Competitor_A,21,87
H212,2025-04,Competitor_B,18,70
H213,2025-04,Apexacare,5,21
H213,2025-04,Competitor_A,9,37
H213,2025-04,Competitor_B,8,30
H214,2025-04,Apexacare,6,24
H214,2025-04,Competitor_A,4,16
H214,2025-04,Competitor_B,5,14
H215,2025-04,Apexacare,6,29
H215,2025-04,Competitor_A,2,12
H215,2025-04,Competitor_B,3,10
H216,2025-04,Apexacare,13,51
H216,2025-04,Competitor_A,6,22
H216,2025-04,Competitor_B,5,17
H217,2025-04,Apexacare,5,19
H217,2025-04,Competitor_A,2,8
H217,2025-04,Competitor_B,3,9
H218,2025-04,Apexacare,9,35
H218,2025-04,Competitor_A,17,66
H218,2025-04,Competitor_B,15,52
H219,2025-04,Apexacare,6,29
H219,2025-04,Competitor_A,14,61
H219,2025-04,Competitor_B,14,54
H220,2025-04,Apexacare,1,7
H220,2025-04,Competitor_A,0,5
H220,2025-04,Competitor_B,2,6
H221,2025-04,Apexacare,8,36
H221,2025-04,Competitor_A,6,27
H221,2025-04,Competitor_B,6,27
H222,2025-04,Apexacare,17,77
H222,2025-04,Competitor_A,12,56
H222,2025-04,Competitor_B,11,47
H223,2025-04,Apexacare,14,64
H223,2025-04,Competitor_A,13,59
H223,2025-04,Competitor_B,11,48
H224,2025-04,Apexacare,4,19
H224,2025-04,Competitor_A,2,10
H224,2025-04,Competitor_B,3,9
H225,2025-04,Apexacare,10,47
H225,2025-04,Competitor_A,6,29
H225,2025-04,Competitor_B,8,29
H226,2025-04,Apexacare,4,20
H226,2025-04,Competitor_A,4,20
H226,2025-04,Competitor_B,5,17
H227,2025-04,Apexacare,21,72
H227,2025-04,Competitor_A,21,71
H227,2025-04,Competitor_B,17,55
H228,2025-04,Apexacare,8,38
H228,2025-04,Competitor_A,3,16
H228,2025-04,Competitor_B,4,14
H229,2025-04,Apexacare,9,34
H229,2025-04,Competitor_A,7,29
H229,2025-04,Competitor_B,6,22
H230,2025-04,Apexacare,9,44
H230,2025-04,Competitor_A,9,44
H230,2025-04,Competitor_B,11,45
H231,2025-04,Apexacare,11,38
H231,2025-04,Competitor_A,12,42
H231,2025-04,Competitor_B,9,30
H232,2025-04,Apexacare,11,55
H232,2025-04,Competitor_A,10,51
H232,2025-04,Competitor_B,9,41
H233,2025-04,Apexacare,13,51
H233,2025-04,Competitor_A,7,31
H233,2025-04,Competitor_B,9,32
H234,2025-04,Apexacare,28,105
H234,2025-04,Competitor_A,13,50
H234,2025-04,Competitor_B,13,45
H235,2025-04,Apexacare,18,62
H235,2025-04,Competitor_A,8,30
H235,2025-04,Competitor_B,9,28
H236,2025-04,Apexacare,4,17
H236,2025-04,Competitor_A,6,23
H236,2025-04,Competitor_B,6,20
H237,2025-04,Apexacare,5,24
H237,2025-04,Competitor_A,6,27
H237,2025-04,Competitor_B,7,25
H238,2025-04,Apexacare,3,16
H238,2025-04,Competitor_A,3,17
H238,2025-04,Competitor_B,5,15
H239,2025-04,Apexacare,12,52
H239,2025-04,Competitor_A,11,47
H239,2025-04,Competitor_B,9,34
H240,2025-04,Apexacare,1,7
H240,2025-04,Competitor_A,1,5
H240,2025-04,Competitor_B,3,7
H241,2025-04,Apexacare,6,26
H241,2025-04,Competitor_A,4,21
H241,2025-04,Competitor_B,5,17
H242,2025-04,Apexacare,2,7
H242,2025-04,Competitor_A,3,12
H242,2025-04,Competitor_B,4,13
H243,2025-04,Apexacare,6,27
H243,2025-04,Competitor_A,4,19
H243,2025-04,Competitor_B,5,18
H244,2025-04,Apexacare,12,53
H244,2025-04,Competitor_A,10,45
H244,2025-04,Competitor_B,10,35
H245,2025-04,Apexacare,3,17
H245,2025-04,Competitor_A,3,16
H245,2025-04,Competitor_B,3,12
H246,2025-04,Apexacare,9,32
H246,2025-04,Competitor_A,7,25
H246,2025-04,Competitor_B,7,23
H247,2025-04,Apexacare,8,41
H247,2025-04,Competitor_A,4,20
H247,2025-04,Competitor_B,5,19
H248,2025-04,Apexacare,6,24
H248,2025-04,Competitor_A,4,16
H248,2025-04,Competitor_B,4,17
H249,2025-04,Apexacare,16,58
H249,2025-04,Competitor_A,15,53
H249,2025-04,Competitor_B,13,41
H250,2025-04,Apexacare,7,28
H250,2025-04,Competitor_A,8,33
H250,2025-04,Competitor_B,7,23
H251,2025-04,Apexacare,18,75
H251,2025-04,Competitor_A,7,30
H251,2025-04,Competitor_B,7,28
H252,2025-04,Apexacare,12,59
H252,2025-04,Competitor_A,11,53
H252,2025-04,Competitor_B,9,41
H253,2025-04,Apexacare,11,45
H253,2025-04,Competitor_A,10,40
H253,2025-04,Competitor_B,12,41
H254,2025-04,Apexacare,1,7
H254,2025-04,Competitor_A,1,7
H254,2025-04,Competitor_B,2,6
H255,2025-04,Apexacare,6,30
H255,2025-04,Competitor_A,7,34
H255,2025-04,Competitor_B,6,26
H256,2025-04,Apexacare,5,19
H256,2025-04,Competitor_A,3,12
H256,2025-04,Competitor_B,4,11
H257,2025-04,Apexacare,15,51
H257,2025-04,Competitor_A,13,43
H257,2025-04,Competitor_B,10,34
H258,2025-04,Apexacare,12,50
H258,2025-04,Competitor_A,17,73
H258,2025-04,Competitor_B,14,57
H259,2025-04,Apexacare,16,62
H259,2025-04,Competitor_A,14,54
H259,2025-04,Competitor_B,12,38
H260,2025-04,Apexacare,1,7
H260,2025-04,Competitor_A,1,5
H260,2025-04,Competitor_B,2,5
H261,2025-04,Apexacare,10,47
H261,2025-04,Competitor_A,11,50
H261,2025-04,Competitor_B,9,35
H262,2025-04,Apexacare,5,25
H262,2025-04,Competitor_A,4,20
H262,2025-04,Competitor_B,4,18
H263,2025-04,Apexacare,9,40
H263,2025-04,Competitor_A,11,51
H263,2025-04,Competitor_B,11,42
H264,2025-04,Apexacare,3,16
H264,2025-04,Competitor_A,2,13
H264,2025-04,Competitor_B,3,11
H265,2025-04,Apexacare,12,51
H265,2025-04,Competitor_A,8,34
H265,2025-04,Competitor_B,7,25
H266,2025-04,Apexacare,10,44
H266,2025-04,Competitor_A,12,54
H266,2025-04,Competitor_B,13,55
H267,2025-04,Apexacare,12,50
H267,2025-04,Competitor_A,8,35
H267,2025-04,Competitor_B,8,27
H268,2025-04,Apexacare,19,75
H268,2025-04,Competitor_A,14,57
H268,2025-04,Competitor_B,13,48
H269,2025-04,Apexacare,7,38
H269,2025-04,Competitor_A,6,30
H269,2025-04,Competitor_B,6,28
H270,2025-04,Apexacare,10,35
H270,2025-04,Competitor_A,11,38
H270,2025-04,Competitor_B,8,27
H271,2025-04,Apexacare,16,60
H271,2025-04,Competitor_A,14,52
H271,2025-04,Competitor_B,14,48
H272,2025-04,Apexacare,11,50
H272,2025-04,Competitor_A,7,31
H272,2025-04,Competitor_B,7,27
H273,2025-04,Apexacare,11,53
H273,2025-04,Competitor_A,9,45
H273,2025-04,Competitor_B,8,35
H274,2025-04,Apexacare,5,28
H274,2025-04,Competitor_A,5,26
H274,2025-04,Competitor_B,6,26
H275,2025-04,Apexacare,12,46
H275,2025-04,Competitor_A,6,25
H275,2025-04,Competitor_B,8,24
H276,2025-04,Apexacare,6,26
H276,2025-04,Competitor_A,13,54
H276,2025-04,Competitor_B,12,46
H277,2025-04,Apexacare,3,19
H277,2025-04,Competitor_A,5,29
H277,2025-04,Competitor_B,7,28
H278,2025-04,Apexacare,9,32
H278,2025-04,Competitor_A,4,15
H278,2025-04,Competitor_B,4,13
H279,2025-04,Apexacare,8,35
H279,2025-04,Competitor_A,7,32
H279,2025-04,Competitor_B,8,29
H280,2025-04,Apexacare,17,67
H280,2025-04,Competitor_A,10,38
H280,2025-04,Competitor_B,8,28
H281,2025-04,Apexacare,6,30
H281,2025-04,Competitor_A,9,45
H281,2025-04,Competitor_B,9,37
H282,2025-04,Apexacare,1,6
H282,2025-04,Competitor_A,1,5
H282,2025-04,Competitor_B,1,5
H283,2025-04,Apexacare,7,29
H283,2025-04,Competitor_A,6,25
H283,2025-04,Competitor_B,6,22
H284,2025-04,Apexacare,2,12
H284,2025-04,Competitor_A,3,15
H284,2025-04,Competitor_B,3,13
H285,2025-04,Apexacare,11,39
H285,2025-04,Competitor_A,11,40
H285,2025-04,Competitor_B,12,40
H286,2025-04,Apexacare,22,96
H286,2025-04,Competitor_A,10,46
H286,2025-04,Competitor_B,12,47
H287,2025-04,Apexacare,9,38
H287,2025-04,Competitor_A,10,42
H287,2025-04,Competitor_B,11,39
H288,2025-04,Apexacare,8,31
H288,2025-04,Competitor_A,10,37
H288,2025-04,Competitor_B,10,34
H289,2025-04,Apexacare,9,44
H289,2025-04,Competitor_A,11,51
H289,2025-04,Competitor_B,9,37
H290,2025-04,Apexacare,7,26
H290,2025-04,Competitor_A,3,14
H290,2025-04,Competitor_B,4,11
H291,2025-04,Apexacare,9,44
H291,2025-04,Competitor_A,8,38
H291,2025-04,Competitor_B,9,38
H292,2025-04,Apexacare,4,22
H292,2025-04,Competitor_A,2,12
H292,2025-04,Competitor_B,3,10
H293,2025-04,Apexacare,10,42
H293,2025-04,Competitor_A,16,65
H293,2025-04,Competitor_B,14,55
H294,2025-04,Apexacare,12,56
H294,2025-04,Competitor_A,6,31
H294,2025-04,Competitor_B,8,33
H295,2025-04,Apexacare,2,14
H295,2025-04,Competitor_A,5,27
H295,2025-04,Competitor_B,7,27
H296,2025-04,Apexacare,5,28
H296,2025-04,Competitor_A,8,39
H296,2025-04,Competitor_B,9,38
H297,2025-04,Apexacare,8,37
H297,2025-04,Competitor_A,6,31
H297,2025-04,Competitor_B,7,28
H298,2025-04,Apexacare,11,54
H298,2025-04,Competitor_A,5,24
H298,2025-04,Competitor_B,5,24
H299,2025-04,Apexacare,14,59
H299,2025-04,Competitor_A,9,39
H299,2025-04,Competitor_B,8,28
H300,2025-04,Apexacare,5,19
H300,2025-04,Competitor_A,14,56
H300,2025-04,Competitor_B,14,51
H301,2025-04,Apexacare,5,23
H301,2025-04,Competitor_A,3,15
H301,2025-04,Competitor_B,3,13
H302,2025-04,Apexacare,7,37
H302,2025-04,Competitor_A,9,46
H302,2025-04,Competitor_B,8,36
H303,2025-04,Apexacare,17,73
H303,2025-04,Competitor_A,12,55
H303,2025-04,Competitor_B,10,40
H304,2025-04,Apexacare,18,78
H304,2025-04,Competitor_A,9,42
H304,2025-04,Competitor_B,8,32
H305,2025-04,Apexacare,17,61
H305,2025-04,Competitor_A,14,52
H305,2025-04,Competitor_B,13,47
H306,2025-04,Apexacare,18,61
H306,2025-04,Competitor_A,14,49
H306,2025-04,Competitor_B,11,37
H307,2025-04,Apexacare,15,66
H307,2025-04,Competitor_A,14,59
H307,2025-04,Competitor_B,14,55
H308,2025-04,Apexacare,1,5
H308,2025-04,Competitor_A,1,6
H308,2025-04,Competitor_B,2,5
H309,2025-04,Apexacare,11,44
H309,2025-04,Competitor_A,12,48
H309,2025-04,Competitor_B,9,34
H310,2025-04,Apexacare,10,36
H310,2025-04,Competitor_A,8,30
H310,2025-04,Competitor_B,10,30
H311,2025-04,Apexacare,9,35
H311,2025-04,Competitor_A,9,35
H311,2025-04,Competitor_B,9,32
H312,2025-04,Apexacare,9,34
H312,2025-04,Competitor_A,10,36
H312,2025-04,Competitor_B,10,35
H313,2025-04,Apexacare,3,16
H313,2025-04,Competitor_A,5,23
H313,2025-04,Competitor_B,5,18
H314,2025-04,Apexacare,25,86
H314,2025-04,Competitor_A,18,63
H314,2025-04,Competitor_B,15,51
H315,2025-04,Apexacare,15,67
H315,2025-04,Competitor_A,10,46
H315,2025-04,Competitor_B,9,34
H316,2025-04,Apexacare,11,52
H316,2025-04,Competitor_A,12,54
H316,2025-04,Competitor_B,10,38
H317,2025-04,Apexacare,14,54
H317,2025-04,Competitor_A,13,48
H317,2025-04,Competitor_B,10,33
H318,2025-04,Apexacare,7,31
H318,2025-04,Competitor_A,5,21
H318,2025-04,Competitor_B,6,23
H319,2025-04,Apexacare,8,37
H319,2025-04,Competitor_A,18,81
H319,2025-04,Competitor_B,14,58
H320,2025-04,Apexacare,1,4
H320,2025-04,Competitor_A,1,6
H320,2025-04,Competitor_B,2,6
H321,2025-04,Apexacare,15,59
H321,2025-04,Competitor_A,10,39
H321,2025-04,Competitor_B,10,35
H322,2025-04,Apexacare,11,41
H322,2025-04,Competitor_A,23,81
H322,2025-04,Competitor_B,20,68
H323,2025-04,Apexacare,4,16
H323,2025-04,Competitor_A,2,10
H323,2025-04,Competitor_B,3,10
H324,2025-04,Apexacare,7,33
H324,2025-04,Competitor_A,18,86
H324,2025-04,Competitor_B,18,79
H325,2025-04,Apexacare,8,40
H325,2025-04,Competitor_A,6,33
H325,2025-04,Competitor_B,7,32
H326,2025-04,Apexacare,1,5
H326,2025-04,Competitor_A,1,8
H326,2025-04,Competitor_B,2,8
H327,2025-04,Apexacare,4,17
H327,2025-04,Competitor_A,6,28
H327,2025-04,Competitor_B,6,23
H328,2025-04,Apexacare,3,15
H328,2025-04,Competitor_A,3,16
H328,2025-04,Competitor_B,4,17
H329,2025-04,Apexacare,12,47
H329,2025-04,Competitor_A,11,43
H329,2025-04,Competitor_B,10,36
H330,2025-04,Apexacare,7,27
H330,2025-04,Competitor_A,5,19
H330,2025-04,Competitor_B,6,20
H331,2025-04,Apexacare,21,104
H331,2025-04,Competitor_A,9,47
H331,2025-04,Competitor_B,8,38
H332,2025-04,Apexacare,8,27
H332,2025-04,Competitor_A,8,30
H332,2025-04,Competitor_B,7,23
H333,2025-04,Apexacare,3,16
H333,2025-04,Competitor_A,3,17
H333,2025-04,Competitor_B,3,12
H334,2025-04,Apexacare,11,40
H334,2025-04,Competitor_A,7,25
H334,2025-04,Competitor_B,7,23
H335,2025-04,Apexacare,1,7
H335,2025-04,Competitor_A,1,7
H335,2025-04,Competitor_B,3,7
H336,2025-04,Apexacare,7,29
H336,2025-04,Competitor_A,11,46
H336,2025-04,Competitor_B,9,37
H337,2025-04,Apexacare,13,64
H337,2025-04,Competitor_A,8,39
H337,2025-04,Competitor_B,6,29
H338,2025-04,Apexacare,11,58
H338,2025-04,Competitor_A,7,37
H338,2025-04,Competitor_B,8,38
H339,2025-04,Apexacare,11,41
H339,2025-04,Competitor_A,10,36
H339,2025-04,Competitor_B,9,31
H340,2025-04,Apexacare,14,67
H340,2025-04,Competitor_A,10,48
H340,2025-04,Competitor_B,9,37
H341,2025-04,Apexacare,13,60
H341,2025-04,Competitor_A,5,26
H341,2025-04,Competitor_B,6,24
H342,2025-04,Apexacare,5,27
H342,2025-04,Competitor_A,4,24
H342,2025-04,Competitor_B,4,17
H343,2025-04,Apexacare,6,25
H343,2025-04,Competitor_A,11,48
H343,2025-04,Competitor_B,11,46
H344,2025-04,Apexacare,4,17
H344,2025-04,Competitor_A,7,26
H344,2025-04,Competitor_B,7,21
H345,2025-04,Apexacare,9,31
H345,2025-04,Competitor_A,14,49
H345,2025-04,Competitor_B,11,39
H346,2025-04,Apexacare,12,58
H346,2025-04,Competitor_A,7,37
H346,2025-04,Competitor_B,7,31
H347,2025-04,Apexacare,12,53
H347,2025-04,Competitor_A,11,50
H347,2025-04,Competitor_B,10,41
H348,2025-04,Apexacare,15,81
H348,2025-04,Competitor_A,8,41
H348,2025-04,Competitor_B,7,32
H349,2025-04,Apexacare,18,83
H349,2025-04,Competitor_A,12,53
H349,2025-04,Competitor_B,13,53
H350,2025-04,Apexacare,16,71
H350,2025-04,Competitor_A,11,48
H350,2025-04,Competitor_B,13,49
H351,2025-04,Apexacare,7,32
H351,2025-04,Competitor_A,9,40
H351,2025-04,Competitor_B,8,28
H352,2025-04,Apexacare,10,42
H352,2025-04,Competitor_A,7,32
H352,2025-04,Competitor_B,8,31
H353,2025-04,Apexacare,9,37
H353,2025-04,Competitor_A,14,62
H353,2025-04,Competitor_B,14,55
H354,2025-04,Apexacare,5,23
H354,2025-04,Competitor_A,9,45
H354,2025-04,Competitor_B,9,37
H355,2025-04,Apexacare,9,33
H355,2025-04,Competitor_A,16,61
H355,2025-04,Competitor_B,14,53
H356,2025-04,Apexacare,12,42
H356,2025-04,Competitor_A,11,38
H356,2025-04,Competitor_B,9,28
H357,2025-04,Apexacare,15,55
H357,2025-04,Competitor_A,13,47
H357,2025-04,Competitor_B,12,42
H358,2025-04,Apexacare,7,28
H358,2025-04,Competitor_A,5,23
H358,2025-04,Competitor_B,7,25
H359,2025-04,Apexacare,5,17
H359,2025-04,Competitor_A,4,16
H359,2025-04,Competitor_B,5,15
H360,2025-04,Apexacare,14,52
H360,2025-04,Competitor_A,6,25
H360,2025-04,Competitor_B,6,19
H361,2025-04,Apexacare,10,39
H361,2025-04,Competitor_A,9,37
H361,2025-04,Competitor_B,9,32
H362,2025-04,Apexacare,13,47
H362,2025-04,Competitor_A,10,38
H362,2025-04,Competitor_B,11,35
H363,2025-04,Apexacare,14,67
H363,2025-04,Competitor_A,9,42
H363,2025-04,Competitor_B,9,35
H364,2025-04,Apexacare,13,55
H364,2025-04,Competitor_A,16,66
H364,2025-04,Competitor_B,13,47
H365,2025-04,Apexacare,5,25
H365,2025-04,Competitor_A,6,33
H365,2025-04,Competitor_B,7,32
H366,2025-04,Apexacare,3,16
H366,2025-04,Competitor_A,2,11
H366,2025-04,Competitor_B,4,11
H367,2025-04,Apexacare,7,31
H367,2025-04,Competitor_A,7,31
H367,2025-04,Competitor_B,6,26
H368,2025-04,Apexacare,13,55
H368,2025-04,Competitor_A,12,49
H368,2025-04,Competitor_B,10,36
H369,2025-04,Apexacare,16,77
H369,2025-04,Competitor_A,11,53
H369,2025-04,Competitor_B,8,38
H370,2025-04,Apexacare,3,12
H370,2025-04,Competitor_A,2,11
H370,2025-04,Competitor_B,4,11
H371,2025-04,Apexacare,4,19
H371,2025-04,Competitor_A,7,30
H371,2025-04,Competitor_B,6,23
H372,2025-04,Apexacare,16,57
H372,2025-04,Competitor_A,7,25
H372,2025-04,Competitor_B,8,23
H373,2025-04,Apexacare,5,20
H373,2025-04,Competitor_A,5,21
H373,2025-04,Competitor_B,6,19
H374,2025-04,Apexacare,11,48
H374,2025-04,Competitor_A,10,45
H374,2025-04,Competitor_B,8,33
H375,2025-04,Apexacare,11,53
H375,2025-04,Competitor_A,8,41
H375,2025-04,Competitor_B,7,32
H376,2025-04,Apexacare,10,38
H376,2025-04,Competitor_A,10,38
H376,2025-04,Competitor_B,9,29
H377,2025-04,Apexacare,7,27
H377,2025-04,Competitor_A,12,47
H377,2025-04,Competitor_B,9,36
H378,2025-04,Apexacare,17,60
H378,2025-04,Competitor_A,14,50
H378,2025-04,Competitor_B,11,37
H379,2025-04,Apexacare,6,22
H379,2025-04,Competitor_A,13,49
H379,2025-04,Competitor_B,11,39
H380,2025-04,Apexacare,6,22
H380,2025-04,Competitor_A,5,18
H380,2025-04,Competitor_B,6,20
H381,2025-04,Apexacare,6,28
H381,2025-04,Competitor_A,8,38
H381,2025-04,Competitor_B,8,34
H382,2025-04,Apexacare,2,10
H382,2025-04,Competitor_A,3,18
H382,2025-04,Competitor_B,4,16
H383,2025-04,Apexacare,4,21
H383,2025-04,Competitor_A,4,21
H383,2025-04,Competitor_B,4,18
H384,2025-04,Apexacare,17,59
H384,2025-04,Competitor_A,13,45
H384,2025-04,Competitor_B,11,36
H385,2025-04,Apexacare,13,64
H385,2025-04,Competitor_A,12,63
H385,2025-04,Competitor_B,10,44
H386,2025-04,Apexacare,13,59
H386,2025-04,Competitor_A,9,39
H386,2025-04,Competitor_B,10,38
H387,2025-04,Apexacare,13,47
H387,2025-04,Competitor_A,9,32
H387,2025-04,Competitor_B,10,31
H388,2025-04,Apexacare,13,64
H388,2025-04,Competitor_A,5,26
H388,2025-04,Competitor_B,6,24
H389,2025-04,Apexacare,14,58
H389,2025-04,Competitor_A,17,69
H389,2025-04,Competitor_B,16,63
H390,2025-04,Apexacare,10,45
H390,2025-04,Competitor_A,7,31
H390,2025-04,Competitor_B,8,29
H391,2025-04,Apexacare,15,61
H391,2025-04,Competitor_A,12,50
H391,2025-04,Competitor_B,14,49
H392,2025-04,Apexacare,1,8
H392,2025-04,Competitor_A,3,15
H392,2025-04,Competitor_B,3,11
H393,2025-04,Apexacare,9,32
H393,2025-04,Competitor_A,12,43
H393,2025-04,Competitor_B,10,33
H394,2025-04,Apexacare,7,28
H394,2025-04,Competitor_A,13,47
H394,2025-04,Competitor_B,10,35
H395,2025-04,Apexacare,20,88
H395,2025-04,Competitor_A,12,53
H395,2025-04,Competitor_B,12,49
H396,2025-04,Apexacare,7,25
H396,2025-04,Competitor_A,20,74
H396,2025-04,Competitor_B,17,61
H397,2025-04,Apexacare,9,40
H397,2025-04,Competitor_A,4,20
H397,2025-04,Competitor_B,5,20
H398,2025-04,Apexacare,19,68
H398,2025-04,Competitor_A,18,65
H398,2025-04,Competitor_B,17,57
H399,2025-04,Apexacare,11,41
H399,2025-04,Competitor_A,6,24
H399,2025-04,Competitor_B,7,25
H400,2025-04,Apexacare,12,51
H400,2025-04,Competitor_A,15,66
H400,2025-04,Competitor_B,15,59
H401,2025-04,Apexacare,15,52
H401,2025-04,Competitor_A,12,42
H401,2025-04,Competitor_B,11,34
H402,2025-04,Apexacare,14,49
H402,2025-04,Competitor_A,14,49
H402,2025-04,Competitor_B,10,35
H403,2025-04,Apexacare,8,30
H403,2025-04,Competitor_A,8,27
H403,2025-04,Competitor_B,7,23
H404,2025-04,Apexacare,8,39
H404,2025-04,Competitor_A,11,52
H404,2025-04,Competitor_B,11,45
H405,2025-04,Apexacare,3,12
H405,2025-04,Competitor_A,7,27
H405,2025-04,Competitor_B,6,21
H406,2025-04,Apexacare,22,77
H406,2025-04,Competitor_A,16,56
H406,2025-04,Competitor_B,16,57
H407,2025-04,Apexacare,15,69
H407,2025-04,Competitor_A,12,58
H407,2025-04,Competitor_B,11,49
H408,2025-04,Apexacare,19,90
H408,2025-04,Competitor_A,12,60
H408,2025-04,Competitor_B,11,48
H409,2025-04,Apexacare,7,28
H409,2025-04,Competitor_A,8,31
H409,2025-04,Competitor_B,7,26
H410,2025-04,Apexacare,10,41
H410,2025-04,Competitor_A,9,35
H410,2025-04,Competitor_B,8,29
H411,2025-04,Apexacare,5,20
H411,2025-04,Competitor_A,2,9
H411,2025-04,Competitor_B,3,9
H412,2025-04,Apexacare,9,35
H412,2025-04,Competitor_A,7,27
H412,2025-04,Competitor_B,9,28
H413,2025-04,Apexacare,11,42
H413,2025-04,Competitor_A,12,44
H413,2025-04,Competitor_B,11,34
H414,2025-04,Apexacare,8,34
H414,2025-04,Competitor_A,9,36
H414,2025-04,Competitor_B,7,26
H415,2025-04,Apexacare,11,52
H415,2025-04,Competitor_A,5,24
H415,2025-04,Competitor_B,6,20
H416,2025-04,Apexacare,1,7
H416,2025-04,Competitor_A,1,6
H416,2025-04,Competitor_B,2,6
H417,2025-04,Apexacare,11,42
H417,2025-04,Competitor_A,14,54
H417,2025-04,Competitor_B,11,39
H418,2025-04,Apexacare,8,38
H418,2025-04,Competitor_A,9,41
H418,2025-04,Competitor_B,8,29
H419,2025-04,Apexacare,3,13
H419,2025-04,Competitor_A,3,11
H419,2025-04,Competitor_B,3,10
H420,2025-04,Apexacare,7,36
H420,2025-04,Competitor_A,5,24
H420,2025-04,Competitor_B,5,20
H421,2025-04,Apexacare,5,23
H421,2025-04,Competitor_A,12,48
H421,2025-04,Competitor_B,10,37
H422,2025-04,Apexacare,2,13
H422,2025-04,Competitor_A,3,15
H422,2025-04,Competitor_B,3,12
H423,2025-04,Apexacare,17,75
H423,2025-04,Competitor_A,9,38
H423,2025-04,Competitor_B,7,27
H424,2025-04,Apexacare,14,72
H424,2025-04,Competitor_A,6,32
H424,2025-04,Competitor_B,7,29
H425,2025-04,Apexacare,11,56
H425,2025-04,Competitor_A,9,48
H425,2025-04,Competitor_B,9,36
H426,2025-04,Apexacare,12,54
H426,2025-04,Competitor_A,9,42
H426,2025-04,Competitor_B,7,30
H427,2025-04,Apexacare,10,50
H427,2025-04,Competitor_A,6,32
H427,2025-04,Competitor_B,6,26
H428,2025-04,Apexacare,11,43
H428,2025-04,Competitor_A,12,47
H428,2025-04,Competitor_B,10,38
H429,2025-04,Apexacare,13,57
H429,2025-04,Competitor_A,9,40
H429,2025-04,Competitor_B,8,29
H430,2025-04,Apexacare,7,26
H430,2025-04,Competitor_A,10,38
H430,2025-04,Competitor_B,12,38
H431,2025-04,Apexacare,7,34
H431,2025-04,Competitor_A,10,46
H431,2025-04,Competitor_B,10,40
H432,2025-04,Apexacare,8,30
H432,2025-04,Competitor_A,10,39
H432,2025-04,Competitor_B,11,36
H433,2025-04,Apexacare,8,37
H433,2025-04,Competitor_A,7,33
H433,2025-04,Competitor_B,8,30
H434,2025-04,Apexacare,10,40
H434,2025-04,Competitor_A,11,40
H434,2025-04,Competitor_B,9,30
H435,2025-04,Apexacare,6,27
H435,2025-04,Competitor_A,4,19
H435,2025-04,Competitor_B,4,18
H436,2025-04,Apexacare,18,62
H436,2025-04,Competitor_A,13,47
H436,2025-04,Competitor_B,14,45
H437,2025-04,Apexacare,11,52
H437,2025-04,Competitor_A,11,56
H437,2025-04,Competitor_B,12,52
H438,2025-04,Apexacare,4,18
H438,2025-04,Competitor_A,1,7
H438,2025-04,Competitor_B,3,9
H439,2025-04,Apexacare,8,30
H439,2025-04,Competitor_A,18,64
H439,2025-04,Competitor_B,15,50
H440,2025-04,Apexacare,15,54
H440,2025-04,Competitor_A,14,53
H440,2025-04,Competitor_B,12,40
H441,2025-04,Apexacare,6,33
H441,2025-04,Competitor_A,8,43
H441,2025-04,Competitor_B,8,34
H442,2025-04,Apexacare,8,42
H442,2025-04,Competitor_A,3,19
H442,2025-04,Competitor_B,4,14
H443,2025-04,Apexacare,11,40
H443,2025-04,Competitor_A,19,66
H443,2025-04,Competitor_B,16,54
H444,2025-04,Apexacare,13,53
H444,2025-04,Competitor_A,11,45
H444,2025-04,Competitor_B,13,46
H445,2025-04,Apexacare,5,23
H445,2025-04,Competitor_A,10,44
H445,2025-04,Competitor_B,9,38
H446,2025-04,Apexacare,10,37
H446,2025-04,Competitor_A,9,34
H446,2025-04,Competitor_B,9,34
H447,2025-04,Apexacare,14,65
H447,2025-04,Competitor_A,10,46
H447,2025-04,Competitor_B,8,36
H448,2025-04,Apexacare,3,15
H448,2025-04,Competitor_A,1,8
H448,2025-04,Competitor_B,3,7
H449,2025-04,Apexacare,8,28
H449,2025-04,Competitor_A,10,37
H449,2025-04,Competitor_B,11,35
H450,2025-04,Apexacare,5,20
H450,2025-04,Competitor_A,14,57
H450,2025-04,Competitor_B,11,42
H451,2025-04,Apexacare,12,55
H451,2025-04,Competitor_A,12,55
H451,2025-04,Competitor_B,9,42
H452,2025-04,Apexacare,12,53
H452,2025-04,Competitor_A,12,53
H452,2025-04,Competitor_B,9,38
H453,2025-04,Apexacare,10,46
H453,2025-04,Competitor_A,11,50
H453,2025-04,Competitor_B,10,36
H454,2025-04,Apexacare,11,51
H454,2025-04,Competitor_A,13,58
H454,2025-04,Competitor_B,10,45
H455,2025-04,Apexacare,1,4
H455,2025-04,Competitor_A,1,6
H455,2025-04,Competitor_B,2,7
H456,2025-04,Apexacare,15,59
H456,2025-04,Competitor_A,15,59
H456,2025-04,Competitor_B,16,58
H457,2025-04,Apexacare,5,27
H457,2025-04,Competitor_A,8,41
H457,2025-04,Competitor_B,10,42
H458,2025-04,Apexacare,7,28
H458,2025-04,Competitor_A,4,16
H458,2025-04,Competitor_B,5,16
H459,2025-04,Apexacare,3,15
H459,2025-04,Competitor_A,3,15
H459,2025-04,Competitor_B,4,14
H460,2025-04,Apexacare,10,46
H460,2025-04,Competitor_A,13,59
H460,2025-04,Competitor_B,12,45
H461,2025-04,Apexacare,10,37
H461,2025-04,Competitor_A,8,28
H461,2025-04,Competitor_B,8,25
H462,2025-04,Apexacare,15,54
H462,2025-04,Competitor_A,12,44
H462,2025-04,Competitor_B,10,34
H463,2025-04,Apexacare,8,39
H463,2025-04,Competitor_A,5,26
H463,2025-04,Competitor_B,7,25
H464,2025-04,Apexacare,12,59
H464,2025-04,Competitor_A,13,63
H464,2025-04,Competitor_B,12,49
H465,2025-04,Apexacare,9,44
H465,2025-04,Competitor_A,17,80
H465,2025-04,Competitor_B,13,56
H466,2025-04,Apexacare,17,76
H466,2025-04,Competitor_A,7,34
H466,2025-04,Competitor_B,7,26
H467,2025-04,Apexacare,3,15
H467,2025-04,Competitor_A,2,9
H467,2025-04,Competitor_B,3,8
H468,2025-04,Apexacare,12,53
H468,2025-04,Competitor_A,7,34
H468,2025-04,Competitor_B,8,33
H469,2025-04,Apexacare,6,32
H469,2025-04,Competitor_A,7,36
H469,2025-04,Competitor_B,7,32
H470,2025-04,Apexacare,1,8
H470,2025-04,Competitor_A,2,12
H470,2025-04,Competitor_B,4,12
H471,2025-04,Apexacare,5,24
H471,2025-04,Competitor_A,3,18
H471,2025-04,Competitor_B,5,18
H472,2025-04,Apexacare,7,27
H472,2025-04,Competitor_A,8,33
H472,2025-04,Competitor_B,9,30
H473,2025-04,Apexacare,0,3
H473,2025-04,Competitor_A,1,8
H473,2025-04,Competitor_B,3,7
H474,2025-04,Apexacare,8,37
H474,2025-04,Competitor_A,7,34
H474,2025-04,Competitor_B,8,34
H475,2025-04,Apexacare,14,58
H475,2025-04,Competitor_A,7,30
H475,2025-04,Competitor_B,6,22
H476,2025-04,Apexacare,6,23
H476,2025-04,Competitor_A,3,12
H476,2025-04,Competitor_B,3,10
H477,2025-04,Apexacare,10,36
H477,2025-04,Competitor_A,9,32
H477,2025-04,Competitor_B,9,27
H478,2025-04,Apexacare,17,76
H478,2025-04,Competitor_A,9,42
H478,2025-04,Competitor_B,11,42
H479,2025-04,Apexacare,8,33
H479,2025-04,Competitor_A,7,31
H479,2025-04,Competitor_B,8,26
H480,2025-04,Apexacare,12,47
H480,2025-04,Competitor_A,10,41
H480,2025-04,Competitor_B,11,38
H481,2025-04,Apexacare,11,40
H481,2025-04,Competitor_A,19,70
H481,2025-04,Competitor_B,18,66
H482,2025-04,Apexacare,21,103
H482,2025-04,Competitor_A,10,47
H482,2025-04,Competitor_B,9,39
H483,2025-04,Apexacare,1,9
H483,2025-04,Competitor_A,0,4
H483,2025-04,Competitor_B,2,4
H484,2025-04,Apexacare,5,21
H484,2025-04,Competitor_A,10,42
H484,2025-04,Competitor_B,12,42
H485,2025-04,Apexacare,4,15
H485,2025-04,Competitor_A,13,49
H485,2025-04,Competitor_B,12,41
H486,2025-04,Apexacare,2,10
H486,2025-04,Competitor_A,4,16
H486,2025-04,Competitor_B,4,14
H487,2025-04,Apexacare,11,38
H487,2025-04,Competitor_A,7,26
H487,2025-04,Competitor_B,8,26
H488,2025-04,Apexacare,6,26
H488,2025-04,Competitor_A,14,60
H488,2025-04,Competitor_B,12,47
H489,2025-04,Apexacare,11,54
H489,2025-04,Competitor_A,12,61
H489,2025-04,Competitor_B,13,56
H490,2025-04,Apexacare,22,76
H490,2025-04,Competitor_A,14,49
H490,2025-04,Competitor_B,13,43
H491,2025-04,Apexacare,14,69
H491,2025-04,Competitor_A,9,48
H491,2025-04,Competitor_B,9,37
H492,2025-04,Apexacare,5,24
H492,2025-04,Competitor_A,6,28
H492,2025-04,Competitor_B,6,28
H493,2025-04,Apexacare,7,37
H493,2025-04,Competitor_A,8,40
H493,2025-04,Competitor_B,6,28
H494,2025-04,Apexacare,4,22
H494,2025-04,Competitor_A,4,21
H494,2025-04,Competitor_B,5,20
H495,2025-04,Apexacare,2,9
H495,2025-04,Competitor_A,3,15
H495,2025-04,Competitor_B,3,12
H496,2025-04,Apexacare,4,17
H496,2025-04,Competitor_A,21,91
H496,2025-04,Competitor_B,18,72
H497,2025-04,Apexacare,11,52
H497,2025-04,Competitor_A,16,76
H497,2025-04,Competitor_B,16,72
H498,2025-04,Apexacare,4,16
H498,2025-04,Competitor_A,5,21
H498,2025-04,Competitor_B,6,17
H499,2025-04,Apexacare,5,28
H499,2025-04,Competitor_A,3,21
H499,2025-04,Competitor_B,4,15
H500,2025-04,Apexacare,5,22
H500,2025-04,Competitor_A,3,13
H500,2025-04,Competitor_B,4,10
H501,2025-04,Apexacare,0,5
H501,2025-04,Competitor_A,2,16
H501,2025-04,Competitor_B,4,13
H502,2025-04,Apexacare,4,21
H502,2025-04,Competitor_A,14,60
H502,2025-04,Competitor_B,13,52
H503,2025-04,Apexacare,9,41
H503,2025-04,Competitor_A,9,42
H503,2025-04,Competitor_B,10,37
H504,2025-04,Apexacare,8,41
H504,2025-04,Competitor_A,12,61
H504,2025-04,Competitor_B,11,52
H505,2025-04,Apexacare,3,12
H505,2025-04,Competitor_A,18,71
H505,2025-04,Competitor_B,14,50
H506,2025-04,Apexacare,6,25
H506,2025-04,Competitor_A,10,43
H506,2025-04,Competitor_B,11,42
H507,2025-04,Apexacare,6,30
H507,2025-04,Competitor_A,9,46
H507,2025-04,Competitor_B,7,34
H508,2025-04,Apexacare,9,39
H508,2025-04,Competitor_A,10,45
H508,2025-04,Competitor_B,9,36
H509,2025-04,Apexacare,9,32
H509,2025-04,Competitor_A,13,47
H509,2025-04,Competitor_B,13,41
H510,2025-04,Apexacare,6,23
H510,2025-04,Competitor_A,8,32
H510,2025-04,Competitor_B,9,30
H511,2025-04,Apexacare,9,46
H511,2025-04,Competitor_A,6,32
H511,2025-04,Competitor_B,8,30
H512,2025-04,Apexacare,15,55
H512,2025-04,Competitor_A,19,70
H512,2025-04,Competitor_B,15,51
H513,2025-04,Apexacare,13,46
H513,2025-04,Competitor_A,15,54
H513,2025-04,Competitor_B,16,53
H514,2025-04,Apexacare,10,41
H514,2025-04,Competitor_A,16,65
H514,2025-04,Competitor_B,12,48
H515,2025-04,Apexacare,7,34
H515,2025-04,Competitor_A,9,43
H515,2025-04,Competitor_B,8,31
H516,2025-04,Apexacare,12,48
H516,2025-04,Competitor_A,17,64
H516,2025-04,Competitor_B,18,64
H517,2025-04,Apexacare,5,23
H517,2025-04,Competitor_A,10,46
H517,2025-04,Competitor_B,9,39
H518,2025-04,Apexacare,8,35
H518,2025-04,Competitor_A,10,44
H518,2025-04,Competitor_B,10,40
H519,2025-04,Apexacare,9,40
H519,2025-04,Competitor_A,9,39
H519,2025-04,Competitor_B,8,29
H520,2025-04,Apexacare,2,11
H520,2025-04,Competitor_A,3,14
H520,2025-04,Competitor_B,4,13
H521,2025-04,Apexacare,19,66
H521,2025-04,Competitor_A,16,56
H521,2025-04,Competitor_B,14,49
H522,2025-04,Apexacare,8,29
H522,2025-04,Competitor_A,12,43
H522,2025-04,Competitor_B,13,40
H523,2025-04,Apexacare,4,15
H523,2025-04,Competitor_A,6,21
H523,2025-04,Competitor_B,6,21
H524,2025-04,Apexacare,8,41
H524,2025-04,Competitor_A,10,50
H524,2025-04,Competitor_B,9,41
H525,2025-04,Apexacare,10,37
H525,2025-04,Competitor_A,16,64
H525,2025-04,Competitor_B,13,46
H526,2025-04,Apexacare,9,46
H526,2025-04,Competitor_A,15,73
H526,2025-04,Competitor_B,12,52
H527,2025-04,Apexacare,8,38
H527,2025-04,Competitor_A,11,48
H527,2025-04,Competitor_B,11,42
H528,2025-04,Apexacare,0,3
H528,2025-04,Competitor_A,4,21
H528,2025-04,Competitor_B,5,16
H529,2025-04,Apexacare,6,29
H529,2025-04,Competitor_A,6,32
H529,2025-04,Competitor_B,7,29
H530,2025-04,Apexacare,7,27
H530,2025-04,Competitor_A,11,42
H530,2025-04,Competitor_B,12,39
H531,2025-04,Apexacare,6,22
H531,2025-04,Competitor_A,8,32
H531,2025-04,Competitor_B,7,22
H532,2025-04,Apexacare,8,34
H532,2025-04,Competitor_A,17,72
H532,2025-04,Competitor_B,13,54
H533,2025-04,Apexacare,1,9
H533,2025-04,Competitor_A,6,29
H533,2025-04,Competitor_B,7,28
H534,2025-04,Apexacare,7,35
H534,2025-04,Competitor_A,8,40
H534,2025-04,Competitor_B,8,30
H535,2025-04,Apexacare,3,11
H535,2025-04,Competitor_A,10,39
H535,2025-04,Competitor_B,11,40
H536,2025-04,Apexacare,10,36
H536,2025-04,Competitor_A,14,52
H536,2025-04,Competitor_B,13,45
H537,2025-04,Apexacare,9,37
H537,2025-04,Competitor_A,9,39
H537,2025-04,Competitor_B,10,36
H538,2025-04,Apexacare,12,53
H538,2025-04,Competitor_A,7,29
H538,2025-04,Competitor_B,7,26
H539,2025-04,Apexacare,5,17
H539,2025-04,Competitor_A,12,42
H539,2025-04,Competitor_B,11,36
H540,2025-04,Apexacare,10,50
H540,2025-04,Competitor_A,7,36
H540,2025-04,Competitor_B,7,26
H541,2025-04,Apexacare,10,41
H541,2025-04,Competitor_A,11,45
H541,2025-04,Competitor_B,10,33
H542,2025-04,Apexacare,0,2
H542,2025-04,Competitor_A,1,9
H542,2025-04,Competitor_B,3,8
H543,2025-04,Apexacare,10,44
H543,2025-04,Competitor_A,25,101
H543,2025-04,Competitor_B,19,75
H544,2025-04,Apexacare,10,40
H544,2025-04,Competitor_A,11,43
H544,2025-04,Competitor_B,11,37
H545,2025-04,Apexacare,14,64
H545,2025-04,Competitor_A,14,66
H545,2025-04,Competitor_B,14,60
H546,2025-04,Apexacare,7,25
H546,2025-04,Competitor_A,5,18
H546,2025-04,Competitor_B,5,17
H547,2025-04,Apexacare,2,9
H547,2025-04,Competitor_A,13,45
H547,2025-04,Competitor_B,13,42
H548,2025-04,Apexacare,7,26
H548,2025-04,Competitor_A,21,80
H548,2025-04,Competitor_B,17,62
H549,2025-04,Apexacare,5,25
H549,2025-04,Competitor_A,10,47
H549,2025-04,Competitor_B,9,40
H550,2025-04,Apexacare,7,25
H550,2025-04,Competitor_A,12,45
H550,2025-04,Competitor_B,12,42
H551,2025-04,Apexacare,2,9
H551,2025-04,Competitor_A,3,19
H551,2025-04,Competitor_B,5,20
H552,2025-04,Apexacare,10,52
H552,2025-04,Competitor_A,11,56
H552,2025-04,Competitor_B,9,39
H553,2025-04,Apexacare,9,40
H553,2025-04,Competitor_A,15,65
H553,2025-04,Competitor_B,16,66
H554,2025-04,Apexacare,1,4
H554,2025-04,Competitor_A,1,6
H554,2025-04,Competitor_B,2,5
H555,2025-04,Apexacare,11,41
H555,2025-04,Competitor_A,13,50
H555,2025-04,Competitor_B,10,35
H556,2025-04,Apexacare,4,23
H556,2025-04,Competitor_A,13,70
H556,2025-04,Competitor_B,13,61
H557,2025-04,Apexacare,4,21
H557,2025-04,Competitor_A,11,55
H557,2025-04,Competitor_B,12,52
H558,2025-04,Apexacare,3,15
H558,2025-04,Competitor_A,8,33
H558,2025-04,Competitor_B,9,32
H559,2025-04,Apexacare,6,28
H559,2025-04,Competitor_A,10,48
H559,2025-04,Competitor_B,9,38
H560,2025-04,Apexacare,5,18
H560,2025-04,Competitor_A,11,38
H560,2025-04,Competitor_B,12,39
H561,2025-04,Apexacare,10,48
H561,2025-04,Competitor_A,17,79
H561,2025-04,Competitor_B,15,63
H562,2025-04,Apexacare,5,26
H562,2025-04,Competitor_A,6,29
H562,2025-04,Competitor_B,5,21
H563,2025-04,Apexacare,10,37
H563,2025-04,Competitor_A,11,41
H563,2025-04,Competitor_B,9,30
H564,2025-04,Apexacare,8,32
H564,2025-04,Competitor_A,17,70
H564,2025-04,Competitor_B,15,58
H565,2025-04,Apexacare,2,9
H565,2025-04,Competitor_A,5,25
H565,2025-04,Competitor_B,5,23
H566,2025-04,Apexacare,7,29
H566,2025-04,Competitor_A,13,57
H566,2025-04,Competitor_B,12,47
H567,2025-04,Apexacare,5,20
H567,2025-04,Competitor_A,11,40
H567,2025-04,Competitor_B,10,30
H568,2025-04,Apexacare,11,45
H568,2025-04,Competitor_A,12,51
H568,2025-04,Competitor_B,12,48
H569,2025-04,Apexacare,3,15
H569,2025-04,Competitor_A,7,38
H569,2025-04,Competitor_B,6,27
H570,2025-04,Apexacare,3,17
H570,2025-04,Competitor_A,6,30
H570,2025-04,Competitor_B,8,29
H571,2025-04,Apexacare,2,11
H571,2025-04,Competitor_A,5,22
H571,2025-04,Competitor_B,7,21
H572,2025-04,Apexacare,14,55
H572,2025-04,Competitor_A,13,51
H572,2025-04,Competitor_B,12,38
H573,2025-04,Apexacare,7,32
H573,2025-04,Competitor_A,16,69
H573,2025-04,Competitor_B,17,70
H574,2025-04,Apexacare,3,17
H574,2025-04,Competitor_A,7,32
H574,2025-04,Competitor_B,7,26
H575,2025-04,Apexacare,6,27
H575,2025-04,Competitor_A,10,41
H575,2025-04,Competitor_B,8,32
H576,2025-04,Apexacare,1,8
H576,2025-04,Competitor_A,2,13
H576,2025-04,Competitor_B,4,11
H577,2025-04,Apexacare,4,19
H577,2025-04,Competitor_A,7,34
H577,2025-04,Competitor_B,7,27
H578,2025-04,Apexacare,14,70
H578,2025-04,Competitor_A,9,45
H578,2025-04,Competitor_B,8,32
H579,2025-04,Apexacare,2,12
H579,2025-04,Competitor_A,4,18
H579,2025-04,Competitor_B,5,18
H580,2025-04,Apexacare,13,53
H580,2025-04,Competitor_A,16,61
H580,2025-04,Competitor_B,13,48
H581,2025-04,Apexacare,9,47
H581,2025-04,Competitor_A,12,61
H581,2025-04,Competitor_B,14,60
H582,2025-04,Apexacare,9,32
H582,2025-04,Competitor_A,13,48
H582,2025-04,Competitor_B,12,40
H583,2025-04,Apexacare,12,57
H583,2025-04,Competitor_A,15,66
H583,2025-04,Competitor_B,16,66
H584,2025-04,Apexacare,6,30
H584,2025-04,Competitor_A,6,28
H584,2025-04,Competitor_B,5,22
H585,2025-04,Apexacare,18,67
H585,2025-04,Competitor_A,13,48
H585,2025-04,Competitor_B,13,47
H586,2025-04,Apexacare,7,31
H586,2025-04,Competitor_A,7,33
H586,2025-04,Competitor_B,9,32
H587,2025-04,Apexacare,2,15
H587,2025-04,Competitor_A,6,33
H587,2025-04,Competitor_B,7,28
H588,2025-04,Apexacare,13,49
H588,2025-04,Competitor_A,8,30
H588,2025-04,Competitor_B,6,21
H589,2025-04,Apexacare,6,31
H589,2025-04,Competitor_A,8,41
H589,2025-04,Competitor_B,8,36
H590,2025-04,Apexacare,12,48
H590,2025-04,Competitor_A,14,57
H590,2025-04,Competitor_B,12,48
H591,2025-04,Apexacare,1,5
H591,2025-04,Competitor_A,1,9
H591,2025-04,Competitor_B,2,7
H592,2025-04,Apexacare,3,17
H592,2025-04,Competitor_A,8,37
H592,2025-04,Competitor_B,7,30
H593,2025-04,Apexacare,10,37
H593,2025-04,Competitor_A,11,40
H593,2025-04,Competitor_B,10,31
H594,2025-04,Apexacare,5,18
H594,2025-04,Competitor_A,6,24
H594,2025-04,Competitor_B,7,22
H595,2025-04,Apexacare,8,39
H595,2025-04,Competitor_A,7,36
H595,2025-04,Competitor_B,9,37
H596,2025-04,Apexacare,11,56
H596,2025-04,Competitor_A,12,60
H596,2025-04,Competitor_B,9,44
H597,2025-04,Apexacare,13,60
H597,2025-04,Competitor_A,8,38
H597,2025-04,Competitor_B,8,28
H598,2025-04,Apexacare,15,55
H598,2025-04,Competitor_A,25,90
H598,2025-04,Competitor_B,22,75
H599,2025-04,Apexacare,6,26
H599,2025-04,Competitor_A,6,27
H599,2025-04,Competitor_B,7,27
H600,2025-04,Apexacare,8,43
H600,2025-04,Competitor_A,12,61
H600,2025-04,Competitor_B,11,50
H601,2025-04,Apexacare,6,22
H601,2025-04,Competitor_A,5,22
H601,2025-04,Competitor_B,5,16
H602,2025-04,Apexacare,1,5
H602,2025-04,Competitor_A,1,5
H602,2025-04,Competitor_B,2,6
H603,2025-04,Apexacare,21,78
H603,2025-04,Competitor_A,10,36
H603,2025-04,Competitor_B,10,36
H604,2025-04,Apexacare,4,17
H604,2025-04,Competitor_A,3,15
H604,2025-04,Competitor_B,3,12
H605,2025-04,Apexacare,19,67
H605,2025-04,Competitor_A,13,46
H605,2025-04,Competitor_B,10,31
H001,2025-05,Apexacare,10,54
H001,2025-05,Competitor_A,14,70
H001,2025-05,Competitor_B,12,56
H002,2025-05,Apexacare,11,60
H002,2025-05,Competitor_A,5,28
H002,2025-05,Competitor_B,6,24
H003,2025-05,Apexacare,0,3
H003,2025-05,Competitor_A,1,6
H003,2025-05,Competitor_B,2,6
H004,2025-05,Apexacare,14,68
H004,2025-05,Competitor_A,9,47
H004,2025-05,Competitor_B,10,45
H005,2025-05,Apexacare,13,47
H005,2025-05,Competitor_A,6,22
H005,2025-05,Competitor_B,7,21
H006,2025-05,Apexacare,15,58
H006,2025-05,Competitor_A,10,39
H006,2025-05,Competitor_B,10,38
H007,2025-05,Apexacare,4,16
H007,2025-05,Competitor_A,4,16
H007,2025-05,Competitor_B,4,13
H008,2025-05,Apexacare,12,44
H008,2025-05,Competitor_A,6,22
H008,2025-05,Competitor_B,6,19
H009,2025-05,Apexacare,10,44
H009,2025-05,Competitor_A,10,44
H009,2025-05,Competitor_B,9,32
H010,2025-05,Apexacare,15,60
H010,2025-05,Competitor_A,11,41
H010,2025-05,Competitor_B,11,39
H011,2025-05,Apexacare,7,34
H011,2025-05,Competitor_A,10,50
H011,2025-05,Competitor_B,12,52
H012,2025-05,Apexacare,10,36
H012,2025-05,Competitor_A,10,37
H012,2025-05,Competitor_B,10,29
H013,2025-05,Apexacare,8,37
H013,2025-05,Competitor_A,3,17
H013,2025-05,Competitor_B,4,14
H014,2025-05,Apexacare,20,80
H014,2025-05,Competitor_A,9,36
H014,2025-05,Competitor_B,8,28
H015,2025-05,Apexacare,16,61
H015,2025-05,Competitor_A,7,27
H015,2025-05,Competitor_B,7,22
H016,2025-05,Apexacare,10,46
H016,2025-05,Competitor_A,11,50
H016,2025-05,Competitor_B,9,36
H017,2025-05,Apexacare,18,63
H017,2025-05,Competitor_A,12,44
H017,2025-05,Competitor_B,14,43
H018,2025-05,Apexacare,6,29
H018,2025-05,Competitor_A,3,16
H018,2025-05,Competitor_B,4,12
H019,2025-05,Apexacare,4,21
H019,2025-05,Competitor_A,13,65
H019,2025-05,Competitor_B,10,47
H020,2025-05,Apexacare,4,19
H020,2025-05,Competitor_A,1,8
H020,2025-05,Competitor_B,3,7
H021,2025-05,Apexacare,4,18
H021,2025-05,Competitor_A,7,28
H021,2025-05,Competitor_B,8,26
H022,2025-05,Apexacare,9,34
H022,2025-05,Competitor_A,12,43
H022,2025-05,Competitor_B,11,35
H023,2025-05,Apexacare,11,48
H023,2025-05,Competitor_A,11,48
H023,2025-05,Competitor_B,10,37
H024,2025-05,Apexacare,8,40
H024,2025-05,Competitor_A,15,71
H024,2025-05,Competitor_B,15,69
H025,2025-05,Apexacare,17,72
H025,2025-05,Competitor_A,8,33
H025,2025-05,Competitor_B,7,28
H026,2025-05,Apexacare,9,46
H026,2025-05,Competitor_A,4,22
H026,2025-05,Competitor_B,5,17
H027,2025-05,Apexacare,6,31
H027,2025-05,Competitor_A,5,26
H027,2025-05,Competitor_B,5,23
H028,2025-05,Apexacare,17,68
H028,2025-05,Competitor_A,11,44
H028,2025-05,Competitor_B,10,40
H029,2025-05,Apexacare,11,45
H029,2025-05,Competitor_A,6,25
H029,2025-05,Competitor_B,6,20
H030,2025-05,Apexacare,12,54
H030,2025-05,Competitor_A,13,55
H030,2025-05,Competitor_B,13,51
H031,2025-05,Apexacare,6,23
H031,2025-05,Competitor_A,5,20
H031,2025-05,Competitor_B,6,17
H032,2025-05,Apexacare,23,85
H032,2025-05,Competitor_A,13,51
H032,2025-05,Competitor_B,13,44
H033,2025-05,Apexacare,9,39
H033,2025-05,Competitor_A,17,74
H033,2025-05,Competitor_B,17,67
H034,2025-05,Apexacare,8,29
H034,2025-05,Competitor_A,9,35
H034,2025-05,Competitor_B,8,26
H035,2025-05,Apexacare,8,31
H035,2025-05,Competitor_A,8,28
H035,2025-05,Competitor_B,7,21
H036,2025-05,Apexacare,11,58
H036,2025-05,Competitor_A,12,58
H036,2025-05,Competitor_B,13,60
H037,2025-05,Apexacare,4,16
H037,2025-05,Competitor_A,14,48
H037,2025-05,Competitor_B,13,41
H038,2025-05,Apexacare,16,69
H038,2025-05,Competitor_A,16,68
H038,2025-05,Competitor_B,14,52
H039,2025-05,Apexacare,25,101
H039,2025-05,Competitor_A,14,56
H039,2025-05,Competitor_B,11,41
H040,2025-05,Apexacare,23,91
H040,2025-05,Competitor_A,16,62
H040,2025-05,Competitor_B,12,45
H041,2025-05,Apexacare,3,14
H041,2025-05,Competitor_A,5,19
H041,2025-05,Competitor_B,5,15
H042,2025-05,Apexacare,6,24
H042,2025-05,Competitor_A,7,28
H042,2025-05,Competitor_B,7,28
H043,2025-05,Apexacare,12,54
H043,2025-05,Competitor_A,9,38
H043,2025-05,Competitor_B,7,27
H044,2025-05,Apexacare,7,36
H044,2025-05,Competitor_A,10,48
H044,2025-05,Competitor_B,8,36
H045,2025-05,Apexacare,18,78
H045,2025-05,Competitor_A,13,57
H045,2025-05,Competitor_B,11,45
H046,2025-05,Apexacare,12,60
H046,2025-05,Competitor_A,9,46
H046,2025-05,Competitor_B,9,41
H047,2025-05,Apexacare,1,4
H047,2025-05,Competitor_A,1,7
H047,2025-05,Competitor_B,3,8
H048,2025-05,Apexacare,4,18
H048,2025-05,Competitor_A,5,23
H048,2025-05,Competitor_B,6,25
H049,2025-05,Apexacare,12,46
H049,2025-05,Competitor_A,6,23
H049,2025-05,Competitor_B,7,21
H050,2025-05,Apexacare,7,32
H050,2025-05,Competitor_A,7,32
H050,2025-05,Competitor_B,8,26
H051,2025-05,Apexacare,23,84
H051,2025-05,Competitor_A,11,39
H051,2025-05,Competitor_B,9,30
H052,2025-05,Apexacare,2,13
H052,2025-05,Competitor_A,3,19
H052,2025-05,Competitor_B,4,16
H053,2025-05,Apexacare,14,52
H053,2025-05,Competitor_A,7,27
H053,2025-05,Competitor_B,7,26
H054,2025-05,Apexacare,11,38
H054,2025-05,Competitor_A,10,36
H054,2025-05,Competitor_B,11,34
H055,2025-05,Apexacare,9,38
H055,2025-05,Competitor_A,7,28
H055,2025-05,Competitor_B,7,24
H056,2025-05,Apexacare,22,79
H056,2025-05,Competitor_A,17,62
H056,2025-05,Competitor_B,17,59
H057,2025-05,Apexacare,15,54
H057,2025-05,Competitor_A,7,26
H057,2025-05,Competitor_B,7,20
H058,2025-05,Apexacare,10,38
H058,2025-05,Competitor_A,12,49
H058,2025-05,Competitor_B,11,39
H059,2025-05,Apexacare,7,38
H059,2025-05,Competitor_A,7,34
H059,2025-05,Competitor_B,6,24
H060,2025-05,Apexacare,22,78
H060,2025-05,Competitor_A,19,67
H060,2025-05,Competitor_B,17,55
H061,2025-05,Apexacare,10,51
H061,2025-05,Competitor_A,9,44
H061,2025-05,Competitor_B,9,40
H062,2025-05,Apexacare,7,27
H062,2025-05,Competitor_A,4,17
H062,2025-05,Competitor_B,5,16
H063,2025-05,Apexacare,3,20
H063,2025-05,Competitor_A,3,17
H063,2025-05,Competitor_B,4,17
H064,2025-05,Apexacare,20,87
H064,2025-05,Competitor_A,9,42
H064,2025-05,Competitor_B,8,31
H065,2025-05,Apexacare,20,92
H065,2025-05,Competitor_A,13,59
H065,2025-05,Competitor_B,11,47
H066,2025-05,Apexacare,14,51
H066,2025-05,Competitor_A,15,55
H066,2025-05,Competitor_B,16,56
H067,2025-05,Apexacare,6,22
H067,2025-05,Competitor_A,7,25
H067,2025-05,Competitor_B,6,21
H068,2025-05,Apexacare,3,11
H068,2025-05,Competitor_A,4,15
H068,2025-05,Competitor_B,4,14
H069,2025-05,Apexacare,9,38
H069,2025-05,Competitor_A,15,66
H069,2025-05,Competitor_B,12,49
H070,2025-05,Apexacare,19,93
H070,2025-05,Competitor_A,9,44
H070,2025-05,Competitor_B,7,31
H071,2025-05,Apexacare,8,39
H071,2025-05,Competitor_A,7,37
H071,2025-05,Competitor_B,8,34
H072,2025-05,Apexacare,3,16
H072,2025-05,Competitor_A,5,25
H072,2025-05,Competitor_B,7,23
H073,2025-05,Apexacare,6,28
H073,2025-05,Competitor_A,3,12
H073,2025-05,Competitor_B,3,11
H074,2025-05,Apexacare,11,57
H074,2025-05,Competitor_A,9,44
H074,2025-05,Competitor_B,10,43
H075,2025-05,Apexacare,5,22
H075,2025-05,Competitor_A,5,21
H075,2025-05,Competitor_B,4,17
H076,2025-05,Apexacare,8,35
H076,2025-05,Competitor_A,6,28
H076,2025-05,Competitor_B,8,27
H077,2025-05,Apexacare,7,24
H077,2025-05,Competitor_A,17,59
H077,2025-05,Competitor_B,13,43
H078,2025-05,Apexacare,2,11
H078,2025-05,Competitor_A,3,12
H078,2025-05,Competitor_B,4,13
H079,2025-05,Apexacare,4,17
H079,2025-05,Competitor_A,4,18
H079,2025-05,Competitor_B,5,13
H080,2025-05,Apexacare,19,81
H080,2025-05,Competitor_A,8,36
H080,2025-05,Competitor_B,10,37
H081,2025-05,Apexacare,13,50
H081,2025-05,Competitor_A,18,68
H081,2025-05,Competitor_B,17,58
H082,2025-05,Apexacare,16,76
H082,2025-05,Competitor_A,11,53
H082,2025-05,Competitor_B,9,41
H083,2025-05,Apexacare,13,63
H083,2025-05,Competitor_A,12,61
H083,2025-05,Competitor_B,10,47
H084,2025-05,Apexacare,1,6
H084,2025-05,Competitor_A,1,6
H084,2025-05,Competitor_B,2,5
H085,2025-05,Apexacare,11,54
H085,2025-05,Competitor_A,7,32
H085,2025-05,Competitor_B,8,34
H086,2025-05,Apexacare,9,40
H086,2025-05,Competitor_A,8,38
H086,2025-05,Competitor_B,7,27
H087,2025-05,Apexacare,5,23
H087,2025-05,Competitor_A,11,48
H087,2025-05,Competitor_B,11,49
H088,2025-05,Apexacare,13,58
H088,2025-05,Competitor_A,6,29
H088,2025-05,Competitor_B,6,21
H089,2025-05,Apexacare,7,36
H089,2025-05,Competitor_A,14,72
H089,2025-05,Competitor_B,15,72
H090,2025-05,Apexacare,11,46
H090,2025-05,Competitor_A,11,45
H090,2025-05,Competitor_B,11,42
H091,2025-05,Apexacare,14,51
H091,2025-05,Competitor_A,13,48
H091,2025-05,Competitor_B,11,36
H092,2025-05,Apexacare,11,40
H092,2025-05,Competitor_A,10,39
H092,2025-05,Competitor_B,10,33
H093,2025-05,Apexacare,17,59
H093,2025-05,Competitor_A,13,47
H093,2025-05,Competitor_B,11,34
H094,2025-05,Apexacare,2,10
H094,2025-05,Competitor_A,3,18
H094,2025-05,Competitor_B,4,17
H095,2025-05,Apexacare,14,50
H095,2025-05,Competitor_A,19,68
H095,2025-05,Competitor_B,18,62
H096,2025-05,Apexacare,7,37
H096,2025-05,Competitor_A,6,29
H096,2025-05,Competitor_B,7,29
H097,2025-05,Apexacare,1,5
H097,2025-05,Competitor_A,1,5
H097,2025-05,Competitor_B,1,5
H098,2025-05,Apexacare,8,40
H098,2025-05,Competitor_A,8,40
H098,2025-05,Competitor_B,8,34
H099,2025-05,Apexacare,13,49
H099,2025-05,Competitor_A,13,52
H099,2025-05,Competitor_B,11,39
H100,2025-05,Apexacare,11,54
H100,2025-05,Competitor_A,6,31
H100,2025-05,Competitor_B,7,29
H101,2025-05,Apexacare,13,44
H101,2025-05,Competitor_A,8,28
H101,2025-05,Competitor_B,7,24
H102,2025-05,Apexacare,10,44
H102,2025-05,Competitor_A,11,46
H102,2025-05,Competitor_B,10,38
H103,2025-05,Apexacare,4,17
H103,2025-05,Competitor_A,2,10
H103,2025-05,Competitor_B,4,11
H104,2025-05,Apexacare,14,49
H104,2025-05,Competitor_A,16,56
H104,2025-05,Competitor_B,14,49
H105,2025-05,Apexacare,20,71
H105,2025-05,Competitor_A,15,53
H105,2025-05,Competitor_B,16,52
H106,2025-05,Apexacare,15,58
H106,2025-05,Competitor_A,12,48
H106,2025-05,Competitor_B,14,48
H107,2025-05,Apexacare,8,32
H107,2025-05,Competitor_A,4,17
H107,2025-05,Competitor_B,5,17
H108,2025-05,Apexacare,4,21
H108,2025-05,Competitor_A,4,21
H108,2025-05,Competitor_B,4,22
H109,2025-05,Apexacare,11,50
H109,2025-05,Competitor_A,9,44
H109,2025-05,Competitor_B,10,42
H110,2025-05,Apexacare,12,42
H110,2025-05,Competitor_A,5,18
H110,2025-05,Competitor_B,5,15
H111,2025-05,Apexacare,13,56
H111,2025-05,Competitor_A,6,26
H111,2025-05,Competitor_B,7,23
H112,2025-05,Apexacare,6,27
H112,2025-05,Competitor_A,7,29
H112,2025-05,Competitor_B,7,28
H113,2025-05,Apexacare,0,4
H113,2025-05,Competitor_A,1,6
H113,2025-05,Competitor_B,2,5
H114,2025-05,Apexacare,13,53
H114,2025-05,Competitor_A,17,66
H114,2025-05,Competitor_B,13,49
H115,2025-05,Apexacare,12,51
H115,2025-05,Competitor_A,5,22
H115,2025-05,Competitor_B,5,17
H116,2025-05,Apexacare,15,63
H116,2025-05,Competitor_A,14,57
H116,2025-05,Competitor_B,13,50
H117,2025-05,Apexacare,1,8
H117,2025-05,Competitor_A,2,13
H117,2025-05,Competitor_B,4,11
H118,2025-05,Apexacare,24,93
H118,2025-05,Competitor_A,10,41
H118,2025-05,Competitor_B,10,34
H119,2025-05,Apexacare,13,54
H119,2025-05,Competitor_A,16,66
H119,2025-05,Competitor_B,14,48
H120,2025-05,Apexacare,12,42
H120,2025-05,Competitor_A,20,71
H120,2025-05,Competitor_B,21,67
H121,2025-05,Apexacare,9,35
H121,2025-05,Competitor_A,20,79
H121,2025-05,Competitor_B,16,56
H122,2025-05,Apexacare,10,39
H122,2025-05,Competitor_A,18,68
H122,2025-05,Competitor_B,14,47
H123,2025-05,Apexacare,14,53
H123,2025-05,Competitor_A,11,44
H123,2025-05,Competitor_B,10,35
H124,2025-05,Apexacare,7,29
H124,2025-05,Competitor_A,12,46
H124,2025-05,Competitor_B,11,39
H125,2025-05,Apexacare,14,68
H125,2025-05,Competitor_A,12,59
H125,2025-05,Competitor_B,9,41
H126,2025-05,Apexacare,7,33
H126,2025-05,Competitor_A,5,23
H126,2025-05,Competitor_B,6,20
H127,2025-05,Apexacare,13,61
H127,2025-05,Competitor_A,5,25
H127,2025-05,Competitor_B,6,26
H128,2025-05,Apexacare,7,27
H128,2025-05,Competitor_A,8,31
H128,2025-05,Competitor_B,8,30
H129,2025-05,Apexacare,11,47
H129,2025-05,Competitor_A,8,33
H129,2025-05,Competitor_B,8,32
H130,2025-05,Apexacare,8,43
H130,2025-05,Competitor_A,6,33
H130,2025-05,Competitor_B,7,29
H131,2025-05,Apexacare,2,9
H131,2025-05,Competitor_A,4,20
H131,2025-05,Competitor_B,4,15
H132,2025-05,Apexacare,9,43
H132,2025-05,Competitor_A,7,34
H132,2025-05,Competitor_B,7,33
H133,2025-05,Apexacare,8,30
H133,2025-05,Competitor_A,6,23
H133,2025-05,Competitor_B,7,19
H134,2025-05,Apexacare,10,35
H134,2025-05,Competitor_A,9,33
H134,2025-05,Competitor_B,10,32
H135,2025-05,Apexacare,2,9
H135,2025-05,Competitor_A,3,13
H135,2025-05,Competitor_B,3,12
H136,2025-05,Apexacare,5,27
H136,2025-05,Competitor_A,7,37
H136,2025-05,Competitor_B,6,26
H137,2025-05,Apexacare,13,56
H137,2025-05,Competitor_A,12,52
H137,2025-05,Competitor_B,12,45
H138,2025-05,Apexacare,15,76
H138,2025-05,Competitor_A,6,32
H138,2025-05,Competitor_B,7,27
H139,2025-05,Apexacare,11,43
H139,2025-05,Competitor_A,11,42
H139,2025-05,Competitor_B,11,41
H140,2025-05,Apexacare,7,30
H140,2025-05,Competitor_A,5,22
H140,2025-05,Competitor_B,6,24
H141,2025-05,Apexacare,11,56
H141,2025-05,Competitor_A,13,64
H141,2025-05,Competitor_B,11,51
H142,2025-05,Apexacare,6,33
H142,2025-05,Competitor_A,11,56
H142,2025-05,Competitor_B,9,43
H143,2025-05,Apexacare,10,46
H143,2025-05,Competitor_A,10,48
H143,2025-05,Competitor_B,10,42
H144,2025-05,Apexacare,9,40
H144,2025-05,Competitor_A,11,47
H144,2025-05,Competitor_B,9,33
H145,2025-05,Apexacare,2,9
H145,2025-05,Competitor_A,1,7
H145,2025-05,Competitor_B,3,6
H146,2025-05,Apexacare,9,40
H146,2025-05,Competitor_A,10,42
H146,2025-05,Competitor_B,10,37
H147,2025-05,Apexacare,3,14
H147,2025-05,Competitor_A,3,16
H147,2025-05,Competitor_B,4,15
H148,2025-05,Apexacare,6,27
H148,2025-05,Competitor_A,4,20
H148,2025-05,Competitor_B,5,16
H149,2025-05,Apexacare,1,6
H149,2025-05,Competitor_A,1,6
H149,2025-05,Competitor_B,1,6
H150,2025-05,Apexacare,11,53
H150,2025-05,Competitor_A,7,36
H150,2025-05,Competitor_B,7,31
H151,2025-05,Apexacare,15,58
H151,2025-05,Competitor_A,8,30
H151,2025-05,Competitor_B,7,24
H152,2025-05,Apexacare,14,64
H152,2025-05,Competitor_A,6,30
H152,2025-05,Competitor_B,7,26
H153,2025-05,Apexacare,18,63
H153,2025-05,Competitor_A,8,27
H153,2025-05,Competitor_B,6,20
H154,2025-05,Apexacare,12,50
H154,2025-05,Competitor_A,7,28
H154,2025-05,Competitor_B,6,22
H155,2025-05,Apexacare,11,40
H155,2025-05,Competitor_A,8,32
H155,2025-05,Competitor_B,10,33
H156,2025-05,Apexacare,10,36
H156,2025-05,Competitor_A,18,68
H156,2025-05,Competitor_B,18,64
H157,2025-05,Apexacare,2,13
H157,2025-05,Competitor_A,1,8
H157,2025-05,Competitor_B,3,9
H158,2025-05,Apexacare,14,57
H158,2025-05,Competitor_A,9,38
H158,2025-05,Competitor_B,8,31
H159,2025-05,Apexacare,6,32
H159,2025-05,Competitor_A,7,37
H159,2025-05,Competitor_B,9,36
H160,2025-05,Apexacare,8,31
H160,2025-05,Competitor_A,14,52
H160,2025-05,Competitor_B,10,36
H161,2025-05,Apexacare,17,78
H161,2025-05,Competitor_A,14,68
H161,2025-05,Competitor_B,12,52
H162,2025-05,Apexacare,1,5
H162,2025-05,Competitor_A,1,5
H162,2025-05,Competitor_B,1,6
H163,2025-05,Apexacare,4,21
H163,2025-05,Competitor_A,2,13
H163,2025-05,Competitor_B,3,11
H164,2025-05,Apexacare,9,35
H164,2025-05,Competitor_A,8,34
H164,2025-05,Competitor_B,8,27
H165,2025-05,Apexacare,17,75
H165,2025-05,Competitor_A,8,36
H165,2025-05,Competitor_B,7,29
H166,2025-05,Apexacare,4,22
H166,2025-05,Competitor_A,4,22
H166,2025-05,Competitor_B,5,19
H167,2025-05,Apexacare,16,57
H167,2025-05,Competitor_A,16,55
H167,2025-05,Competitor_B,15,48
H168,2025-05,Apexacare,16,60
H168,2025-05,Competitor_A,8,29
H168,2025-05,Competitor_B,9,31
H169,2025-05,Apexacare,2,8
H169,2025-05,Competitor_A,3,16
H169,2025-05,Competitor_B,4,14
H170,2025-05,Apexacare,12,48
H170,2025-05,Competitor_A,6,24
H170,2025-05,Competitor_B,7,23
H171,2025-05,Apexacare,11,40
H171,2025-05,Competitor_A,21,78
H171,2025-05,Competitor_B,21,72
H172,2025-05,Apexacare,12,55
H172,2025-05,Competitor_A,9,42
H172,2025-05,Competitor_B,8,36
H173,2025-05,Apexacare,14,51
H173,2025-05,Competitor_A,14,50
H173,2025-05,Competitor_B,14,43
H174,2025-05,Apexacare,17,76
H174,2025-05,Competitor_A,8,35
H174,2025-05,Competitor_B,7,29
H175,2025-05,Apexacare,9,44
H175,2025-05,Competitor_A,7,33
H175,2025-05,Competitor_B,9,35
H176,2025-05,Apexacare,10,47
H176,2025-05,Competitor_A,15,72
H176,2025-05,Competitor_B,12,57
H177,2025-05,Apexacare,1,5
H177,2025-05,Competitor_A,1,6
H177,2025-05,Competitor_B,2,8
H178,2025-05,Apexacare,10,36
H178,2025-05,Competitor_A,10,37
H178,2025-05,Competitor_B,10,32
H179,2025-05,Apexacare,11,46
H179,2025-05,Competitor_A,7,32
H179,2025-05,Competitor_B,7,27
H180,2025-05,Apexacare,13,59
H180,2025-05,Competitor_A,6,28
H180,2025-05,Competitor_B,5,21
H181,2025-05,Apexacare,11,51
H181,2025-05,Competitor_A,7,35
H181,2025-05,Competitor_B,9,34
H182,2025-05,Apexacare,17,59
H182,2025-05,Competitor_A,12,43
H182,2025-05,Competitor_B,10,33
H183,2025-05,Apexacare,4,20
H183,2025-05,Competitor_A,3,13
H183,2025-05,Competitor_B,4,12
H184,2025-05,Apexacare,12,47
H184,2025-05,Competitor_A,5,23
H184,2025-05,Competitor_B,6,20
H185,2025-05,Apexacare,8,37
H185,2025-05,Competitor_A,7,34
H185,2025-05,Competitor_B,8,34
H186,2025-05,Apexacare,8,32
H186,2025-05,Competitor_A,13,53
H186,2025-05,Competitor_B,13,47
H187,2025-05,Apexacare,5,23
H187,2025-05,Competitor_A,10,44
H187,2025-05,Competitor_B,11,38
H188,2025-05,Apexacare,5,20
H188,2025-05,Competitor_A,5,20
H188,2025-05,Competitor_B,6,20
H189,2025-05,Apexacare,7,29
H189,2025-05,Competitor_A,8,33
H189,2025-05,Competitor_B,8,26
H190,2025-05,Apexacare,18,79
H190,2025-05,Competitor_A,11,48
H190,2025-05,Competitor_B,11,41
H191,2025-05,Apexacare,9,45
H191,2025-05,Competitor_A,7,38
H191,2025-05,Competitor_B,8,36
H192,2025-05,Apexacare,12,57
H192,2025-05,Competitor_A,7,36
H192,2025-05,Competitor_B,7,27
H193,2025-05,Apexacare,9,35
H193,2025-05,Competitor_A,7,29
H193,2025-05,Competitor_B,7,26
H194,2025-05,Apexacare,4,17
H194,2025-05,Competitor_A,5,23
H194,2025-05,Competitor_B,7,24
H195,2025-05,Apexacare,12,46
H195,2025-05,Competitor_A,9,36
H195,2025-05,Competitor_B,8,30
H196,2025-05,Apexacare,9,34
H196,2025-05,Competitor_A,10,40
H196,2025-05,Competitor_B,11,40
H197,2025-05,Apexacare,5,25
H197,2025-05,Competitor_A,4,20
H197,2025-05,Competitor_B,4,18
H198,2025-05,Apexacare,16,59
H198,2025-05,Competitor_A,6,24
H198,2025-05,Competitor_B,7,22
H199,2025-05,Apexacare,3,12
H199,2025-05,Competitor_A,8,30
H199,2025-05,Competitor_B,6,22
H200,2025-05,Apexacare,10,37
H200,2025-05,Competitor_A,10,38
H200,2025-05,Competitor_B,11,37
H201,2025-05,Apexacare,1,5
H201,2025-05,Competitor_A,1,5
H201,2025-05,Competitor_B,2,6
H202,2025-05,Apexacare,8,35
H202,2025-05,Competitor_A,5,21
H202,2025-05,Competitor_B,5,19
H203,2025-05,Apexacare,19,66
H203,2025-05,Competitor_A,11,40
H203,2025-05,Competitor_B,11,34
H204,2025-05,Apexacare,10,39
H204,2025-05,Competitor_A,7,28
H204,2025-05,Competitor_B,8,23
H205,2025-05,Apexacare,12,62
H205,2025-05,Competitor_A,8,42
H205,2025-05,Competitor_B,8,32
H206,2025-05,Apexacare,13,63
H206,2025-05,Competitor_A,9,46
H206,2025-05,Competitor_B,9,38
H207,2025-05,Apexacare,7,33
H207,2025-05,Competitor_A,5,23
H207,2025-05,Competitor_B,4,20
H208,2025-05,Apexacare,5,29
H208,2025-05,Competitor_A,3,17
H208,2025-05,Competitor_B,4,17
H209,2025-05,Apexacare,18,75
H209,2025-05,Competitor_A,7,32
H209,2025-05,Competitor_B,7,25
H210,2025-05,Apexacare,4,20
H210,2025-05,Competitor_A,3,18
H210,2025-05,Competitor_B,5,19
H211,2025-05,Apexacare,16,57
H211,2025-05,Competitor_A,6,24
H211,2025-05,Competitor_B,7,21
H212,2025-05,Apexacare,14,54
H212,2025-05,Competitor_A,18,72
H212,2025-05,Competitor_B,15,54
H213,2025-05,Apexacare,6,22
H213,2025-05,Competitor_A,5,18
H213,2025-05,Competitor_B,6,20
H214,2025-05,Apexacare,6,34
H214,2025-05,Competitor_A,3,15
H214,2025-05,Competitor_B,3,11
H215,2025-05,Apexacare,5,22
H215,2025-05,Competitor_A,4,15
H215,2025-05,Competitor_B,5,17
H216,2025-05,Apexacare,12,57
H216,2025-05,Competitor_A,5,26
H216,2025-05,Competitor_B,5,19
H217,2025-05,Apexacare,3,13
H217,2025-05,Competitor_A,2,9
H217,2025-05,Competitor_B,3,8
H218,2025-05,Apexacare,9,46
H218,2025-05,Competitor_A,14,71
H218,2025-05,Competitor_B,13,63
H219,2025-05,Apexacare,12,57
H219,2025-05,Competitor_A,9,44
H219,2025-05,Competitor_B,10,43
H220,2025-05,Apexacare,1,7
H220,2025-05,Competitor_A,1,4
H220,2025-05,Competitor_B,2,5
H221,2025-05,Apexacare,9,39
H221,2025-05,Competitor_A,7,32
H221,2025-05,Competitor_B,8,31
H222,2025-05,Apexacare,18,64
H222,2025-05,Competitor_A,16,58
H222,2025-05,Competitor_B,14,48
H223,2025-05,Apexacare,18,74
H223,2025-05,Competitor_A,12,48
H223,2025-05,Competitor_B,11,40
H224,2025-05,Apexacare,4,18
H224,2025-05,Competitor_A,2,8
H224,2025-05,Competitor_B,2,6
H225,2025-05,Apexacare,9,43
H225,2025-05,Competitor_A,12,57
H225,2025-05,Competitor_B,12,54
H226,2025-05,Apexacare,4,19
H226,2025-05,Competitor_A,4,20
H226,2025-05,Competitor_B,4,18
H227,2025-05,Apexacare,13,59
H227,2025-05,Competitor_A,11,52
H227,2025-05,Competitor_B,13,51
H228,2025-05,Apexacare,7,37
H228,2025-05,Competitor_A,3,16
H228,2025-05,Competitor_B,4,15
H229,2025-05,Apexacare,6,27
H229,2025-05,Competitor_A,6,31
H229,2025-05,Competitor_B,6,22
H230,2025-05,Apexacare,13,47
H230,2025-05,Competitor_A,12,44
H230,2025-05,Competitor_B,13,42
H231,2025-05,Apexacare,9,41
H231,2025-05,Competitor_A,8,36
H231,2025-05,Competitor_B,8,33
H232,2025-05,Apexacare,6,26
H232,2025-05,Competitor_A,11,47
H232,2025-05,Competitor_B,12,46
H233,2025-05,Apexacare,12,46
H233,2025-05,Competitor_A,11,43
H233,2025-05,Competitor_B,10,31
H234,2025-05,Apexacare,30,117
H234,2025-05,Competitor_A,13,53
H234,2025-05,Competitor_B,11,40
H235,2025-05,Apexacare,22,88
H235,2025-05,Competitor_A,9,38
H235,2025-05,Competitor_B,7,26
H236,2025-05,Apexacare,5,23
H236,2025-05,Competitor_A,5,20
H236,2025-05,Competitor_B,6,21
H237,2025-05,Apexacare,12,42
H237,2025-05,Competitor_A,6,24
H237,2025-05,Competitor_B,7,22
H238,2025-05,Apexacare,5,24
H238,2025-05,Competitor_A,5,24
H238,2025-05,Competitor_B,6,18
H239,2025-05,Apexacare,10,52
H239,2025-05,Competitor_A,8,41
H239,2025-05,Competitor_B,8,40
H240,2025-05,Apexacare,1,7
H240,2025-05,Competitor_A,0,5
H240,2025-05,Competitor_B,2,5
H241,2025-05,Apexacare,5,25
H241,2025-05,Competitor_A,3,19
H241,2025-05,Competitor_B,4,16
H242,2025-05,Apexacare,3,14
H242,2025-05,Competitor_A,4,14
H242,2025-05,Competitor_B,4,12
H243,2025-05,Apexacare,7,33
H243,2025-05,Competitor_A,6,29
H243,2025-05,Competitor_B,7,26
H244,2025-05,Apexacare,5,23
H244,2025-05,Competitor_A,11,52
H244,2025-05,Competitor_B,9,37
H245,2025-05,Apexacare,4,20
H245,2025-05,Competitor_A,4,19
H245,2025-05,Competitor_B,5,18
H246,2025-05,Apexacare,8,43
H246,2025-05,Competitor_A,4,21
H246,2025-05,Competitor_B,4,16
H247,2025-05,Apexacare,9,44
H247,2025-05,Competitor_A,4,19
H247,2025-05,Competitor_B,4,17
H248,2025-05,Apexacare,7,26
H248,2025-05,Competitor_A,5,18
H248,2025-05,Competitor_B,5,16
H249,2025-05,Apexacare,9,46
H249,2025-05,Competitor_A,10,48
H249,2025-05,Competitor_B,8,34
H250,2025-05,Apexacare,5,25
H250,2025-05,Competitor_A,5,21
H250,2025-05,Competitor_B,6,22
H251,2025-05,Apexacare,12,59
H251,2025-05,Competitor_A,10,52
H251,2025-05,Competitor_B,10,43
H252,2025-05,Apexacare,13,53
H252,2025-05,Competitor_A,13,53
H252,2025-05,Competitor_B,11,38
H253,2025-05,Apexacare,6,27
H253,2025-05,Competitor_A,8,36
H253,2025-05,Competitor_B,8,33
H254,2025-05,Apexacare,2,8
H254,2025-05,Competitor_A,0,3
H254,2025-05,Competitor_B,2,5
H255,2025-05,Apexacare,7,36
H255,2025-05,Competitor_A,5,29
H255,2025-05,Competitor_B,5,20
H256,2025-05,Apexacare,3,16
H256,2025-05,Competitor_A,2,11
H256,2025-05,Competitor_B,2,9
H257,2025-05,Apexacare,12,46
H257,2025-05,Competitor_A,10,40
H257,2025-05,Competitor_B,12,42
H258,2025-05,Apexacare,19,68
H258,2025-05,Competitor_A,21,77
H258,2025-05,Competitor_B,19,65
H259,2025-05,Apexacare,16,58
H259,2025-05,Competitor_A,13,47
H259,2025-05,Competitor_B,15,49
H260,2025-05,Apexacare,1,6
H260,2025-05,Competitor_A,1,5
H260,2025-05,Competitor_B,2,6
H261,2025-05,Apexacare,12,48
H261,2025-05,Competitor_A,12,48
H261,2025-05,Competitor_B,9,36
H262,2025-05,Apexacare,3,18
H262,2025-05,Competitor_A,2,13
H262,2025-05,Competitor_B,4,14
H263,2025-05,Apexacare,9,45
H263,2025-05,Competitor_A,11,57
H263,2025-05,Competitor_B,11,52
H264,2025-05,Apexacare,3,10
H264,2025-05,Competitor_A,3,14
H264,2025-05,Competitor_B,4,12
H265,2025-05,Apexacare,6,32
H265,2025-05,Competitor_A,4,21
H265,2025-05,Competitor_B,5,22
H266,2025-05,Apexacare,17,62
H266,2025-05,Competitor_A,20,73
H266,2025-05,Competitor_B,16,54
H267,2025-05,Apexacare,8,36
H267,2025-05,Competitor_A,9,38
H267,2025-05,Competitor_B,10,38
H268,2025-05,Apexacare,12,47
H268,2025-05,Competitor_A,19,73
H268,2025-05,Competitor_B,14,51
H269,2025-05,Apexacare,9,37
H269,2025-05,Competitor_A,8,34
H269,2025-05,Competitor_B,8,25
H270,2025-05,Apexacare,10,36
H270,2025-05,Competitor_A,8,28
H270,2025-05,Competitor_B,8,26
H271,2025-05,Apexacare,13,61
H271,2025-05,Competitor_A,11,50
H271,2025-05,Competitor_B,10,39
H272,2025-05,Apexacare,6,32
H272,2025-05,Competitor_A,7,35
H272,2025-05,Competitor_B,8,35
H273,2025-05,Apexacare,12,62
H273,2025-05,Competitor_A,9,46
H273,2025-05,Competitor_B,9,46
H274,2025-05,Apexacare,7,30
H274,2025-05,Competitor_A,7,33
H274,2025-05,Competitor_B,8,32
H275,2025-05,Apexacare,11,43
H275,2025-05,Competitor_A,8,31
H275,2025-05,Competitor_B,7,26
H276,2025-05,Apexacare,12,54
H276,2025-05,Competitor_A,11,48
H276,2025-05,Competitor_B,11,45
H277,2025-05,Apexacare,5,28
H277,2025-05,Competitor_A,6,34
H277,2025-05,Competitor_B,6,26
H278,2025-05,Apexacare,7,30
H278,2025-05,Competitor_A,5,23
H278,2025-05,Competitor_B,7,23
H279,2025-05,Apexacare,7,31
H279,2025-05,Competitor_A,9,37
H279,2025-05,Competitor_B,7,28
H280,2025-05,Apexacare,15,67
H280,2025-05,Competitor_A,6,26
H280,2025-05,Competitor_B,7,26
H281,2025-05,Apexacare,15,54
H281,2025-05,Competitor_A,11,41
H281,2025-05,Competitor_B,11,38
H282,2025-05,Apexacare,1,9
H282,2025-05,Competitor_A,1,5
H282,2025-05,Competitor_B,2,6
H283,2025-05,Apexacare,4,21
H283,2025-05,Competitor_A,5,26
H283,2025-05,Competitor_B,6,25
H284,2025-05,Apexacare,2,11
H284,2025-05,Competitor_A,4,17
H284,2025-05,Competitor_B,5,16
H285,2025-05,Apexacare,9,46
H285,2025-05,Competitor_A,9,44
H285,2025-05,Competitor_B,9,43
H286,2025-05,Apexacare,19,66
H286,2025-05,Competitor_A,14,48
H286,2025-05,Competitor_B,11,39
H287,2025-05,Apexacare,17,67
H287,2025-05,Competitor_A,10,43
H287,2025-05,Competitor_B,10,37
H288,2025-05,Apexacare,8,30
H288,2025-05,Competitor_A,14,48
H288,2025-05,Competitor_B,13,42
H289,2025-05,Apexacare,13,55
H289,2025-05,Competitor_A,9,38
H289,2025-05,Competitor_B,8,27
H290,2025-05,Apexacare,7,35
H290,2025-05,Competitor_A,3,16
H290,2025-05,Competitor_B,4,12
H291,2025-05,Apexacare,12,48
H291,2025-05,Competitor_A,13,53
H291,2025-05,Competitor_B,13,51
H292,2025-05,Apexacare,3,11
H292,2025-05,Competitor_A,2,10
H292,2025-05,Competitor_B,3,9
H293,2025-05,Apexacare,12,51
H293,2025-05,Competitor_A,11,47
H293,2025-05,Competitor_B,9,37
H294,2025-05,Apexacare,13,48
H294,2025-05,Competitor_A,17,62
H294,2025-05,Competitor_B,17,58
H295,2025-05,Apexacare,7,29
H295,2025-05,Competitor_A,8,32
H295,2025-05,Competitor_B,8,27
H296,2025-05,Apexacare,14,48
H296,2025-05,Competitor_A,10,37
H296,2025-05,Competitor_B,9,27
H297,2025-05,Apexacare,8,43
H297,2025-05,Competitor_A,6,33
H297,2025-05,Competitor_B,8,32
H298,2025-05,Apexacare,17,61
H298,2025-05,Competitor_A,9,34
H298,2025-05,Competitor_B,8,25
H299,2025-05,Apexacare,11,44
H299,2025-05,Competitor_A,6,26
H299,2025-05,Competitor_B,7,26
H300,2025-05,Apexacare,8,31
H300,2025-05,Competitor_A,11,41
H300,2025-05,Competitor_B,11,36
H301,2025-05,Apexacare,3,13
H301,2025-05,Competitor_A,4,19
H301,2025-05,Competitor_B,4,16
H302,2025-05,Apexacare,12,43
H302,2025-05,Competitor_A,18,61
H302,2025-05,Competitor_B,15,50
H303,2025-05,Apexacare,18,85
H303,2025-05,Competitor_A,7,37
H303,2025-05,Competitor_B,7,30
H304,2025-05,Apexacare,21,95
H304,2025-05,Competitor_A,9,40
H304,2025-05,Competitor_B,9,41
H305,2025-05,Apexacare,10,47
H305,2025-05,Competitor_A,8,40
H305,2025-05,Competitor_B,8,33
H306,2025-05,Apexacare,10,46
H306,2025-05,Competitor_A,11,50
H306,2025-05,Competitor_B,10,37
H307,2025-05,Apexacare,10,44
H307,2025-05,Competitor_A,14,61
H307,2025-05,Competitor_B,13,55
H308,2025-05,Apexacare,1,7
H308,2025-05,Competitor_A,1,8
H308,2025-05,Competitor_B,3,7
H309,2025-05,Apexacare,6,30
H309,2025-05,Competitor_A,11,58
H309,2025-05,Competitor_B,12,59
H310,2025-05,Apexacare,11,47
H310,2025-05,Competitor_A,10,46
H310,2025-05,Competitor_B,10,39
H311,2025-05,Apexacare,6,23
H311,2025-05,Competitor_A,10,39
H311,2025-05,Competitor_B,12,40
H312,2025-05,Apexacare,10,36
H312,2025-05,Competitor_A,10,38
H312,2025-05,Competitor_B,10,31
H313,2025-05,Apexacare,2,12
H313,2025-05,Competitor_A,3,18
H313,2025-05,Competitor_B,4,15
H314,2025-05,Apexacare,7,38
H314,2025-05,Competitor_A,13,69
H314,2025-05,Competitor_B,14,63
H315,2025-05,Apexacare,11,50
H315,2025-05,Competitor_A,9,40
H315,2025-05,Competitor_B,9,36
H316,2025-05,Apexacare,13,64
H316,2025-05,Competitor_A,11,54
H316,2025-05,Competitor_B,10,44
H317,2025-05,Apexacare,13,48
H317,2025-05,Competitor_A,12,48
H317,2025-05,Competitor_B,11,39
H318,2025-05,Apexacare,8,36
H318,2025-05,Competitor_A,6,25
H318,2025-05,Competitor_B,5,19
H319,2025-05,Apexacare,13,57
H319,2025-05,Competitor_A,11,49
H319,2025-05,Competitor_B,12,46
H320,2025-05,Apexacare,1,6
H320,2025-05,Competitor_A,1,6
H320,2025-05,Competitor_B,3,7
H321,2025-05,Apexacare,16,73
H321,2025-05,Competitor_A,7,35
H321,2025-05,Competitor_B,8,32
H322,2025-05,Apexacare,15,65
H322,2025-05,Competitor_A,20,83
H322,2025-05,Competitor_B,16,62
H323,2025-05,Apexacare,2,13
H323,2025-05,Competitor_A,2,9
H323,2025-05,Competitor_B,3,10
H324,2025-05,Apexacare,12,44
H324,2025-05,Competitor_A,16,59
H324,2025-05,Competitor_B,13,41
H325,2025-05,Apexacare,11,47
H325,2025-05,Competitor_A,8,34
H325,2025-05,Competitor_B,8,31
H326,2025-05,Apexacare,0,3
H326,2025-05,Competitor_A,1,7
H326,2025-05,Competitor_B,2,6
H327,2025-05,Apexacare,6,27
H327,2025-05,Competitor_A,5,25
H327,2025-05,Competitor_B,6,20
H328,2025-05,Apexacare,6,23
H328,2025-05,Competitor_A,6,23
H328,2025-05,Competitor_B,6,17
H329,2025-05,Apexacare,7,24
H329,2025-05,Competitor_A,11,40
H329,2025-05,Competitor_B,10,32
H330,2025-05,Apexacare,3,15
H330,2025-05,Competitor_A,4,24
H330,2025-05,Competitor_B,5,24
H331,2025-05,Apexacare,22,75
H331,2025-05,Competitor_A,13,44
H331,2025-05,Competitor_B,10,34
H332,2025-05,Apexacare,6,27
H332,2025-05,Competitor_A,6,29
H332,2025-05,Competitor_B,5,20
H333,2025-05,Apexacare,4,20
H333,2025-05,Competitor_A,3,17
H333,2025-05,Competitor_B,4,14
H334,2025-05,Apexacare,6,28
H334,2025-05,Competitor_A,3,16
H334,2025-05,Competitor_B,4,16
H335,2025-05,Apexacare,1,8
H335,2025-05,Competitor_A,1,6
H335,2025-05,Competitor_B,2,6
H336,2025-05,Apexacare,9,35
H336,2025-05,Competitor_A,16,58
H336,2025-05,Competitor_B,14,47
H337,2025-05,Apexacare,12,59
H337,2025-05,Competitor_A,7,36
H337,2025-05,Competitor_B,9,37
H338,2025-05,Apexacare,14,73
H338,2025-05,Competitor_A,9,46
H338,2025-05,Competitor_B,8,35
H339,2025-05,Apexacare,13,48
H339,2025-05,Competitor_A,10,36
H339,2025-05,Competitor_B,11,36
H340,2025-05,Apexacare,11,57
H340,2025-05,Competitor_A,6,32
H340,2025-05,Competitor_B,7,31
H341,2025-05,Apexacare,13,59
H341,2025-05,Competitor_A,6,28
H341,2025-05,Competitor_B,6,23
H342,2025-05,Apexacare,4,19
H342,2025-05,Competitor_A,7,28
H342,2025-05,Competitor_B,7,25
H343,2025-05,Apexacare,10,41
H343,2025-05,Competitor_A,12,49
H343,2025-05,Competitor_B,12,43
H344,2025-05,Apexacare,5,22
H344,2025-05,Competitor_A,9,37
H344,2025-05,Competitor_B,8,29
H345,2025-05,Apexacare,7,38
H345,2025-05,Competitor_A,8,40
H345,2025-05,Competitor_B,8,34
H346,2025-05,Apexacare,9,46
H346,2025-05,Competitor_A,7,35
H346,2025-05,Competitor_B,8,33
H347,2025-05,Apexacare,6,31
H347,2025-05,Competitor_A,9,49
H347,2025-05,Competitor_B,9,40
H348,2025-05,Apexacare,13,51
H348,2025-05,Competitor_A,9,38
H348,2025-05,Competitor_B,8,30
H349,2025-05,Apexacare,18,66
H349,2025-05,Competitor_A,12,44
H349,2025-05,Competitor_B,13,43
H350,2025-05,Apexacare,13,49
H350,2025-05,Competitor_A,14,53
H350,2025-05,Competitor_B,15,50
H351,2025-05,Apexacare,4,21
H351,2025-05,Competitor_A,6,28
H351,2025-05,Competitor_B,7,26
H352,2025-05,Apexacare,9,47
H352,2025-05,Competitor_A,8,42
H352,2025-05,Competitor_B,8,37
H353,2025-05,Apexacare,14,53
H353,2025-05,Competitor_A,12,45
H353,2025-05,Competitor_B,11,35
H354,2025-05,Apexacare,10,42
H354,2025-05,Competitor_A,7,32
H354,2025-05,Competitor_B,8,31
H355,2025-05,Apexacare,11,51
H355,2025-05,Competitor_A,9,45
H355,2025-05,Competitor_B,9,37
H356,2025-05,Apexacare,8,36
H356,2025-05,Competitor_A,8,37
H356,2025-05,Competitor_B,8,29
H357,2025-05,Apexacare,11,46
H357,2025-05,Competitor_A,14,56
H357,2025-05,Competitor_B,11,42
H358,2025-05,Apexacare,10,40
H358,2025-05,Competitor_A,5,21
H358,2025-05,Competitor_B,5,15
H359,2025-05,Apexacare,3,16
H359,2025-05,Competitor_A,4,23
H359,2025-05,Competitor_B,5,21
H360,2025-05,Apexacare,13,52
H360,2025-05,Competitor_A,6,25
H360,2025-05,Competitor_B,5,19
H361,2025-05,Apexacare,11,40
H361,2025-05,Competitor_A,9,31
H361,2025-05,Competitor_B,10,31
H362,2025-05,Apexacare,15,59
H362,2025-05,Competitor_A,16,62
H362,2025-05,Competitor_B,13,47
H363,2025-05,Apexacare,13,49
H363,2025-05,Competitor_A,20,72
H363,2025-05,Competitor_B,17,55
H364,2025-05,Apexacare,15,74
H364,2025-05,Competitor_A,12,60
H364,2025-05,Competitor_B,10,42
H365,2025-05,Apexacare,7,27
H365,2025-05,Competitor_A,12,46
H365,2025-05,Competitor_B,10,37
H366,2025-05,Apexacare,3,16
H366,2025-05,Competitor_A,2,10
H366,2025-05,Competitor_B,3,10
H367,2025-05,Apexacare,3,15
H367,2025-05,Competitor_A,7,32
H367,2025-05,Competitor_B,7,25
H368,2025-05,Apexacare,14,50
H368,2025-05,Competitor_A,12,41
H368,2025-05,Competitor_B,11,35
H369,2025-05,Apexacare,14,51
H369,2025-05,Competitor_A,17,62
H369,2025-05,Competitor_B,14,47
H370,2025-05,Apexacare,2,9
H370,2025-05,Competitor_A,4,18
H370,2025-05,Competitor_B,3,13
H371,2025-05,Apexacare,10,35
H371,2025-05,Competitor_A,6,21
H371,2025-05,Competitor_B,6,20
H372,2025-05,Apexacare,10,46
H372,2025-05,Competitor_A,7,36
H372,2025-05,Competitor_B,7,28
H373,2025-05,Apexacare,4,19
H373,2025-05,Competitor_A,5,25
H373,2025-05,Competitor_B,4,20
H374,2025-05,Apexacare,12,58
H374,2025-05,Competitor_A,8,41
H374,2025-05,Competitor_B,10,41
H375,2025-05,Apexacare,10,40
H375,2025-05,Competitor_A,12,47
H375,2025-05,Competitor_B,10,32
H376,2025-05,Apexacare,12,64
H376,2025-05,Competitor_A,8,43
H376,2025-05,Competitor_B,9,40
H377,2025-05,Apexacare,6,31
H377,2025-05,Competitor_A,6,29
H377,2025-05,Competitor_B,6,25
H378,2025-05,Apexacare,16,62
H378,2025-05,Competitor_A,12,48
H378,2025-05,Competitor_B,12,44
H379,2025-05,Apexacare,5,26
H379,2025-05,Competitor_A,7,36
H379,2025-05,Competitor_B,7,33
H380,2025-05,Apexacare,5,23
H380,2025-05,Competitor_A,3,16
H380,2025-05,Competitor_B,5,15
H381,2025-05,Apexacare,9,36
H381,2025-05,Competitor_A,8,35
H381,2025-05,Competitor_B,7,24
H382,2025-05,Apexacare,3,17
H382,2025-05,Competitor_A,2,14
H382,2025-05,Competitor_B,3,11
H383,2025-05,Apexacare,4,17
H383,2025-05,Competitor_A,4,17
H383,2025-05,Competitor_B,5,17
H384,2025-05,Apexacare,16,58
H384,2025-05,Competitor_A,12,43
H384,2025-05,Competitor_B,10,32
H385,2025-05,Apexacare,16,76
H385,2025-05,Competitor_A,14,66
H385,2025-05,Competitor_B,12,56
H386,2025-05,Apexacare,11,50
H386,2025-05,Competitor_A,8,36
H386,2025-05,Competitor_B,9,34
H387,2025-05,Apexacare,15,58
H387,2025-05,Competitor_A,6,26
H387,2025-05,Competitor_B,6,21
H388,2025-05,Apexacare,9,36
H388,2025-05,Competitor_A,10,38
H388,2025-05,Competitor_B,8,28
H389,2025-05,Apexacare,23,95
H389,2025-05,Competitor_A,15,61
H389,2025-05,Competitor_B,13,54
H390,2025-05,Apexacare,12,46
H390,2025-05,Competitor_A,9,33
H390,2025-05,Competitor_B,8,26
H391,2025-05,Apexacare,16,78
H391,2025-05,Competitor_A,11,52
H391,2025-05,Competitor_B,9,40
H392,2025-05,Apexacare,1,6
H392,2025-05,Competitor_A,3,14
H392,2025-05,Competitor_B,3,12
H393,2025-05,Apexacare,10,38
H393,2025-05,Competitor_A,9,33
H393,2025-05,Competitor_B,10,31
H394,2025-05,Apexacare,5,25
H394,2025-05,Competitor_A,7,32
H394,2025-05,Competitor_B,7,28
H395,2025-05,Apexacare,26,90
H395,2025-05,Competitor_A,16,55
H395,2025-05,Competitor_B,13,45
H396,2025-05,Apexacare,12,58
H396,2025-05,Competitor_A,10,51
H396,2025-05,Competitor_B,9,35
H397,2025-05,Apexacare,9,36
H397,2025-05,Competitor_A,7,28
H397,2025-05,Competitor_B,7,24
H398,2025-05,Apexacare,14,51
H398,2025-05,Competitor_A,17,63
H398,2025-05,Competitor_B,13,46
H399,2025-05,Apexacare,9,42
H399,2025-05,Competitor_A,5,24
H399,2025-05,Competitor_B,5,19
H400,2025-05,Apexacare,15,64
H400,2025-05,Competitor_A,14,61
H400,2025-05,Competitor_B,13,51
H401,2025-05,Apexacare,24,93
H401,2025-05,Competitor_A,11,42
H401,2025-05,Competitor_B,9,33
H402,2025-05,Apexacare,9,43
H402,2025-05,Competitor_A,11,49
H402,2025-05,Competitor_B,10,41
H403,2025-05,Apexacare,2,12
H403,2025-05,Competitor_A,8,37
H403,2025-05,Competitor_B,9,35
H404,2025-05,Apexacare,10,38
H404,2025-05,Competitor_A,14,53
H404,2025-05,Competitor_B,14,45
H405,2025-05,Apexacare,4,16
H405,2025-05,Competitor_A,7,28
H405,2025-05,Competitor_B,6,20
H406,2025-05,Apexacare,13,48
H406,2025-05,Competitor_A,19,69
H406,2025-05,Competitor_B,16,53
H407,2025-05,Apexacare,16,65
H407,2025-05,Competitor_A,15,61
H407,2025-05,Competitor_B,14,50
H408,2025-05,Apexacare,22,85
H408,2025-05,Competitor_A,12,48
H408,2025-05,Competitor_B,12,38
H409,2025-05,Apexacare,10,43
H409,2025-05,Competitor_A,6,28
H409,2025-05,Competitor_B,7,29
H410,2025-05,Apexacare,15,55
H410,2025-05,Competitor_A,13,49
H410,2025-05,Competitor_B,11,36
H411,2025-05,Apexacare,4,19
H411,2025-05,Competitor_A,2,9
H411,2025-05,Competitor_B,3,8
H412,2025-05,Apexacare,8,38
H412,2025-05,Competitor_A,6,28
H412,2025-05,Competitor_B,7,30
H413,2025-05,Apexacare,9,48
H413,2025-05,Competitor_A,8,44
H413,2025-05,Competitor_B,9,40
H414,2025-05,Apexacare,4,21
H414,2025-05,Competitor_A,10,46
H414,2025-05,Competitor_B,9,35
H415,2025-05,Apexacare,17,70
H415,2025-05,Competitor_A,7,30
H415,2025-05,Competitor_B,7,26
H416,2025-05,Apexacare,1,7
H416,2025-05,Competitor_A,1,6
H416,2025-05,Competitor_B,2,6
H417,2025-05,Apexacare,14,63
H417,2025-05,Competitor_A,12,54
H417,2025-05,Competitor_B,14,54
H418,2025-05,Apexacare,8,40
H418,2025-05,Competitor_A,11,52
H418,2025-05,Competitor_B,9,40
H419,2025-05,Apexacare,3,14
H419,2025-05,Competitor_A,3,12
H419,2025-05,Competitor_B,3,10
H420,2025-05,Apexacare,9,35
H420,2025-05,Competitor_A,5,22
H420,2025-05,Competitor_B,5,18
H421,2025-05,Apexacare,7,34
H421,2025-05,Competitor_A,5,28
H421,2025-05,Competitor_B,7,28
H422,2025-05,Apexacare,3,15
H422,2025-05,Competitor_A,3,14
H422,2025-05,Competitor_B,4,13
H423,2025-05,Apexacare,9,40
H423,2025-05,Competitor_A,9,36
H423,2025-05,Competitor_B,8,29
H424,2025-05,Apexacare,13,58
H424,2025-05,Competitor_A,9,43
H424,2025-05,Competitor_B,8,32
H425,2025-05,Apexacare,9,46
H425,2025-05,Competitor_A,12,62
H425,2025-05,Competitor_B,10,46
H426,2025-05,Apexacare,10,43
H426,2025-05,Competitor_A,8,36
H426,2025-05,Competitor_B,9,33
H427,2025-05,Apexacare,11,50
H427,2025-05,Competitor_A,9,40
H427,2025-05,Competitor_B,8,36
H428,2025-05,Apexacare,19,64
H428,2025-05,Competitor_A,17,60
H428,2025-05,Competitor_B,14,44
H429,2025-05,Apexacare,16,79
H429,2025-05,Competitor_A,7,35
H429,2025-05,Competitor_B,6,26
H430,2025-05,Apexacare,13,50
H430,2025-05,Competitor_A,11,41
H430,2025-05,Competitor_B,11,41
H431,2025-05,Apexacare,7,33
H431,2025-05,Competitor_A,6,31
H431,2025-05,Competitor_B,6,26
H432,2025-05,Apexacare,7,37
H432,2025-05,Competitor_A,7,35
H432,2025-05,Competitor_B,7,28
H433,2025-05,Apexacare,7,36
H433,2025-05,Competitor_A,7,32
H433,2025-05,Competitor_B,8,32
H434,2025-05,Apexacare,6,30
H434,2025-05,Competitor_A,7,35
H434,2025-05,Competitor_B,8,35
H435,2025-05,Apexacare,7,28
H435,2025-05,Competitor_A,4,18
H435,2025-05,Competitor_B,4,14
H436,2025-05,Apexacare,9,49
H436,2025-05,Competitor_A,9,46
H436,2025-05,Competitor_B,8,38
H437,2025-05,Apexacare,14,54
H437,2025-05,Competitor_A,10,37
H437,2025-05,Competitor_B,11,37
H438,2025-05,Apexacare,4,16
H438,2025-05,Competitor_A,3,11
H438,2025-05,Competitor_B,4,13
H439,2025-05,Apexacare,5,24
H439,2025-05,Competitor_A,11,51
H439,2025-05,Competitor_B,10,45
H440,2025-05,Apexacare,10,42
H440,2025-05,Competitor_A,11,46
H440,2025-05,Competitor_B,11,38
H441,2025-05,Apexacare,10,38
H441,2025-05,Competitor_A,9,34
H441,2025-05,Competitor_B,9,28
H442,2025-05,Apexacare,16,57
H442,2025-05,Competitor_A,6,21
H442,2025-05,Competitor_B,7,22
H443,2025-05,Apexacare,13,61
H443,2025-05,Competitor_A,12,56
H443,2025-05,Competitor_B,12,51
H444,2025-05,Apexacare,10,42
H444,2025-05,Competitor_A,15,64
H444,2025-05,Competitor_B,12,46
H445,2025-05,Apexacare,9,44
H445,2025-05,Competitor_A,9,44
H445,2025-05,Competitor_B,8,31
H446,2025-05,Apexacare,7,31
H446,2025-05,Competitor_A,10,41
H446,2025-05,Competitor_B,10,33
H447,2025-05,Apexacare,12,57
H447,2025-05,Competitor_A,8,39
H447,2025-05,Competitor_B,7,30
H448,2025-05,Apexacare,4,18
H448,2025-05,Competitor_A,2,12
H448,2025-05,Competitor_B,3,10
H449,2025-05,Apexacare,4,18
H449,2025-05,Competitor_A,10,41
H449,2025-05,Competitor_B,9,31
H450,2025-05,Apexacare,7,30
H450,2025-05,Competitor_A,11,47
H450,2025-05,Competitor_B,10,42
H451,2025-05,Apexacare,10,39
H451,2025-05,Competitor_A,14,54
H451,2025-05,Competitor_B,14,51
H452,2025-05,Apexacare,13,53
H452,2025-05,Competitor_A,14,56
H452,2025-05,Competitor_B,11,43
H453,2025-05,Apexacare,5,21
H453,2025-05,Competitor_A,11,49
H453,2025-05,Competitor_B,11,44
H454,2025-05,Apexacare,12,45
H454,2025-05,Competitor_A,9,36
H454,2025-05,Competitor_B,10,31
H455,2025-05,Apexacare,1,6
H455,2025-05,Competitor_A,0,5
H455,2025-05,Competitor_B,2,6
H456,2025-05,Apexacare,8,42
H456,2025-05,Competitor_A,8,44
H456,2025-05,Competitor_B,9,42
H457,2025-05,Apexacare,5,23
H457,2025-05,Competitor_A,9,38
H457,2025-05,Competitor_B,9,34
H458,2025-05,Apexacare,5,27
H458,2025-05,Competitor_A,2,13
H458,2025-05,Competitor_B,4,11
H459,2025-05,Apexacare,1,7
H459,2025-05,Competitor_A,2,12
H459,2025-05,Competitor_B,4,11
H460,2025-05,Apexacare,9,31
H460,2025-05,Competitor_A,19,66
H460,2025-05,Competitor_B,16,53
H461,2025-05,Apexacare,13,64
H461,2025-05,Competitor_A,7,32
H461,2025-05,Competitor_B,6,24
H462,2025-05,Apexacare,12,44
H462,2025-05,Competitor_A,12,44
H462,2025-05,Competitor_B,13,44
H463,2025-05,Apexacare,13,58
H463,2025-05,Competitor_A,6,25
H463,2025-05,Competitor_B,6,22
H464,2025-05,Apexacare,15,51
H464,2025-05,Competitor_A,20,68
H464,2025-05,Competitor_B,18,61
H465,2025-05,Apexacare,16,57
H465,2025-05,Competitor_A,21,71
H465,2025-05,Competitor_B,16,52
H466,2025-05,Apexacare,23,100
H466,2025-05,Competitor_A,9,42
H466,2025-05,Competitor_B,9,34
H467,2025-05,Apexacare,5,23
H467,2025-05,Competitor_A,2,9
H467,2025-05,Competitor_B,3,10
H468,2025-05,Apexacare,6,34
H468,2025-05,Competitor_A,6,32
H468,2025-05,Competitor_B,6,24
H469,2025-05,Apexacare,3,12
H469,2025-05,Competitor_A,9,34
H469,2025-05,Competitor_B,10,34
H470,2025-05,Apexacare,4,15
H470,2025-05,Competitor_A,4,14
H470,2025-05,Competitor_B,4,13
H471,2025-05,Apexacare,6,28
H471,2025-05,Competitor_A,6,27
H471,2025-05,Competitor_B,5,21
H472,2025-05,Apexacare,10,50
H472,2025-05,Competitor_A,10,47
H472,2025-05,Competitor_B,8,35
H473,2025-05,Apexacare,0,3
H473,2025-05,Competitor_A,2,8
H473,2025-05,Competitor_B,3,8
H474,2025-05,Apexacare,13,49
H474,2025-05,Competitor_A,9,36
H474,2025-05,Competitor_B,10,34
H475,2025-05,Apexacare,7,37
H475,2025-05,Competitor_A,3,19
H475,2025-05,Competitor_B,5,19
H476,2025-05,Apexacare,9,33
H476,2025-05,Competitor_A,4,14
H476,2025-05,Competitor_B,4,13
H477,2025-05,Apexacare,8,39
H477,2025-05,Competitor_A,4,23
H477,2025-05,Competitor_B,6,23
H478,2025-05,Apexacare,25,86
H478,2025-05,Competitor_A,12,43
H478,2025-05,Competitor_B,13,39
H479,2025-05,Apexacare,8,37
H479,2025-05,Competitor_A,7,33
H479,2025-05,Competitor_B,9,30
H480,2025-05,Apexacare,9,39
H480,2025-05,Competitor_A,8,37
H480,2025-05,Competitor_B,7,26
H481,2025-05,Apexacare,7,33
H481,2025-05,Competitor_A,10,49
H481,2025-05,Competitor_B,10,46
H482,2025-05,Apexacare,23,104
H482,2025-05,Competitor_A,10,48
H482,2025-05,Competitor_B,10,37
H483,2025-05,Apexacare,2,10
H483,2025-05,Competitor_A,0,4
H483,2025-05,Competitor_B,2,5
H484,2025-05,Apexacare,10,38
H484,2025-05,Competitor_A,12,45
H484,2025-05,Competitor_B,14,43
H485,2025-05,Apexacare,6,30
H485,2025-05,Competitor_A,9,43
H485,2025-05,Competitor_B,8,32
H486,2025-05,Apexacare,2,10
H486,2025-05,Competitor_A,3,14
H486,2025-05,Competitor_B,4,14
H487,2025-05,Apexacare,9,36
H487,2025-05,Competitor_A,10,39
H487,2025-05,Competitor_B,9,30
H488,2025-05,Apexacare,5,24
H488,2025-05,Competitor_A,12,55
H488,2025-05,Competitor_B,13,54
H489,2025-05,Apexacare,5,20
H489,2025-05,Competitor_A,17,64
H489,2025-05,Competitor_B,14,51
H490,2025-05,Apexacare,13,62
H490,2025-05,Competitor_A,9,47
H490,2025-05,Competitor_B,8,35
H491,2025-05,Apexacare,10,55
H491,2025-05,Competitor_A,8,41
H491,2025-05,Competitor_B,8,37
H492,2025-05,Apexacare,3,16
H492,2025-05,Competitor_A,10,51
H492,2025-05,Competitor_B,9,38
H493,2025-05,Apexacare,7,32
H493,2025-05,Competitor_A,8,34
H493,2025-05,Competitor_B,8,29
H494,2025-05,Apexacare,2,13
H494,2025-05,Competitor_A,3,17
H494,2025-05,Competitor_B,5,15
H495,2025-05,Apexacare,1,7
H495,2025-05,Competitor_A,2,15
H495,2025-05,Competitor_B,3,12
H496,2025-05,Apexacare,13,55
H496,2025-05,Competitor_A,18,72
H496,2025-05,Competitor_B,14,53
H497,2025-05,Apexacare,10,38
H497,2025-05,Competitor_A,20,74
H497,2025-05,Competitor_B,17,58
H498,2025-05,Apexacare,3,18
H498,2025-05,Competitor_A,5,24
H498,2025-05,Competitor_B,6,24
H499,2025-05,Apexacare,6,23
H499,2025-05,Competitor_A,5,20
H499,2025-05,Competitor_B,6,17
H500,2025-05,Apexacare,6,25
H500,2025-05,Competitor_A,4,18
H500,2025-05,Competitor_B,5,20
H501,2025-05,Apexacare,2,8
H501,2025-05,Competitor_A,3,12
H501,2025-05,Competitor_B,3,12
H502,2025-05,Apexacare,9,42
H502,2025-05,Competitor_A,13,62
H502,2025-05,Competitor_B,11,50
H503,2025-05,Apexacare,10,41
H503,2025-05,Competitor_A,9,36
H503,2025-05,Competitor_B,9,31
H504,2025-05,Apexacare,10,39
H504,2025-05,Competitor_A,12,50
H504,2025-05,Competitor_B,10,37
H505,2025-05,Apexacare,6,29
H505,2025-05,Competitor_A,13,61
H505,2025-05,Competitor_B,10,43
H506,2025-05,Apexacare,3,10
H506,2025-05,Competitor_A,13,46
H506,2025-05,Competitor_B,13,44
H507,2025-05,Apexacare,7,31
H507,2025-05,Competitor_A,8,36
H507,2025-05,Competitor_B,9,33
H508,2025-05,Apexacare,7,32
H508,2025-05,Competitor_A,8,33
H508,2025-05,Competitor_B,8,31
H509,2025-05,Apexacare,9,33
H509,2025-05,Competitor_A,13,50
H509,2025-05,Competitor_B,13,45
H510,2025-05,Apexacare,7,27
H510,2025-05,Competitor_A,11,42
H510,2025-05,Competitor_B,10,31
H511,2025-05,Apexacare,12,43
H511,2025-05,Competitor_A,8,29
H511,2025-05,Competitor_B,10,30
H512,2025-05,Apexacare,15,57
H512,2025-05,Competitor_A,10,39
H512,2025-05,Competitor_B,9,32
H513,2025-05,Apexacare,16,79
H513,2025-05,Competitor_A,12,59
H513,2025-05,Competitor_B,9,42
H514,2025-05,Apexacare,7,27
H514,2025-05,Competitor_A,16,58
H514,2025-05,Competitor_B,14,48
H515,2025-05,Apexacare,6,34
H515,2025-05,Competitor_A,9,46
H515,2025-05,Competitor_B,10,46
H516,2025-05,Apexacare,7,36
H516,2025-05,Competitor_A,13,65
H516,2025-05,Competitor_B,11,51
H517,2025-05,Apexacare,8,33
H517,2025-05,Competitor_A,10,40
H517,2025-05,Competitor_B,11,41
H518,2025-05,Apexacare,1,7
H518,2025-05,Competitor_A,12,49
H518,2025-05,Competitor_B,13,49
H519,2025-05,Apexacare,7,28
H519,2025-05,Competitor_A,15,54
H519,2025-05,Competitor_B,15,50
H520,2025-05,Apexacare,3,12
H520,2025-05,Competitor_A,2,11
H520,2025-05,Competitor_B,4,11
H521,2025-05,Apexacare,17,88
H521,2025-05,Competitor_A,10,53
H521,2025-05,Competitor_B,9,39
H522,2025-05,Apexacare,7,28
H522,2025-05,Competitor_A,10,40
H522,2025-05,Competitor_B,11,37
H523,2025-05,Apexacare,1,5
H523,2025-05,Competitor_A,5,26
H523,2025-05,Competitor_B,5,20
H524,2025-05,Apexacare,13,47
H524,2025-05,Competitor_A,9,34
H524,2025-05,Competitor_B,9,27
H525,2025-05,Apexacare,11,48
H525,2025-05,Competitor_A,13,54
H525,2025-05,Competitor_B,11,45
H526,2025-05,Apexacare,11,52
H526,2025-05,Competitor_A,9,44
H526,2025-05,Competitor_B,10,39
H527,2025-05,Apexacare,15,55
H527,2025-05,Competitor_A,18,66
H527,2025-05,Competitor_B,13,47
H528,2025-05,Apexacare,2,9
H528,2025-05,Competitor_A,3,14
H528,2025-05,Competitor_B,4,13
H529,2025-05,Apexacare,4,20
H529,2025-05,Competitor_A,7,33
H529,2025-05,Competitor_B,6,27
H530,2025-05,Apexacare,9,42
H530,2025-05,Competitor_A,8,36
H530,2025-05,Competitor_B,7,30
H531,2025-05,Apexacare,3,17
H531,2025-05,Competitor_A,7,35
H531,2025-05,Competitor_B,6,28
H532,2025-05,Apexacare,5,25
H532,2025-05,Competitor_A,14,72
H532,2025-05,Competitor_B,13,63
H533,2025-05,Apexacare,1,7
H533,2025-05,Competitor_A,6,28
H533,2025-05,Competitor_B,7,22
H534,2025-05,Apexacare,13,54
H534,2025-05,Competitor_A,13,55
H534,2025-05,Competitor_B,12,45
H535,2025-05,Apexacare,4,18
H535,2025-05,Competitor_A,8,37
H535,2025-05,Competitor_B,7,30
H536,2025-05,Apexacare,7,25
H536,2025-05,Competitor_A,15,51
H536,2025-05,Competitor_B,11,36
H537,2025-05,Apexacare,17,69
H537,2025-05,Competitor_A,10,43
H537,2025-05,Competitor_B,10,35
H538,2025-05,Apexacare,5,24
H538,2025-05,Competitor_A,8,36
H538,2025-05,Competitor_B,9,36
H539,2025-05,Apexacare,6,26
H539,2025-05,Competitor_A,9,34
H539,2025-05,Competitor_B,10,35
H540,2025-05,Apexacare,12,47
H540,2025-05,Competitor_A,11,42
H540,2025-05,Competitor_B,9,30
H541,2025-05,Apexacare,8,40
H541,2025-05,Competitor_A,12,58
H541,2025-05,Competitor_B,10,42
H542,2025-05,Apexacare,1,4
H542,2025-05,Competitor_A,1,6
H542,2025-05,Competitor_B,2,6
H543,2025-05,Apexacare,13,59
H543,2025-05,Competitor_A,16,73
H543,2025-05,Competitor_B,16,68
H544,2025-05,Apexacare,11,43
H544,2025-05,Competitor_A,13,52
H544,2025-05,Competitor_B,11,41
H545,2025-05,Apexacare,17,63
H545,2025-05,Competitor_A,15,53
H545,2025-05,Competitor_B,13,44
H546,2025-05,Apexacare,7,26
H546,2025-05,Competitor_A,9,35
H546,2025-05,Competitor_B,8,27
H547,2025-05,Apexacare,6,30
H547,2025-05,Competitor_A,8,42
H547,2025-05,Competitor_B,9,36
H548,2025-05,Apexacare,5,20
H548,2025-05,Competitor_A,14,57
H548,2025-05,Competitor_B,12,43
H549,2025-05,Apexacare,7,26
H549,2025-05,Competitor_A,17,64
H549,2025-05,Competitor_B,19,64
H550,2025-05,Apexacare,5,27
H550,2025-05,Competitor_A,13,67
H550,2025-05,Competitor_B,14,60
H551,2025-05,Apexacare,2,9
H551,2025-05,Competitor_A,6,29
H551,2025-05,Competitor_B,6,25
H552,2025-05,Apexacare,12,52
H552,2025-05,Competitor_A,8,34
H552,2025-05,Competitor_B,9,33
H553,2025-05,Apexacare,8,36
H553,2025-05,Competitor_A,14,65
H553,2025-05,Competitor_B,15,61
H554,2025-05,Apexacare,0,3
H554,2025-05,Competitor_A,1,8
H554,2025-05,Competitor_B,2,6
H555,2025-05,Apexacare,10,49
H555,2025-05,Competitor_A,9,45
H555,2025-05,Competitor_B,7,32
H556,2025-05,Apexacare,8,28
H556,2025-05,Competitor_A,16,56
H556,2025-05,Competitor_B,17,56
H557,2025-05,Apexacare,12,42
H557,2025-05,Competitor_A,22,76
H557,2025-05,Competitor_B,17,58
H558,2025-05,Apexacare,8,28
H558,2025-05,Competitor_A,10,34
H558,2025-05,Competitor_B,8,28
H559,2025-05,Apexacare,5,17
H559,2025-05,Competitor_A,11,38
H559,2025-05,Competitor_B,10,35
H560,2025-05,Apexacare,1,7
H560,2025-05,Competitor_A,10,42
H560,2025-05,Competitor_B,9,31
H561,2025-05,Apexacare,5,18
H561,2025-05,Competitor_A,20,70
H561,2025-05,Competitor_B,18,62
H562,2025-05,Apexacare,5,18
H562,2025-05,Competitor_A,7,26
H562,2025-05,Competitor_B,5,20
H563,2025-05,Apexacare,8,31
H563,2025-05,Competitor_A,10,38
H563,2025-05,Competitor_B,12,39
H564,2025-05,Apexacare,6,23
H564,2025-05,Competitor_A,20,72
H564,2025-05,Competitor_B,19,65
H565,2025-05,Apexacare,2,10
H565,2025-05,Competitor_A,3,17
H565,2025-05,Competitor_B,5,18
H566,2025-05,Apexacare,6,31
H566,2025-05,Competitor_A,7,39
H566,2025-05,Competitor_B,8,35
H567,2025-05,Apexacare,7,34
H567,2025-05,Competitor_A,10,44
H567,2025-05,Competitor_B,11,42
H568,2025-05,Apexacare,15,69
H568,2025-05,Competitor_A,14,63
H568,2025-05,Competitor_B,11,44
H569,2025-05,Apexacare,6,28
H569,2025-05,Competitor_A,6,30
H569,2025-05,Competitor_B,8,30
H570,2025-05,Apexacare,3,14
H570,2025-05,Competitor_A,7,35
H570,2025-05,Competitor_B,8,35
H571,2025-05,Apexacare,0,4
H571,2025-05,Competitor_A,6,30
H571,2025-05,Competitor_B,6,26
H572,2025-05,Apexacare,16,56
H572,2025-05,Competitor_A,17,59
H572,2025-05,Competitor_B,16,56
H573,2025-05,Apexacare,8,30
H573,2025-05,Competitor_A,24,86
H573,2025-05,Competitor_B,19,64
H574,2025-05,Apexacare,6,24
H574,2025-05,Competitor_A,10,42
H574,2025-05,Competitor_B,8,29
H575,2025-05,Apexacare,4,17
H575,2025-05,Competitor_A,7,29
H575,2025-05,Competitor_B,9,29
H576,2025-05,Apexacare,2,10
H576,2025-05,Competitor_A,3,13
H576,2025-05,Competitor_B,3,11
H577,2025-05,Apexacare,7,32
H577,2025-05,Competitor_A,7,33
H577,2025-05,Competitor_B,6,25
H578,2025-05,Apexacare,9,39
H578,2025-05,Competitor_A,12,55
H578,2025-05,Competitor_B,9,39
H579,2025-05,Apexacare,3,12
H579,2025-05,Competitor_A,4,19
H579,2025-05,Competitor_B,5,20
H580,2025-05,Apexacare,17,66
H580,2025-05,Competitor_A,18,68
H580,2025-05,Competitor_B,15,55
H581,2025-05,Apexacare,11,37
H581,2025-05,Competitor_A,14,49
H581,2025-05,Competitor_B,13,42
H582,2025-05,Apexacare,8,37
H582,2025-05,Competitor_A,11,47
H582,2025-05,Competitor_B,9,36
H583,2025-05,Apexacare,16,59
H583,2025-05,Competitor_A,18,65
H583,2025-05,Competitor_B,17,56
H584,2025-05,Apexacare,4,20
H584,2025-05,Competitor_A,4,21
H584,2025-05,Competitor_B,5,19
H585,2025-05,Apexacare,16,74
H585,2025-05,Competitor_A,13,62
H585,2025-05,Competitor_B,14,62
H586,2025-05,Apexacare,6,24
H586,2025-05,Competitor_A,8,35
H586,2025-05,Competitor_B,8,31
H587,2025-05,Apexacare,7,25
H587,2025-05,Competitor_A,9,35
H587,2025-05,Competitor_B,8,28
H588,2025-05,Apexacare,9,33
H588,2025-05,Competitor_A,8,28
H588,2025-05,Competitor_B,8,24
H589,2025-05,Apexacare,6,28
H589,2025-05,Competitor_A,9,39
H589,2025-05,Competitor_B,8,29
H590,2025-05,Apexacare,14,63
H590,2025-05,Competitor_A,8,38
H590,2025-05,Competitor_B,8,34
H591,2025-05,Apexacare,1,5
H591,2025-05,Competitor_A,1,8
H591,2025-05,Competitor_B,3,8
H592,2025-05,Apexacare,3,16
H592,2025-05,Competitor_A,6,28
H592,2025-05,Competitor_B,6,24
H593,2025-05,Apexacare,12,51
H593,2025-05,Competitor_A,6,28
H593,2025-05,Competitor_B,8,29
H594,2025-05,Apexacare,3,13
H594,2025-05,Competitor_A,9,36
H594,2025-05,Competitor_B,11,35
H595,2025-05,Apexacare,13,48
H595,2025-05,Competitor_A,13,47
H595,2025-05,Competitor_B,14,45
H596,2025-05,Apexacare,16,79
H596,2025-05,Competitor_A,8,41
H596,2025-05,Competitor_B,9,40
H597,2025-05,Apexacare,7,37
H597,2025-05,Competitor_A,6,30
H597,2025-05,Competitor_B,6,29
H598,2025-05,Apexacare,6,34
H598,2025-05,Competitor_A,17,85
H598,2025-05,Competitor_B,14,61
H599,2025-05,Apexacare,4,18
H599,2025-05,Competitor_A,11,48
H599,2025-05,Competitor_B,10,39
H600,2025-05,Apexacare,8,32
H600,2025-05,Competitor_A,9,38
H600,2025-05,Competitor_B,9,35
H601,2025-05,Apexacare,3,15
H601,2025-05,Competitor_A,4,23
H601,2025-05,Competitor_B,4,16
H602,2025-05,Apexacare,1,6
H602,2025-05,Competitor_A,1,5
H602,2025-05,Competitor_B,1,5
H603,2025-05,Apexacare,17,84
H603,2025-05,Competitor_A,11,54
H603,2025-05,Competitor_B,10,42
H604,2025-05,Apexacare,3,20
H604,2025-05,Competitor_A,2,13
H604,2025-05,Competitor_B,3,11
H605,2025-05,Apexacare,12,62
H605,2025-05,Competitor_A,9,49
H605,2025-05,Competitor_B,11,49
H001,2025-06,Apexacare,11,57
H001,2025-06,Competitor_A,12,61
H001,2025-06,Competitor_B,10,44
H002,2025-06,Apexacare,14,48
H002,2025-06,Competitor_A,11,38
H002,2025-06,Competitor_B,12,40
H003,2025-06,Apexacare,1,5
H003,2025-06,Competitor_A,1,8
H003,2025-06,Competitor_B,2,7
H004,2025-06,Apexacare,16,65
H004,2025-06,Competitor_A,9,37
H004,2025-06,Competitor_B,9,34
H005,2025-06,Apexacare,12,55
H005,2025-06,Competitor_A,6,28
H005,2025-06,Competitor_B,6,22
H006,2025-06,Apexacare,15,66
H006,2025-06,Competitor_A,15,69
H006,2025-06,Competitor_B,13,54
H007,2025-06,Apexacare,6,23
H007,2025-06,Competitor_A,5,20
H007,2025-06,Competitor_B,7,20
H008,2025-06,Apexacare,10,40
H008,2025-06,Competitor_A,4,17
H008,2025-06,Competitor_B,5,18
H009,2025-06,Apexacare,15,53
H009,2025-06,Competitor_A,18,63
H009,2025-06,Competitor_B,17,60
H010,2025-06,Apexacare,10,54
H010,2025-06,Competitor_A,9,48
H010,2025-06,Competitor_B,9,38
H011,2025-06,Apexacare,12,44
H011,2025-06,Competitor_A,12,43
H011,2025-06,Competitor_B,10,33
H012,2025-06,Apexacare,9,42
H012,2025-06,Competitor_A,8,38
H012,2025-06,Competitor_B,8,28
H013,2025-06,Apexacare,5,30
H013,2025-06,Competitor_A,4,21
H013,2025-06,Competitor_B,4,17
H014,2025-06,Apexacare,15,55
H014,2025-06,Competitor_A,10,38
H014,2025-06,Competitor_B,8,27
H015,2025-06,Apexacare,9,44
H015,2025-06,Competitor_A,4,22
H015,2025-06,Competitor_B,5,19
H016,2025-06,Apexacare,11,50
H016,2025-06,Competitor_A,4,21
H016,2025-06,Competitor_B,6,19
H017,2025-06,Apexacare,33,121
H017,2025-06,Competitor_A,16,58
H017,2025-06,Competitor_B,11,41
H018,2025-06,Apexacare,4,20
H018,2025-06,Competitor_A,4,21
H018,2025-06,Competitor_B,4,19
H019,2025-06,Apexacare,6,28
H019,2025-06,Competitor_A,14,59
H019,2025-06,Competitor_B,12,46
H020,2025-06,Apexacare,4,18
H020,2025-06,Competitor_A,2,10
H020,2025-06,Competitor_B,3,8
H021,2025-06,Apexacare,6,23
H021,2025-06,Competitor_A,5,20
H021,2025-06,Competitor_B,5,17
H022,2025-06,Apexacare,6,28
H022,2025-06,Competitor_A,14,65
H022,2025-06,Competitor_B,13,54
H023,2025-06,Apexacare,11,41
H023,2025-06,Competitor_A,13,50
H023,2025-06,Competitor_B,11,35
H024,2025-06,Apexacare,9,39
H024,2025-06,Competitor_A,17,77
H024,2025-06,Competitor_B,18,73
H025,2025-06,Apexacare,11,56
H025,2025-06,Competitor_A,6,32
H025,2025-06,Competitor_B,8,31
H026,2025-06,Apexacare,9,33
H026,2025-06,Competitor_A,9,33
H026,2025-06,Competitor_B,8,24
H027,2025-06,Apexacare,4,24
H027,2025-06,Competitor_A,6,30
H027,2025-06,Competitor_B,5,22
H028,2025-06,Apexacare,10,44
H028,2025-06,Competitor_A,9,43
H028,2025-06,Competitor_B,10,41
H029,2025-06,Apexacare,12,54
H029,2025-06,Competitor_A,5,26
H029,2025-06,Competitor_B,7,28
H030,2025-06,Apexacare,14,66
H030,2025-06,Competitor_A,12,60
H030,2025-06,Competitor_B,10,44
H031,2025-06,Apexacare,7,36
H031,2025-06,Competitor_A,5,25
H031,2025-06,Competitor_B,5,19
H032,2025-06,Apexacare,16,68
H032,2025-06,Competitor_A,13,55
H032,2025-06,Competitor_B,13,57
H033,2025-06,Apexacare,13,50
H033,2025-06,Competitor_A,19,70
H033,2025-06,Competitor_B,15,51
H034,2025-06,Apexacare,7,39
H034,2025-06,Competitor_A,6,32
H034,2025-06,Competitor_B,6,25
H035,2025-06,Apexacare,5,21
H035,2025-06,Competitor_A,7,29
H035,2025-06,Competitor_B,6,25
H036,2025-06,Apexacare,9,44
H036,2025-06,Competitor_A,8,40
H036,2025-06,Competitor_B,8,36
H037,2025-06,Apexacare,6,26
H037,2025-06,Competitor_A,13,61
H037,2025-06,Competitor_B,11,46
H038,2025-06,Apexacare,14,54
H038,2025-06,Competitor_A,12,46
H038,2025-06,Competitor_B,12,44
H039,2025-06,Apexacare,24,92
H039,2025-06,Competitor_A,12,48
H039,2025-06,Competitor_B,14,49
H040,2025-06,Apexacare,18,69
H040,2025-06,Competitor_A,12,46
H040,2025-06,Competitor_B,11,38
H041,2025-06,Apexacare,4,17
H041,2025-06,Competitor_A,3,14
H041,2025-06,Competitor_B,4,14
H042,2025-06,Apexacare,8,35
H042,2025-06,Competitor_A,5,26
H042,2025-06,Competitor_B,7,27
H043,2025-06,Apexacare,10,39
H043,2025-06,Competitor_A,11,41
H043,2025-06,Competitor_B,11,39
H044,2025-06,Apexacare,5,21
H044,2025-06,Competitor_A,10,40
H044,2025-06,Competitor_B,10,41
H045,2025-06,Apexacare,27,94
H045,2025-06,Competitor_A,15,52
H045,2025-06,Competitor_B,15,52
H046,2025-06,Apexacare,12,53
H046,2025-06,Competitor_A,11,47
H046,2025-06,Competitor_B,8,33
H047,2025-06,Apexacare,0,5
H047,2025-06,Competitor_A,1,6
H047,2025-06,Competitor_B,2,6
H048,2025-06,Apexacare,4,20
H048,2025-06,Competitor_A,2,12
H048,2025-06,Competitor_B,3,13
H049,2025-06,Apexacare,14,56
H049,2025-06,Competitor_A,6,24
H049,2025-06,Competitor_B,6,22
H050,2025-06,Apexacare,6,29
H050,2025-06,Competitor_A,11,50
H050,2025-06,Competitor_B,10,41
H051,2025-06,Apexacare,17,73
H051,2025-06,Competitor_A,12,52
H051,2025-06,Competitor_B,13,46
H052,2025-06,Apexacare,3,14
H052,2025-06,Competitor_A,5,23
H052,2025-06,Competitor_B,5,20
H053,2025-06,Apexacare,16,60
H053,2025-06,Competitor_A,6,24
H053,2025-06,Competitor_B,7,21
H054,2025-06,Apexacare,13,46
H054,2025-06,Competitor_A,13,44
H054,2025-06,Competitor_B,11,36
H055,2025-06,Apexacare,13,57
H055,2025-06,Competitor_A,5,23
H055,2025-06,Competitor_B,5,20
H056,2025-06,Apexacare,9,49
H056,2025-06,Competitor_A,17,89
H056,2025-06,Competitor_B,18,82
H057,2025-06,Apexacare,12,63
H057,2025-06,Competitor_A,5,25
H057,2025-06,Competitor_B,5,22
H058,2025-06,Apexacare,12,47
H058,2025-06,Competitor_A,14,55
H058,2025-06,Competitor_B,11,38
H059,2025-06,Apexacare,10,37
H059,2025-06,Competitor_A,12,44
H059,2025-06,Competitor_B,9,33
H060,2025-06,Apexacare,19,70
H060,2025-06,Competitor_A,18,66
H060,2025-06,Competitor_B,15,54
H061,2025-06,Apexacare,16,60
H061,2025-06,Competitor_A,21,80
H061,2025-06,Competitor_B,17,58
H062,2025-06,Apexacare,6,30
H062,2025-06,Competitor_A,2,13
H062,2025-06,Competitor_B,4,11
H063,2025-06,Apexacare,5,23
H063,2025-06,Competitor_A,4,20
H063,2025-06,Competitor_B,5,17
H064,2025-06,Apexacare,17,62
H064,2025-06,Competitor_A,10,38
H064,2025-06,Competitor_B,8,28
H065,2025-06,Apexacare,22,87
H065,2025-06,Competitor_A,16,65
H065,2025-06,Competitor_B,13,46
H066,2025-06,Apexacare,10,44
H066,2025-06,Competitor_A,11,46
H066,2025-06,Competitor_B,12,45
H067,2025-06,Apexacare,5,19
H067,2025-06,Competitor_A,7,25
H067,2025-06,Competitor_B,7,24
H068,2025-06,Apexacare,2,12
H068,2025-06,Competitor_A,3,13
H068,2025-06,Competitor_B,3,11
H069,2025-06,Apexacare,11,54
H069,2025-06,Competitor_A,10,54
H069,2025-06,Competitor_B,10,45
H070,2025-06,Apexacare,19,68
H070,2025-06,Competitor_A,10,38
H070,2025-06,Competitor_B,11,38
H071,2025-06,Apexacare,8,42
H071,2025-06,Competitor_A,6,30
H071,2025-06,Competitor_B,7,28
H072,2025-06,Apexacare,7,26
H072,2025-06,Competitor_A,8,29
H072,2025-06,Competitor_B,6,21
H073,2025-06,Apexacare,5,27
H073,2025-06,Competitor_A,3,18
H073,2025-06,Competitor_B,5,15
H074,2025-06,Apexacare,8,36
H074,2025-06,Competitor_A,12,54
H074,2025-06,Competitor_B,12,54
H075,2025-06,Apexacare,6,23
H075,2025-06,Competitor_A,7,28
H075,2025-06,Competitor_B,8,29
H076,2025-06,Apexacare,5,28
H076,2025-06,Competitor_A,5,26
H076,2025-06,Competitor_B,5,21
H077,2025-06,Apexacare,5,23
H077,2025-06,Competitor_A,15,61
H077,2025-06,Competitor_B,14,48
H078,2025-06,Apexacare,2,9
H078,2025-06,Competitor_A,4,17
H078,2025-06,Competitor_B,5,14
H079,2025-06,Apexacare,4,17
H079,2025-06,Competitor_A,4,17
H079,2025-06,Competitor_B,5,14
H080,2025-06,Apexacare,8,42
H080,2025-06,Competitor_A,9,43
H080,2025-06,Competitor_B,8,34
H081,2025-06,Apexacare,19,71
H081,2025-06,Competitor_A,14,53
H081,2025-06,Competitor_B,14,52
H082,2025-06,Apexacare,16,77
H082,2025-06,Competitor_A,12,57
H082,2025-06,Competitor_B,12,56
H083,2025-06,Apexacare,23,101
H083,2025-06,Competitor_A,9,42
H083,2025-06,Competitor_B,9,37
H084,2025-06,Apexacare,1,6
H084,2025-06,Competitor_A,1,5
H084,2025-06,Competitor_B,2,6
H085,2025-06,Apexacare,10,50
H085,2025-06,Competitor_A,8,40
H085,2025-06,Competitor_B,10,42
H086,2025-06,Apexacare,12,44
H086,2025-06,Competitor_A,9,33
H086,2025-06,Competitor_B,9,35
H087,2025-06,Apexacare,9,41
H087,2025-06,Competitor_A,12,55
H087,2025-06,Competitor_B,9,40
H088,2025-06,Apexacare,9,48
H088,2025-06,Competitor_A,4,24
H088,2025-06,Competitor_B,6,24
H089,2025-06,Apexacare,13,52
H089,2025-06,Competitor_A,14,54
H089,2025-06,Competitor_B,11,38
H090,2025-06,Apexacare,9,32
H090,2025-06,Competitor_A,14,51
H090,2025-06,Competitor_B,13,43
H091,2025-06,Apexacare,25,91
H091,2025-06,Competitor_A,15,56
H091,2025-06,Competitor_B,13,42
H092,2025-06,Apexacare,10,45
H092,2025-06,Competitor_A,8,35
H092,2025-06,Competitor_B,9,32
H093,2025-06,Apexacare,11,48
H093,2025-06,Competitor_A,9,40
H093,2025-06,Competitor_B,8,31
H094,2025-06,Apexacare,3,16
H094,2025-06,Competitor_A,3,17
H094,2025-06,Competitor_B,3,15
H095,2025-06,Apexacare,5,20
H095,2025-06,Competitor_A,16,58
H095,2025-06,Competitor_B,16,57
H096,2025-06,Apexacare,5,23
H096,2025-06,Competitor_A,9,41
H096,2025-06,Competitor_B,8,31
H097,2025-06,Apexacare,1,6
H097,2025-06,Competitor_A,1,7
H097,2025-06,Competitor_B,3,7
H098,2025-06,Apexacare,12,57
H098,2025-06,Competitor_A,7,37
H098,2025-06,Competitor_B,9,38
H099,2025-06,Apexacare,7,29
H099,2025-06,Competitor_A,12,45
H099,2025-06,Competitor_B,9,31
H100,2025-06,Apexacare,13,49
H100,2025-06,Competitor_A,11,42
H100,2025-06,Competitor_B,11,41
H101,2025-06,Apexacare,8,42
H101,2025-06,Competitor_A,5,28
H101,2025-06,Competitor_B,7,26
H102,2025-06,Apexacare,14,56
H102,2025-06,Competitor_A,13,54
H102,2025-06,Competitor_B,12,42
H103,2025-06,Apexacare,4,21
H103,2025-06,Competitor_A,2,9
H103,2025-06,Competitor_B,2,8
H104,2025-06,Apexacare,12,42
H104,2025-06,Competitor_A,9,33
H104,2025-06,Competitor_B,10,30
H105,2025-06,Apexacare,15,52
H105,2025-06,Competitor_A,17,59
H105,2025-06,Competitor_B,15,49
H106,2025-06,Apexacare,17,60
H106,2025-06,Competitor_A,14,47
H106,2025-06,Competitor_B,12,40
H107,2025-06,Apexacare,5,26
H107,2025-06,Competitor_A,4,21
H107,2025-06,Competitor_B,5,19
H108,2025-06,Apexacare,6,26
H108,2025-06,Competitor_A,8,30
H108,2025-06,Competitor_B,7,24
H109,2025-06,Apexacare,13,54
H109,2025-06,Competitor_A,14,57
H109,2025-06,Competitor_B,15,57
H110,2025-06,Apexacare,10,42
H110,2025-06,Competitor_A,4,18
H110,2025-06,Competitor_B,4,15
H111,2025-06,Apexacare,15,53
H111,2025-06,Competitor_A,10,36
H111,2025-06,Competitor_B,9,30
H112,2025-06,Apexacare,7,30
H112,2025-06,Competitor_A,6,26
H112,2025-06,Competitor_B,7,24
H113,2025-06,Apexacare,1,6
H113,2025-06,Competitor_A,1,6
H113,2025-06,Competitor_B,1,5
H114,2025-06,Apexacare,11,42
H114,2025-06,Competitor_A,19,72
H114,2025-06,Competitor_B,16,54
H115,2025-06,Apexacare,15,66
H115,2025-06,Competitor_A,7,30
H115,2025-06,Competitor_B,8,30
H116,2025-06,Apexacare,17,70
H116,2025-06,Competitor_A,11,45
H116,2025-06,Competitor_B,10,35
H117,2025-06,Apexacare,3,14
H117,2025-06,Competitor_A,3,13
H117,2025-06,Competitor_B,4,13
H118,2025-06,Apexacare,13,50
H118,2025-06,Competitor_A,9,36
H118,2025-06,Competitor_B,10,34
H119,2025-06,Apexacare,13,64
H119,2025-06,Competitor_A,10,49
H119,2025-06,Competitor_B,9,39
H120,2025-06,Apexacare,9,40
H120,2025-06,Competitor_A,21,93
H120,2025-06,Competitor_B,15,67
H121,2025-06,Apexacare,8,36
H121,2025-06,Competitor_A,15,64
H121,2025-06,Competitor_B,15,60
H122,2025-06,Apexacare,7,31
H122,2025-06,Competitor_A,15,64
H122,2025-06,Competitor_B,16,59
H123,2025-06,Apexacare,5,26
H123,2025-06,Competitor_A,7,34
H123,2025-06,Competitor_B,8,30
H124,2025-06,Apexacare,11,49
H124,2025-06,Competitor_A,9,40
H124,2025-06,Competitor_B,10,37
H125,2025-06,Apexacare,9,43
H125,2025-06,Competitor_A,13,59
H125,2025-06,Competitor_B,11,42
H126,2025-06,Apexacare,8,31
H126,2025-06,Competitor_A,8,31
H126,2025-06,Competitor_B,6,22
H127,2025-06,Apexacare,22,81
H127,2025-06,Competitor_A,9,33
H127,2025-06,Competitor_B,9,33
H128,2025-06,Apexacare,9,33
H128,2025-06,Competitor_A,7,24
H128,2025-06,Competitor_B,6,19
H129,2025-06,Apexacare,14,63
H129,2025-06,Competitor_A,8,37
H129,2025-06,Competitor_B,8,33
H130,2025-06,Apexacare,8,33
H130,2025-06,Competitor_A,6,24
H130,2025-06,Competitor_B,6,23
H131,2025-06,Apexacare,2,9
H131,2025-06,Competitor_A,4,15
H131,2025-06,Competitor_B,4,14
H132,2025-06,Apexacare,15,55
H132,2025-06,Competitor_A,8,30
H132,2025-06,Competitor_B,8,25
H133,2025-06,Apexacare,9,30
H133,2025-06,Competitor_A,6,21
H133,2025-06,Competitor_B,5,17
H134,2025-06,Apexacare,7,29
H134,2025-06,Competitor_A,9,38
H134,2025-06,Competitor_B,9,33
H135,2025-06,Apexacare,3,16
H135,2025-06,Competitor_A,2,11
H135,2025-06,Competitor_B,4,11
H136,2025-06,Apexacare,4,20
H136,2025-06,Competitor_A,6,31
H136,2025-06,Competitor_B,6,29
H137,2025-06,Apexacare,10,40
H137,2025-06,Competitor_A,13,52
H137,2025-06,Competitor_B,15,52
H138,2025-06,Apexacare,18,74
H138,2025-06,Competitor_A,8,33
H138,2025-06,Competitor_B,8,28
H139,2025-06,Apexacare,7,37
H139,2025-06,Competitor_A,10,49
H139,2025-06,Competitor_B,9,40
H140,2025-06,Apexacare,3,18
H140,2025-06,Competitor_A,5,24
H140,2025-06,Competitor_B,5,18
H141,2025-06,Apexacare,12,47
H141,2025-06,Competitor_A,19,77
H141,2025-06,Competitor_B,20,74
H142,2025-06,Apexacare,5,25
H142,2025-06,Competitor_A,6,33
H142,2025-06,Competitor_B,7,32
H143,2025-06,Apexacare,10,40
H143,2025-06,Competitor_A,14,57
H143,2025-06,Competitor_B,15,55
H144,2025-06,Apexacare,11,40
H144,2025-06,Competitor_A,11,40
H144,2025-06,Competitor_B,11,40
H145,2025-06,Apexacare,1,7
H145,2025-06,Competitor_A,1,4
H145,2025-06,Competitor_B,2,5
H146,2025-06,Apexacare,10,45
H146,2025-06,Competitor_A,8,33
H146,2025-06,Competitor_B,7,27
H147,2025-06,Apexacare,5,21
H147,2025-06,Competitor_A,4,15
H147,2025-06,Competitor_B,4,12
H148,2025-06,Apexacare,6,21
H148,2025-06,Competitor_A,6,22
H148,2025-06,Competitor_B,6,20
H149,2025-06,Apexacare,1,6
H149,2025-06,Competitor_A,1,7
H149,2025-06,Competitor_B,3,6
H150,2025-06,Apexacare,11,50
H150,2025-06,Competitor_A,7,32
H150,2025-06,Competitor_B,9,32
H151,2025-06,Apexacare,20,82
H151,2025-06,Competitor_A,9,37
H151,2025-06,Competitor_B,10,35
H152,2025-06,Apexacare,11,53
H152,2025-06,Competitor_A,8,41
H152,2025-06,Competitor_B,8,32
H153,2025-06,Apexacare,9,44
H153,2025-06,Competitor_A,6,29
H153,2025-06,Competitor_B,6,22
H154,2025-06,Apexacare,9,49
H154,2025-06,Competitor_A,3,18
H154,2025-06,Competitor_B,5,18
H155,2025-06,Apexacare,5,25
H155,2025-06,Competitor_A,9,39
H155,2025-06,Competitor_B,10,41
H156,2025-06,Apexacare,17,62
H156,2025-06,Competitor_A,19,67
H156,2025-06,Competitor_B,15,47
H157,2025-06,Apexacare,2,9
H157,2025-06,Competitor_A,2,12
H157,2025-06,Competitor_B,4,13
H158,2025-06,Apexacare,16,55
H158,2025-06,Competitor_A,5,20
H158,2025-06,Competitor_B,7,21
H159,2025-06,Apexacare,8,31
H159,2025-06,Competitor_A,8,29
H159,2025-06,Competitor_B,9,30
H160,2025-06,Apexacare,8,40
H160,2025-06,Competitor_A,9,46
H160,2025-06,Competitor_B,8,33
H161,2025-06,Apexacare,14,59
H161,2025-06,Competitor_A,11,48
H161,2025-06,Competitor_B,13,46
H162,2025-06,Apexacare,2,11
H162,2025-06,Competitor_A,1,5
H162,2025-06,Competitor_B,1,6
H163,2025-06,Apexacare,6,29
H163,2025-06,Competitor_A,2,12
H163,2025-06,Competitor_B,4,13
H164,2025-06,Apexacare,8,29
H164,2025-06,Competitor_A,11,40
H164,2025-06,Competitor_B,10,33
H165,2025-06,Apexacare,20,71
H165,2025-06,Competitor_A,8,30
H165,2025-06,Competitor_B,8,25
H166,2025-06,Apexacare,6,25
H166,2025-06,Competitor_A,5,22
H166,2025-06,Competitor_B,4,16
H167,2025-06,Apexacare,7,27
H167,2025-06,Competitor_A,17,61
H167,2025-06,Competitor_B,15,48
H168,2025-06,Apexacare,20,78
H168,2025-06,Competitor_A,7,29
H168,2025-06,Competitor_B,9,29
H169,2025-06,Apexacare,3,15
H169,2025-06,Competitor_A,3,15
H169,2025-06,Competitor_B,4,12
H170,2025-06,Apexacare,10,37
H170,2025-06,Competitor_A,6,23
H170,2025-06,Competitor_B,6,20
H171,2025-06,Apexacare,8,40
H171,2025-06,Competitor_A,13,63
H171,2025-06,Competitor_B,12,47
H172,2025-06,Apexacare,15,57
H172,2025-06,Competitor_A,10,38
H172,2025-06,Competitor_B,11,38
H173,2025-06,Apexacare,12,58
H173,2025-06,Competitor_A,12,59
H173,2025-06,Competitor_B,11,43
H174,2025-06,Apexacare,19,73
H174,2025-06,Competitor_A,9,36
H174,2025-06,Competitor_B,9,31
H175,2025-06,Apexacare,10,44
H175,2025-06,Competitor_A,8,35
H175,2025-06,Competitor_B,8,33
H176,2025-06,Apexacare,17,61
H176,2025-06,Competitor_A,17,62
H176,2025-06,Competitor_B,13,45
H177,2025-06,Apexacare,1,5
H177,2025-06,Competitor_A,1,5
H177,2025-06,Competitor_B,2,6
H178,2025-06,Apexacare,11,43
H178,2025-06,Competitor_A,14,55
H178,2025-06,Competitor_B,15,56
H179,2025-06,Apexacare,15,54
H179,2025-06,Competitor_A,8,30
H179,2025-06,Competitor_B,6,21
H180,2025-06,Apexacare,12,60
H180,2025-06,Competitor_A,6,33
H180,2025-06,Competitor_B,6,27
H181,2025-06,Apexacare,11,41
H181,2025-06,Competitor_A,10,37
H181,2025-06,Competitor_B,10,30
H182,2025-06,Apexacare,17,76
H182,2025-06,Competitor_A,12,54
H182,2025-06,Competitor_B,13,50
H183,2025-06,Apexacare,4,17
H183,2025-06,Competitor_A,4,17
H183,2025-06,Competitor_B,5,14
H184,2025-06,Apexacare,17,62
H184,2025-06,Competitor_A,7,26
H184,2025-06,Competitor_B,8,26
H185,2025-06,Apexacare,12,55
H185,2025-06,Competitor_A,12,54
H185,2025-06,Competitor_B,11,45
H186,2025-06,Apexacare,13,48
H186,2025-06,Competitor_A,13,45
H186,2025-06,Competitor_B,12,39
H187,2025-06,Apexacare,9,40
H187,2025-06,Competitor_A,10,46
H187,2025-06,Competitor_B,9,33
H188,2025-06,Apexacare,4,15
H188,2025-06,Competitor_A,8,31
H188,2025-06,Competitor_B,7,22
H189,2025-06,Apexacare,3,15
H189,2025-06,Competitor_A,6,27
H189,2025-06,Competitor_B,8,26
H190,2025-06,Apexacare,19,69
H190,2025-06,Competitor_A,14,52
H190,2025-06,Competitor_B,11,39
H191,2025-06,Apexacare,10,49
H191,2025-06,Competitor_A,10,49
H191,2025-06,Competitor_B,11,42
H192,2025-06,Apexacare,13,59
H192,2025-06,Competitor_A,7,34
H192,2025-06,Competitor_B,8,33
H193,2025-06,Apexacare,8,38
H193,2025-06,Competitor_A,8,41
H193,2025-06,Competitor_B,10,41
H194,2025-06,Apexacare,9,35
H194,2025-06,Competitor_A,6,25
H194,2025-06,Competitor_B,7,24
H195,2025-06,Apexacare,14,70
H195,2025-06,Competitor_A,9,43
H195,2025-06,Competitor_B,8,34
H196,2025-06,Apexacare,5,29
H196,2025-06,Competitor_A,7,40
H196,2025-06,Competitor_B,8,33
H197,2025-06,Apexacare,4,19
H197,2025-06,Competitor_A,3,14
H197,2025-06,Competitor_B,3,15
H198,2025-06,Apexacare,8,39
H198,2025-06,Competitor_A,7,34
H198,2025-06,Competitor_B,7,27
H199,2025-06,Apexacare,4,21
H199,2025-06,Competitor_A,6,31
H199,2025-06,Competitor_B,7,32
H200,2025-06,Apexacare,18,64
H200,2025-06,Competitor_A,14,52
H200,2025-06,Competitor_B,11,38
H201,2025-06,Apexacare,1,6
H201,2025-06,Competitor_A,1,7
H201,2025-06,Competitor_B,3,8
H202,2025-06,Apexacare,6,27
H202,2025-06,Competitor_A,6,25
H202,2025-06,Competitor_B,6,23
H203,2025-06,Apexacare,16,56
H203,2025-06,Competitor_A,11,40
H203,2025-06,Competitor_B,12,37
H204,2025-06,Apexacare,8,36
H204,2025-06,Competitor_A,8,37
H204,2025-06,Competitor_B,8,29
H205,2025-06,Apexacare,14,65
H205,2025-06,Competitor_A,12,55
H205,2025-06,Competitor_B,14,56
H206,2025-06,Apexacare,15,53
H206,2025-06,Competitor_A,10,36
H206,2025-06,Competitor_B,9,30
H207,2025-06,Apexacare,5,26
H207,2025-06,Competitor_A,4,20
H207,2025-06,Competitor_B,4,14
H208,2025-06,Apexacare,7,29
H208,2025-06,Competitor_A,3,13
H208,2025-06,Competitor_B,3,12
H209,2025-06,Apexacare,13,58
H209,2025-06,Competitor_A,7,33
H209,2025-06,Competitor_B,6,23
H210,2025-06,Apexacare,2,13
H210,2025-06,Competitor_A,3,16
H210,2025-06,Competitor_B,4,16
H211,2025-06,Apexacare,14,55
H211,2025-06,Competitor_A,6,24
H211,2025-06,Competitor_B,7,23
H212,2025-06,Apexacare,14,49
H212,2025-06,Competitor_A,16,57
H212,2025-06,Competitor_B,14,44
H213,2025-06,Apexacare,6,26
H213,2025-06,Competitor_A,5,21
H213,2025-06,Competitor_B,6,21
H214,2025-06,Apexacare,8,33
H214,2025-06,Competitor_A,4,17
H214,2025-06,Competitor_B,5,13
H215,2025-06,Apexacare,5,26
H215,2025-06,Competitor_A,2,13
H215,2025-06,Competitor_B,3,12
H216,2025-06,Apexacare,11,47
H216,2025-06,Competitor_A,5,22
H216,2025-06,Competitor_B,5,21
H217,2025-06,Apexacare,4,20
H217,2025-06,Competitor_A,2,11
H217,2025-06,Competitor_B,3,11
H218,2025-06,Apexacare,22,82
H218,2025-06,Competitor_A,17,63
H218,2025-06,Competitor_B,13,44
H219,2025-06,Apexacare,16,59
H219,2025-06,Competitor_A,18,64
H219,2025-06,Competitor_B,13,45
H220,2025-06,Apexacare,2,8
H220,2025-06,Competitor_A,1,4
H220,2025-06,Competitor_B,1,5
H221,2025-06,Apexacare,10,40
H221,2025-06,Competitor_A,7,28
H221,2025-06,Competitor_B,7,28
H222,2025-06,Apexacare,17,67
H222,2025-06,Competitor_A,14,57
H222,2025-06,Competitor_B,15,56
H223,2025-06,Apexacare,17,59
H223,2025-06,Competitor_A,12,43
H223,2025-06,Competitor_B,14,42
H224,2025-06,Apexacare,5,21
H224,2025-06,Competitor_A,2,9
H224,2025-06,Competitor_B,3,8
H225,2025-06,Apexacare,16,61
H225,2025-06,Competitor_A,12,44
H225,2025-06,Competitor_B,10,35
H226,2025-06,Apexacare,4,18
H226,2025-06,Competitor_A,3,13
H226,2025-06,Competitor_B,5,14
H227,2025-06,Apexacare,12,48
H227,2025-06,Competitor_A,12,49
H227,2025-06,Competitor_B,10,38
H228,2025-06,Apexacare,10,35
H228,2025-06,Competitor_A,4,16
H228,2025-06,Competitor_B,4,13
H229,2025-06,Apexacare,7,32
H229,2025-06,Competitor_A,8,38
H229,2025-06,Competitor_B,8,35
H230,2025-06,Apexacare,10,51
H230,2025-06,Competitor_A,9,43
H230,2025-06,Competitor_B,9,39
H231,2025-06,Apexacare,6,33
H231,2025-06,Competitor_A,8,43
H231,2025-06,Competitor_B,8,34
H232,2025-06,Apexacare,14,66
H232,2025-06,Competitor_A,9,42
H232,2025-06,Competitor_B,8,39
H233,2025-06,Apexacare,7,33
H233,2025-06,Competitor_A,7,36
H233,2025-06,Competitor_B,8,33
H234,2025-06,Apexacare,17,66
H234,2025-06,Competitor_A,12,47
H234,2025-06,Competitor_B,13,47
H235,2025-06,Apexacare,18,84
H235,2025-06,Competitor_A,7,33
H235,2025-06,Competitor_B,8,35
H236,2025-06,Apexacare,2,10
H236,2025-06,Competitor_A,7,35
H236,2025-06,Competitor_B,6,27
H237,2025-06,Apexacare,9,39
H237,2025-06,Competitor_A,5,23
H237,2025-06,Competitor_B,5,18
H238,2025-06,Apexacare,3,16
H238,2025-06,Competitor_A,5,26
H238,2025-06,Competitor_B,5,24
H239,2025-06,Apexacare,10,38
H239,2025-06,Competitor_A,9,38
H239,2025-06,Competitor_B,8,29
H240,2025-06,Apexacare,1,7
H240,2025-06,Competitor_A,1,5
H240,2025-06,Competitor_B,2,5
H241,2025-06,Apexacare,9,32
H241,2025-06,Competitor_A,5,19
H241,2025-06,Competitor_B,5,17
H242,2025-06,Apexacare,3,12
H242,2025-06,Competitor_A,3,13
H242,2025-06,Competitor_B,4,11
H243,2025-06,Apexacare,6,34
H243,2025-06,Competitor_A,2,12
H243,2025-06,Competitor_B,4,14
H244,2025-06,Apexacare,14,56
H244,2025-06,Competitor_A,14,55
H244,2025-06,Competitor_B,12,43
H245,2025-06,Apexacare,5,21
H245,2025-06,Competitor_A,6,23
H245,2025-06,Competitor_B,6,19
H246,2025-06,Apexacare,8,35
H246,2025-06,Competitor_A,4,16
H246,2025-06,Competitor_B,4,13
H247,2025-06,Apexacare,9,32
H247,2025-06,Competitor_A,4,16
H247,2025-06,Competitor_B,5,16
H248,2025-06,Apexacare,5,26
H248,2025-06,Competitor_A,2,11
H248,2025-06,Competitor_B,3,8
H249,2025-06,Apexacare,19,64
H249,2025-06,Competitor_A,14,47
H249,2025-06,Competitor_B,10,33
H250,2025-06,Apexacare,5,26
H250,2025-06,Competitor_A,4,22
H250,2025-06,Competitor_B,4,16
H251,2025-06,Apexacare,21,80
H251,2025-06,Competitor_A,11,43
H251,2025-06,Competitor_B,9,31
H252,2025-06,Apexacare,18,70
H252,2025-06,Competitor_A,18,68
H252,2025-06,Competitor_B,14,51
H253,2025-06,Apexacare,9,36
H253,2025-06,Competitor_A,10,40
H253,2025-06,Competitor_B,10,38
H254,2025-06,Apexacare,2,9
H254,2025-06,Competitor_A,1,5
H254,2025-06,Competitor_B,2,5
H255,2025-06,Apexacare,10,40
H255,2025-06,Competitor_A,7,29
H255,2025-06,Competitor_B,7,26
H256,2025-06,Apexacare,3,13
H256,2025-06,Competitor_A,2,12
H256,2025-06,Competitor_B,4,13
H257,2025-06,Apexacare,13,50
H257,2025-06,Competitor_A,14,54
H257,2025-06,Competitor_B,10,40
H258,2025-06,Apexacare,8,38
H258,2025-06,Competitor_A,19,89
H258,2025-06,Competitor_B,19,83
H259,2025-06,Apexacare,9,33
H259,2025-06,Competitor_A,12,45
H259,2025-06,Competitor_B,10,34
H260,2025-06,Apexacare,2,7
H260,2025-06,Competitor_A,2,7
H260,2025-06,Competitor_B,2,8
H261,2025-06,Apexacare,7,25
H261,2025-06,Competitor_A,11,41
H261,2025-06,Competitor_B,9,30
H262,2025-06,Apexacare,4,17
H262,2025-06,Competitor_A,6,25
H262,2025-06,Competitor_B,7,24
H263,2025-06,Apexacare,12,49
H263,2025-06,Competitor_A,11,45
H263,2025-06,Competitor_B,8,32
H264,2025-06,Apexacare,3,15
H264,2025-06,Competitor_A,2,14
H264,2025-06,Competitor_B,3,11
H265,2025-06,Apexacare,7,29
H265,2025-06,Competitor_A,8,30
H265,2025-06,Competitor_B,9,31
H266,2025-06,Apexacare,9,37
H266,2025-06,Competitor_A,15,59
H266,2025-06,Competitor_B,16,57
H267,2025-06,Apexacare,13,60
H267,2025-06,Competitor_A,8,37
H267,2025-06,Competitor_B,7,29
H268,2025-06,Apexacare,12,60
H268,2025-06,Competitor_A,14,66
H268,2025-06,Competitor_B,12,54
H269,2025-06,Apexacare,8,36
H269,2025-06,Competitor_A,10,42
H269,2025-06,Competitor_B,9,36
H270,2025-06,Apexacare,10,37
H270,2025-06,Competitor_A,6,22
H270,2025-06,Competitor_B,6,21
H271,2025-06,Apexacare,18,78
H271,2025-06,Competitor_A,15,66
H271,2025-06,Competitor_B,13,56
H272,2025-06,Apexacare,12,42
H272,2025-06,Competitor_A,8,31
H272,2025-06,Competitor_B,7,23
H273,2025-06,Apexacare,5,23
H273,2025-06,Competitor_A,11,48
H273,2025-06,Competitor_B,12,48
H274,2025-06,Apexacare,12,42
H274,2025-06,Competitor_A,11,37
H274,2025-06,Competitor_B,8,26
H275,2025-06,Apexacare,11,55
H275,2025-06,Competitor_A,5,28
H275,2025-06,Competitor_B,6,27
H276,2025-06,Apexacare,8,36
H276,2025-06,Competitor_A,11,49
H276,2025-06,Competitor_B,8,34
H277,2025-06,Apexacare,4,16
H277,2025-06,Competitor_A,10,36
H277,2025-06,Competitor_B,9,28
H278,2025-06,Apexacare,6,23
H278,2025-06,Competitor_A,5,19
H278,2025-06,Competitor_B,5,18
H279,2025-06,Apexacare,7,38
H279,2025-06,Competitor_A,8,45
H279,2025-06,Competitor_B,10,43
H280,2025-06,Apexacare,15,59
H280,2025-06,Competitor_A,8,34
H280,2025-06,Competitor_B,10,33
H281,2025-06,Apexacare,10,40
H281,2025-06,Competitor_A,11,45
H281,2025-06,Competitor_B,11,41
H282,2025-06,Apexacare,2,10
H282,2025-06,Competitor_A,1,6
H282,2025-06,Competitor_B,3,6
H283,2025-06,Apexacare,5,25
H283,2025-06,Competitor_A,4,18
H283,2025-06,Competitor_B,5,17
H284,2025-06,Apexacare,2,10
H284,2025-06,Competitor_A,2,11
H284,2025-06,Competitor_B,3,13
H285,2025-06,Apexacare,11,41
H285,2025-06,Competitor_A,10,36
H285,2025-06,Competitor_B,10,35
H286,2025-06,Apexacare,18,85
H286,2025-06,Competitor_A,11,52
H286,2025-06,Competitor_B,13,52
H287,2025-06,Apexacare,12,49
H287,2025-06,Competitor_A,11,47
H287,2025-06,Competitor_B,10,37
H288,2025-06,Apexacare,6,30
H288,2025-06,Competitor_A,7,33
H288,2025-06,Competitor_B,8,33
H289,2025-06,Apexacare,11,42
H289,2025-06,Competitor_A,9,34
H289,2025-06,Competitor_B,9,26
H290,2025-06,Apexacare,8,29
H290,2025-06,Competitor_A,5,18
H290,2025-06,Competitor_B,5,16
H291,2025-06,Apexacare,12,52
H291,2025-06,Competitor_A,14,58
H291,2025-06,Competitor_B,11,42
H292,2025-06,Apexacare,4,15
H292,2025-06,Competitor_A,2,10
H292,2025-06,Competitor_B,3,7
H293,2025-06,Apexacare,11,46
H293,2025-06,Competitor_A,16,70
H293,2025-06,Competitor_B,16,64
H294,2025-06,Apexacare,11,56
H294,2025-06,Competitor_A,7,37
H294,2025-06,Competitor_B,6,27
H295,2025-06,Apexacare,6,22
H295,2025-06,Competitor_A,7,27
H295,2025-06,Competitor_B,7,23
H296,2025-06,Apexacare,7,34
H296,2025-06,Competitor_A,8,37
H296,2025-06,Competitor_B,9,34
H297,2025-06,Apexacare,4,20
H297,2025-06,Competitor_A,13,55
H297,2025-06,Competitor_B,10,39
H298,2025-06,Apexacare,13,52
H298,2025-06,Competitor_A,7,30
H298,2025-06,Competitor_B,7,26
H299,2025-06,Apexacare,12,43
H299,2025-06,Competitor_A,14,50
H299,2025-06,Competitor_B,11,39
H300,2025-06,Apexacare,8,35
H300,2025-06,Competitor_A,9,38
H300,2025-06,Competitor_B,9,35
H301,2025-06,Apexacare,7,25
H301,2025-06,Competitor_A,4,17
H301,2025-06,Competitor_B,5,15
H302,2025-06,Apexacare,7,29
H302,2025-06,Competitor_A,14,56
H302,2025-06,Competitor_B,12,41
H303,2025-06,Apexacare,18,79
H303,2025-06,Competitor_A,8,36
H303,2025-06,Competitor_B,7,29
H304,2025-06,Apexacare,20,69
H304,2025-06,Competitor_A,9,32
H304,2025-06,Competitor_B,8,27
H305,2025-06,Apexacare,11,52
H305,2025-06,Competitor_A,11,53
H305,2025-06,Competitor_B,10,39
H306,2025-06,Apexacare,16,62
H306,2025-06,Competitor_A,10,39
H306,2025-06,Competitor_B,9,32
H307,2025-06,Apexacare,11,53
H307,2025-06,Competitor_A,15,73
H307,2025-06,Competitor_B,15,64
H308,2025-06,Apexacare,2,7
H308,2025-06,Competitor_A,2,7
H308,2025-06,Competitor_B,2,7
H309,2025-06,Apexacare,8,34
H309,2025-06,Competitor_A,14,56
H309,2025-06,Competitor_B,12,43
H310,2025-06,Apexacare,11,39
H310,2025-06,Competitor_A,11,41
H310,2025-06,Competitor_B,12,40
H311,2025-06,Apexacare,5,26
H311,2025-06,Competitor_A,13,59
H311,2025-06,Competitor_B,11,47
H312,2025-06,Apexacare,6,26
H312,2025-06,Competitor_A,10,43
H312,2025-06,Competitor_B,9,36
H313,2025-06,Apexacare,5,25
H313,2025-06,Competitor_A,4,18
H313,2025-06,Competitor_B,5,20
H314,2025-06,Apexacare,21,82
H314,2025-06,Competitor_A,15,60
H314,2025-06,Competitor_B,13,48
H315,2025-06,Apexacare,11,53
H315,2025-06,Competitor_A,7,32
H315,2025-06,Competitor_B,8,34
H316,2025-06,Apexacare,14,56
H316,2025-06,Competitor_A,15,58
H316,2025-06,Competitor_B,16,57
H317,2025-06,Apexacare,17,72
H317,2025-06,Competitor_A,15,62
H317,2025-06,Competitor_B,14,55
H318,2025-06,Apexacare,10,46
H318,2025-06,Competitor_A,6,26
H318,2025-06,Competitor_B,7,28
H319,2025-06,Apexacare,11,50
H319,2025-06,Competitor_A,12,55
H319,2025-06,Competitor_B,9,39
H320,2025-06,Apexacare,1,5
H320,2025-06,Competitor_A,2,9
H320,2025-06,Competitor_B,2,8
H321,2025-06,Apexacare,14,70
H321,2025-06,Competitor_A,6,29
H321,2025-06,Competitor_B,6,27
H322,2025-06,Apexacare,17,66
H322,2025-06,Competitor_A,15,60
H322,2025-06,Competitor_B,14,54
H323,2025-06,Apexacare,3,14
H323,2025-06,Competitor_A,3,15
H323,2025-06,Competitor_B,3,13
H324,2025-06,Apexacare,13,54
H324,2025-06,Competitor_A,16,66
H324,2025-06,Competitor_B,16,60
H325,2025-06,Apexacare,10,54
H325,2025-06,Competitor_A,7,35
H325,2025-06,Competitor_B,8,37
H326,2025-06,Apexacare,1,8
H326,2025-06,Competitor_A,1,7
H326,2025-06,Competitor_B,2,7
H327,2025-06,Apexacare,5,20
H327,2025-06,Competitor_A,8,32
H327,2025-06,Competitor_B,8,32
H328,2025-06,Apexacare,7,25
H328,2025-06,Competitor_A,5,19
H328,2025-06,Competitor_B,5,16
H329,2025-06,Apexacare,9,48
H329,2025-06,Competitor_A,9,48
H329,2025-06,Competitor_B,9,36
H330,2025-06,Apexacare,4,21
H330,2025-06,Competitor_A,5,25
H330,2025-06,Competitor_B,5,20
H331,2025-06,Apexacare,21,76
H331,2025-06,Competitor_A,11,39
H331,2025-06,Competitor_B,11,38
H332,2025-06,Apexacare,7,31
H332,2025-06,Competitor_A,8,32
H332,2025-06,Competitor_B,7,25
H333,2025-06,Apexacare,6,23
H333,2025-06,Competitor_A,6,24
H333,2025-06,Competitor_B,6,19
H334,2025-06,Apexacare,5,28
H334,2025-06,Competitor_A,6,33
H334,2025-06,Competitor_B,6,23
H335,2025-06,Apexacare,1,9
H335,2025-06,Competitor_A,1,7
H335,2025-06,Competitor_B,2,6
H336,2025-06,Apexacare,13,47
H336,2025-06,Competitor_A,14,49
H336,2025-06,Competitor_B,11,37
H337,2025-06,Apexacare,10,50
H337,2025-06,Competitor_A,5,26
H337,2025-06,Competitor_B,5,20
H338,2025-06,Apexacare,11,49
H338,2025-06,Competitor_A,9,40
H338,2025-06,Competitor_B,8,30
H339,2025-06,Apexacare,4,19
H339,2025-06,Competitor_A,8,41
H339,2025-06,Competitor_B,8,36
H340,2025-06,Apexacare,12,61
H340,2025-06,Competitor_A,8,42
H340,2025-06,Competitor_B,8,33
H341,2025-06,Apexacare,11,39
H341,2025-06,Competitor_A,5,18
H341,2025-06,Competitor_B,5,18
H342,2025-06,Apexacare,10,39
H342,2025-06,Competitor_A,6,26
H342,2025-06,Competitor_B,6,19
H343,2025-06,Apexacare,12,42
H343,2025-06,Competitor_A,10,35
H343,2025-06,Competitor_B,10,35
H344,2025-06,Apexacare,3,15
H344,2025-06,Competitor_A,6,29
H344,2025-06,Competitor_B,7,24
H345,2025-06,Apexacare,5,22
H345,2025-06,Competitor_A,11,46
H345,2025-06,Competitor_B,9,37
H346,2025-06,Apexacare,14,47
H346,2025-06,Competitor_A,10,35
H346,2025-06,Competitor_B,8,26
H347,2025-06,Apexacare,14,48
H347,2025-06,Competitor_A,16,58
H347,2025-06,Competitor_B,14,46
H348,2025-06,Apexacare,10,43
H348,2025-06,Competitor_A,9,37
H348,2025-06,Competitor_B,9,32
H349,2025-06,Apexacare,15,51
H349,2025-06,Competitor_A,13,44
H349,2025-06,Competitor_B,12,40
H350,2025-06,Apexacare,16,57
H350,2025-06,Competitor_A,13,47
H350,2025-06,Competitor_B,13,40
H351,2025-06,Apexacare,3,17
H351,2025-06,Competitor_A,8,37
H351,2025-06,Competitor_B,7,31
H352,2025-06,Apexacare,13,52
H352,2025-06,Competitor_A,10,40
H352,2025-06,Competitor_B,10,41
H353,2025-06,Apexacare,12,48
H353,2025-06,Competitor_A,11,44
H353,2025-06,Competitor_B,12,41
H354,2025-06,Apexacare,12,45
H354,2025-06,Competitor_A,11,43
H354,2025-06,Competitor_B,11,38
H355,2025-06,Apexacare,4,19
H355,2025-06,Competitor_A,13,55
H355,2025-06,Competitor_B,13,45
H356,2025-06,Apexacare,12,43
H356,2025-06,Competitor_A,7,27
H356,2025-06,Competitor_B,8,26
H357,2025-06,Apexacare,5,21
H357,2025-06,Competitor_A,16,63
H357,2025-06,Competitor_B,15,52
H358,2025-06,Apexacare,10,40
H358,2025-06,Competitor_A,4,16
H358,2025-06,Competitor_B,4,16
H359,2025-06,Apexacare,5,23
H359,2025-06,Competitor_A,4,20
H359,2025-06,Competitor_B,5,20
H360,2025-06,Apexacare,16,57
H360,2025-06,Competitor_A,6,23
H360,2025-06,Competitor_B,7,22
H361,2025-06,Apexacare,13,50
H361,2025-06,Competitor_A,10,39
H361,2025-06,Competitor_B,11,37
H362,2025-06,Apexacare,15,54
H362,2025-06,Competitor_A,16,58
H362,2025-06,Competitor_B,15,48
H363,2025-06,Apexacare,13,56
H363,2025-06,Competitor_A,14,60
H363,2025-06,Competitor_B,11,44
H364,2025-06,Apexacare,19,72
H364,2025-06,Competitor_A,12,49
H364,2025-06,Competitor_B,13,47
H365,2025-06,Apexacare,6,31
H365,2025-06,Competitor_A,8,39
H365,2025-06,Competitor_B,7,30
H366,2025-06,Apexacare,3,15
H366,2025-06,Competitor_A,3,16
H366,2025-06,Competitor_B,4,13
H367,2025-06,Apexacare,7,26
H367,2025-06,Competitor_A,6,22
H367,2025-06,Competitor_B,5,20
H368,2025-06,Apexacare,4,22
H368,2025-06,Competitor_A,12,56
H368,2025-06,Competitor_B,10,41
H369,2025-06,Apexacare,17,67
H369,2025-06,Competitor_A,13,51
H369,2025-06,Competitor_B,11,42
H370,2025-06,Apexacare,3,13
H370,2025-06,Competitor_A,3,14
H370,2025-06,Competitor_B,5,15
H371,2025-06,Apexacare,5,28
H371,2025-06,Competitor_A,3,16
H371,2025-06,Competitor_B,4,16
H372,2025-06,Apexacare,10,50
H372,2025-06,Competitor_A,4,23
H372,2025-06,Competitor_B,6,22
H373,2025-06,Apexacare,6,28
H373,2025-06,Competitor_A,5,25
H373,2025-06,Competitor_B,7,23
H374,2025-06,Apexacare,12,59
H374,2025-06,Competitor_A,9,42
H374,2025-06,Competitor_B,9,39
H375,2025-06,Apexacare,11,47
H375,2025-06,Competitor_A,12,52
H375,2025-06,Competitor_B,13,48
H376,2025-06,Apexacare,10,50
H376,2025-06,Competitor_A,9,44
H376,2025-06,Competitor_B,8,39
H377,2025-06,Apexacare,7,26
H377,2025-06,Competitor_A,11,42
H377,2025-06,Competitor_B,12,42
H378,2025-06,Apexacare,9,33
H378,2025-06,Competitor_A,16,57
H378,2025-06,Competitor_B,13,43
H379,2025-06,Apexacare,9,41
H379,2025-06,Competitor_A,6,31
H379,2025-06,Competitor_B,8,33
H380,2025-06,Apexacare,4,21
H380,2025-06,Competitor_A,3,19
H380,2025-06,Competitor_B,5,20
H381,2025-06,Apexacare,7,35
H381,2025-06,Competitor_A,7,38
H381,2025-06,Competitor_B,8,37
H382,2025-06,Apexacare,3,14
H382,2025-06,Competitor_A,2,10
H382,2025-06,Competitor_B,3,10
H383,2025-06,Apexacare,4,16
H383,2025-06,Competitor_A,5,21
H383,2025-06,Competitor_B,5,17
H384,2025-06,Apexacare,14,50
H384,2025-06,Competitor_A,10,36
H384,2025-06,Competitor_B,9,33
H385,2025-06,Apexacare,16,67
H385,2025-06,Competitor_A,13,52
H385,2025-06,Competitor_B,14,52
H386,2025-06,Apexacare,23,82
H386,2025-06,Competitor_A,14,52
H386,2025-06,Competitor_B,13,42
H387,2025-06,Apexacare,8,39
H387,2025-06,Competitor_A,5,23
H387,2025-06,Competitor_B,6,23
H388,2025-06,Apexacare,10,50
H388,2025-06,Competitor_A,8,40
H388,2025-06,Competitor_B,6,30
H389,2025-06,Apexacare,12,62
H389,2025-06,Competitor_A,13,67
H389,2025-06,Competitor_B,14,61
H390,2025-06,Apexacare,11,54
H390,2025-06,Competitor_A,5,25
H390,2025-06,Competitor_B,6,26
H391,2025-06,Apexacare,17,69
H391,2025-06,Competitor_A,14,56
H391,2025-06,Competitor_B,15,55
H392,2025-06,Apexacare,2,10
H392,2025-06,Competitor_A,4,15
H392,2025-06,Competitor_B,5,13
H393,2025-06,Apexacare,5,27
H393,2025-06,Competitor_A,7,39
H393,2025-06,Competitor_B,8,36
H394,2025-06,Apexacare,3,15
H394,2025-06,Competitor_A,6,34
H394,2025-06,Competitor_B,6,26
H395,2025-06,Apexacare,18,68
H395,2025-06,Competitor_A,13,50
H395,2025-06,Competitor_B,15,52
H396,2025-06,Apexacare,11,52
H396,2025-06,Competitor_A,13,63
H396,2025-06,Competitor_B,12,53
H397,2025-06,Apexacare,7,35
H397,2025-06,Competitor_A,5,27
H397,2025-06,Competitor_B,7,26
H398,2025-06,Apexacare,13,59
H398,2025-06,Competitor_A,12,53
H398,2025-06,Competitor_B,12,48
H399,2025-06,Apexacare,9,43
H399,2025-06,Competitor_A,4,21
H399,2025-06,Competitor_B,6,21
H400,2025-06,Apexacare,13,53
H400,2025-06,Competitor_A,11,46
H400,2025-06,Competitor_B,10,37
H401,2025-06,Apexacare,13,59
H401,2025-06,Competitor_A,8,35
H401,2025-06,Competitor_B,7,26
H402,2025-06,Apexacare,9,34
H402,2025-06,Competitor_A,11,42
H402,2025-06,Competitor_B,11,36
H403,2025-06,Apexacare,5,22
H403,2025-06,Competitor_A,7,33
H403,2025-06,Competitor_B,9,33
H404,2025-06,Apexacare,15,63
H404,2025-06,Competitor_A,13,53
H404,2025-06,Competitor_B,14,52
H405,2025-06,Apexacare,4,23
H405,2025-06,Competitor_A,7,36
H405,2025-06,Competitor_B,7,29
H406,2025-06,Apexacare,12,44
H406,2025-06,Competitor_A,26,92
H406,2025-06,Competitor_B,22,74
H407,2025-06,Apexacare,12,49
H407,2025-06,Competitor_A,12,48
H407,2025-06,Competitor_B,11,39
H408,2025-06,Apexacare,18,85
H408,2025-06,Competitor_A,7,33
H408,2025-06,Competitor_B,9,35
H409,2025-06,Apexacare,12,49
H409,2025-06,Competitor_A,8,32
H409,2025-06,Competitor_B,7,24
H410,2025-06,Apexacare,10,48
H410,2025-06,Competitor_A,9,42
H410,2025-06,Competitor_B,9,36
H411,2025-06,Apexacare,5,23
H411,2025-06,Competitor_A,2,10
H411,2025-06,Competitor_B,4,11
H412,2025-06,Apexacare,11,44
H412,2025-06,Competitor_A,10,40
H412,2025-06,Competitor_B,10,36
H413,2025-06,Apexacare,8,35
H413,2025-06,Competitor_A,6,27
H413,2025-06,Competitor_B,8,28
H414,2025-06,Apexacare,10,41
H414,2025-06,Competitor_A,10,39
H414,2025-06,Competitor_B,10,34
H415,2025-06,Apexacare,8,38
H415,2025-06,Competitor_A,6,27
H415,2025-06,Competitor_B,6,25
H416,2025-06,Apexacare,1,6
H416,2025-06,Competitor_A,1,5
H416,2025-06,Competitor_B,1,6
H417,2025-06,Apexacare,7,33
H417,2025-06,Competitor_A,11,55
H417,2025-06,Competitor_B,11,47
H418,2025-06,Apexacare,10,49
H418,2025-06,Competitor_A,9,43
H418,2025-06,Competitor_B,10,40
H419,2025-06,Apexacare,2,14
H419,2025-06,Competitor_A,2,14
H419,2025-06,Competitor_B,4,12
H420,2025-06,Apexacare,10,42
H420,2025-06,Competitor_A,8,35
H420,2025-06,Competitor_B,8,33
H421,2025-06,Apexacare,7,40
H421,2025-06,Competitor_A,6,33
H421,2025-06,Competitor_B,8,35
H422,2025-06,Apexacare,3,12
H422,2025-06,Competitor_A,3,14
H422,2025-06,Competitor_B,4,14
H423,2025-06,Apexacare,14,57
H423,2025-06,Competitor_A,6,26
H423,2025-06,Competitor_B,7,22
H424,2025-06,Apexacare,12,59
H424,2025-06,Competitor_A,6,30
H424,2025-06,Competitor_B,8,30
H425,2025-06,Apexacare,10,54
H425,2025-06,Competitor_A,11,58
H425,2025-06,Competitor_B,9,42
H426,2025-06,Apexacare,10,45
H426,2025-06,Competitor_A,8,35
H426,2025-06,Competitor_B,6,25
H427,2025-06,Apexacare,13,56
H427,2025-06,Competitor_A,9,39
H427,2025-06,Competitor_B,9,37
H428,2025-06,Apexacare,18,70
H428,2025-06,Competitor_A,11,43
H428,2025-06,Competitor_B,10,39
H429,2025-06,Apexacare,13,59
H429,2025-06,Competitor_A,6,28
H429,2025-06,Competitor_B,6,25
H430,2025-06,Apexacare,8,34
H430,2025-06,Competitor_A,7,30
H430,2025-06,Competitor_B,7,26
H431,2025-06,Apexacare,10,37
H431,2025-06,Competitor_A,12,45
H431,2025-06,Competitor_B,9,32
H432,2025-06,Apexacare,5,27
H432,2025-06,Competitor_A,5,26
H432,2025-06,Competitor_B,6,27
H433,2025-06,Apexacare,6,25
H433,2025-06,Competitor_A,6,25
H433,2025-06,Competitor_B,8,25
H434,2025-06,Apexacare,8,35
H434,2025-06,Competitor_A,8,36
H434,2025-06,Competitor_B,8,29
H435,2025-06,Apexacare,5,26
H435,2025-06,Competitor_A,5,25
H435,2025-06,Competitor_B,5,21
H436,2025-06,Apexacare,9,43
H436,2025-06,Competitor_A,7,35
H436,2025-06,Competitor_B,8,34
H437,2025-06,Apexacare,17,78
H437,2025-06,Competitor_A,9,43
H437,2025-06,Competitor_B,9,39
H438,2025-06,Apexacare,4,17
H438,2025-06,Competitor_A,3,12
H438,2025-06,Competitor_B,3,13
H439,2025-06,Apexacare,11,50
H439,2025-06,Competitor_A,11,51
H439,2025-06,Competitor_B,11,43
H440,2025-06,Apexacare,7,28
H440,2025-06,Competitor_A,14,55
H440,2025-06,Competitor_B,15,50
H441,2025-06,Apexacare,7,27
H441,2025-06,Competitor_A,11,41
H441,2025-06,Competitor_B,9,32
H442,2025-06,Apexacare,10,40
H442,2025-06,Competitor_A,5,22
H442,2025-06,Competitor_B,6,18
H443,2025-06,Apexacare,5,21
H443,2025-06,Competitor_A,14,57
H443,2025-06,Competitor_B,13,50
H444,2025-06,Apexacare,11,46
H444,2025-06,Competitor_A,11,47
H444,2025-06,Competitor_B,9,35
H445,2025-06,Apexacare,10,53
H445,2025-06,Competitor_A,10,52
H445,2025-06,Competitor_B,10,42
H446,2025-06,Apexacare,11,46
H446,2025-06,Competitor_A,8,35
H446,2025-06,Competitor_B,8,31
H447,2025-06,Apexacare,15,52
H447,2025-06,Competitor_A,14,50
H447,2025-06,Competitor_B,12,38
H448,2025-06,Apexacare,4,20
H448,2025-06,Competitor_A,2,10
H448,2025-06,Competitor_B,2,10
H449,2025-06,Apexacare,7,25
H449,2025-06,Competitor_A,7,25
H449,2025-06,Competitor_B,7,25
H450,2025-06,Apexacare,13,57
H450,2025-06,Competitor_A,11,50
H450,2025-06,Competitor_B,12,47
H451,2025-06,Apexacare,12,57
H451,2025-06,Competitor_A,13,63
H451,2025-06,Competitor_B,13,56
H452,2025-06,Apexacare,12,48
H452,2025-06,Competitor_A,11,45
H452,2025-06,Competitor_B,10,35
H453,2025-06,Apexacare,8,30
H453,2025-06,Competitor_A,10,37
H453,2025-06,Competitor_B,8,29
H454,2025-06,Apexacare,7,27
H454,2025-06,Competitor_A,10,39
H454,2025-06,Competitor_B,10,39
H455,2025-06,Apexacare,1,6
H455,2025-06,Competitor_A,1,8
H455,2025-06,Competitor_B,3,8
H456,2025-06,Apexacare,10,50
H456,2025-06,Competitor_A,10,50
H456,2025-06,Competitor_B,7,36
H457,2025-06,Apexacare,11,43
H457,2025-06,Competitor_A,9,34
H457,2025-06,Competitor_B,10,33
H458,2025-06,Apexacare,9,35
H458,2025-06,Competitor_A,3,15
H458,2025-06,Competitor_B,4,13
H459,2025-06,Apexacare,2,14
H459,2025-06,Competitor_A,3,16
H459,2025-06,Competitor_B,3,12
H460,2025-06,Apexacare,20,71
H460,2025-06,Competitor_A,19,67
H460,2025-06,Competitor_B,19,62
H461,2025-06,Apexacare,9,40
H461,2025-06,Competitor_A,8,38
H461,2025-06,Competitor_B,7,30
H462,2025-06,Apexacare,13,59
H462,2025-06,Competitor_A,9,43
H462,2025-06,Competitor_B,8,30
H463,2025-06,Apexacare,11,47
H463,2025-06,Competitor_A,7,29
H463,2025-06,Competitor_B,8,29
H464,2025-06,Apexacare,12,60
H464,2025-06,Competitor_A,9,47
H464,2025-06,Competitor_B,8,37
H465,2025-06,Apexacare,13,48
H465,2025-06,Competitor_A,18,66
H465,2025-06,Competitor_B,19,66
H466,2025-06,Apexacare,16,84
H466,2025-06,Competitor_A,10,52
H466,2025-06,Competitor_B,9,40
H467,2025-06,Apexacare,5,18
H467,2025-06,Competitor_A,3,11
H467,2025-06,Competitor_B,3,11
H468,2025-06,Apexacare,13,53
H468,2025-06,Competitor_A,7,30
H468,2025-06,Competitor_B,9,31
H469,2025-06,Apexacare,4,19
H469,2025-06,Competitor_A,7,29
H469,2025-06,Competitor_B,7,27
H470,2025-06,Apexacare,3,15
H470,2025-06,Competitor_A,3,12
H470,2025-06,Competitor_B,3,11
H471,2025-06,Apexacare,6,29
H471,2025-06,Competitor_A,5,23
H471,2025-06,Competitor_B,6,24
H472,2025-06,Apexacare,6,22
H472,2025-06,Competitor_A,10,36
H472,2025-06,Competitor_B,9,32
H473,2025-06,Apexacare,0,4
H473,2025-06,Competitor_A,1,5
H473,2025-06,Competitor_B,2,6
H474,2025-06,Apexacare,12,52
H474,2025-06,Competitor_A,14,59
H474,2025-06,Competitor_B,11,43
H475,2025-06,Apexacare,10,39
H475,2025-06,Competitor_A,6,26
H475,2025-06,Competitor_B,7,25
H476,2025-06,Apexacare,5,25
H476,2025-06,Competitor_A,2,11
H476,2025-06,Competitor_B,3,9
H477,2025-06,Apexacare,8,30
H477,2025-06,Competitor_A,8,32
H477,2025-06,Competitor_B,8,28
H478,2025-06,Apexacare,23,93
H478,2025-06,Competitor_A,12,47
H478,2025-06,Competitor_B,10,36
H479,2025-06,Apexacare,9,41
H479,2025-06,Competitor_A,5,22
H479,2025-06,Competitor_B,5,17
H480,2025-06,Apexacare,5,27
H480,2025-06,Competitor_A,9,44
H480,2025-06,Competitor_B,8,37
H481,2025-06,Apexacare,16,61
H481,2025-06,Competitor_A,14,55
H481,2025-06,Competitor_B,15,52
H482,2025-06,Apexacare,21,75
H482,2025-06,Competitor_A,10,35
H482,2025-06,Competitor_B,11,34
H483,2025-06,Apexacare,2,12
H483,2025-06,Competitor_A,1,5
H483,2025-06,Competitor_B,2,5
H484,2025-06,Apexacare,9,32
H484,2025-06,Competitor_A,16,55
H484,2025-06,Competitor_B,12,39
H485,2025-06,Apexacare,4,18
H485,2025-06,Competitor_A,11,48
H485,2025-06,Competitor_B,12,46
H486,2025-06,Apexacare,3,14
H486,2025-06,Competitor_A,3,15
H486,2025-06,Competitor_B,4,11
H487,2025-06,Apexacare,10,35
H487,2025-06,Competitor_A,10,37
H487,2025-06,Competitor_B,11,38
H488,2025-06,Apexacare,6,27
H488,2025-06,Competitor_A,11,47
H488,2025-06,Competitor_B,11,45
H489,2025-06,Apexacare,13,45
H489,2025-06,Competitor_A,20,69
H489,2025-06,Competitor_B,15,48
H490,2025-06,Apexacare,13,57
H490,2025-06,Competitor_A,13,59
H490,2025-06,Competitor_B,13,52
H491,2025-06,Apexacare,12,50
H491,2025-06,Competitor_A,14,57
H491,2025-06,Competitor_B,11,40
H492,2025-06,Apexacare,4,17
H492,2025-06,Competitor_A,8,30
H492,2025-06,Competitor_B,9,28
H493,2025-06,Apexacare,8,37
H493,2025-06,Competitor_A,8,37
H493,2025-06,Competitor_B,8,36
H494,2025-06,Apexacare,3,13
H494,2025-06,Competitor_A,6,25
H494,2025-06,Competitor_B,7,25
H495,2025-06,Apexacare,3,12
H495,2025-06,Competitor_A,5,17
H495,2025-06,Competitor_B,5,15
H496,2025-06,Apexacare,8,42
H496,2025-06,Competitor_A,12,60
H496,2025-06,Competitor_B,9,42
H497,2025-06,Apexacare,7,32
H497,2025-06,Competitor_A,15,68
H497,2025-06,Competitor_B,11,50
H498,2025-06,Apexacare,2,10
H498,2025-06,Competitor_A,5,19
H498,2025-06,Competitor_B,5,16
H499,2025-06,Apexacare,7,27
H499,2025-06,Competitor_A,8,33
H499,2025-06,Competitor_B,8,28
H500,2025-06,Apexacare,5,22
H500,2025-06,Competitor_A,4,19
H500,2025-06,Competitor_B,5,16
H501,2025-06,Apexacare,0,3
H501,2025-06,Competitor_A,3,18
H501,2025-06,Competitor_B,4,15
H502,2025-06,Apexacare,8,42
H502,2025-06,Competitor_A,10,53
H502,2025-06,Competitor_B,11,52
H503,2025-06,Apexacare,6,29
H503,2025-06,Competitor_A,10,50
H503,2025-06,Competitor_B,9,41
H504,2025-06,Apexacare,11,42
H504,2025-06,Competitor_A,16,64
H504,2025-06,Competitor_B,13,48
H505,2025-06,Apexacare,6,26
H505,2025-06,Competitor_A,11,47
H505,2025-06,Competitor_B,11,46
H506,2025-06,Apexacare,7,31
H506,2025-06,Competitor_A,8,37
H506,2025-06,Competitor_B,9,37
H507,2025-06,Apexacare,4,15
H507,2025-06,Competitor_A,10,38
H507,2025-06,Competitor_B,10,32
H508,2025-06,Apexacare,9,37
H508,2025-06,Competitor_A,11,45
H508,2025-06,Competitor_B,8,32
H509,2025-06,Apexacare,8,37
H509,2025-06,Competitor_A,12,52
H509,2025-06,Competitor_B,12,47
H510,2025-06,Apexacare,8,29
H510,2025-06,Competitor_A,12,43
H510,2025-06,Competitor_B,9,33
H511,2025-06,Apexacare,15,55
H511,2025-06,Competitor_A,9,36
H511,2025-06,Competitor_B,9,29
H512,2025-06,Apexacare,21,78
H512,2025-06,Competitor_A,14,53
H512,2025-06,Competitor_B,10,37
H513,2025-06,Apexacare,25,91
H513,2025-06,Competitor_A,15,53
H513,2025-06,Competitor_B,13,45
H514,2025-06,Apexacare,3,16
H514,2025-06,Competitor_A,12,55
H514,2025-06,Competitor_B,10,41
H515,2025-06,Apexacare,5,22
H515,2025-06,Competitor_A,10,39
H515,2025-06,Competitor_B,11,41
H516,2025-06,Apexacare,8,30
H516,2025-06,Competitor_A,15,53
H516,2025-06,Competitor_B,16,53
H517,2025-06,Apexacare,5,28
H517,2025-06,Competitor_A,7,38
H517,2025-06,Competitor_B,8,36
H518,2025-06,Apexacare,6,30
H518,2025-06,Competitor_A,12,56
H518,2025-06,Competitor_B,9,40
H519,2025-06,Apexacare,6,32
H519,2025-06,Competitor_A,7,39
H519,2025-06,Competitor_B,7,31
H520,2025-06,Apexacare,3,13
H520,2025-06,Competitor_A,4,15
H520,2025-06,Competitor_B,4,14
H521,2025-06,Apexacare,16,63
H521,2025-06,Competitor_A,13,51
H521,2025-06,Competitor_B,14,48
H522,2025-06,Apexacare,13,51
H522,2025-06,Competitor_A,13,51
H522,2025-06,Competitor_B,10,38
H523,2025-06,Apexacare,2,12
H523,2025-06,Competitor_A,5,22
H523,2025-06,Competitor_B,5,20
H524,2025-06,Apexacare,15,62
H524,2025-06,Competitor_A,9,36
H524,2025-06,Competitor_B,10,34
H525,2025-06,Apexacare,5,27
H525,2025-06,Competitor_A,9,45
H525,2025-06,Competitor_B,8,33
H526,2025-06,Apexacare,12,42
H526,2025-06,Competitor_A,24,82
H526,2025-06,Competitor_B,22,74
H527,2025-06,Apexacare,6,25
H527,2025-06,Competitor_A,13,54
H527,2025-06,Competitor_B,12,49
H528,2025-06,Apexacare,0,2
H528,2025-06,Competitor_A,5,18
H528,2025-06,Competitor_B,5,16
H529,2025-06,Apexacare,8,29
H529,2025-06,Competitor_A,11,38
H529,2025-06,Competitor_B,10,33
H530,2025-06,Apexacare,7,29
H530,2025-06,Competitor_A,8,31
H530,2025-06,Competitor_B,8,30
H531,2025-06,Apexacare,4,19
H531,2025-06,Competitor_A,6,26
H531,2025-06,Competitor_B,5,19
H532,2025-06,Apexacare,12,42
H532,2025-06,Competitor_A,18,63
H532,2025-06,Competitor_B,17,55
H533,2025-06,Apexacare,3,13
H533,2025-06,Competitor_A,4,19
H533,2025-06,Competitor_B,4,16
H534,2025-06,Apexacare,9,45
H534,2025-06,Competitor_A,9,44
H534,2025-06,Competitor_B,9,37
H535,2025-06,Apexacare,5,17
H535,2025-06,Competitor_A,11,39
H535,2025-06,Competitor_B,8,29
H536,2025-06,Apexacare,7,38
H536,2025-06,Competitor_A,11,56
H536,2025-06,Competitor_B,10,46
H537,2025-06,Apexacare,12,42
H537,2025-06,Competitor_A,13,47
H537,2025-06,Competitor_B,11,37
H538,2025-06,Apexacare,11,58
H538,2025-06,Competitor_A,7,37
H538,2025-06,Competitor_B,9,37
H539,2025-06,Apexacare,2,10
H539,2025-06,Competitor_A,9,35
H539,2025-06,Competitor_B,8,30
H540,2025-06,Apexacare,16,55
H540,2025-06,Competitor_A,13,45
H540,2025-06,Competitor_B,12,40
H541,2025-06,Apexacare,13,61
H541,2025-06,Competitor_A,11,51
H541,2025-06,Competitor_B,8,35
H542,2025-06,Apexacare,1,5
H542,2025-06,Competitor_A,1,7
H542,2025-06,Competitor_B,3,8
H543,2025-06,Apexacare,13,61
H543,2025-06,Competitor_A,13,62
H543,2025-06,Competitor_B,12,47
H544,2025-06,Apexacare,4,18
H544,2025-06,Competitor_A,12,55
H544,2025-06,Competitor_B,11,47
H545,2025-06,Apexacare,14,67
H545,2025-06,Competitor_A,13,62
H545,2025-06,Competitor_B,14,61
H546,2025-06,Apexacare,9,34
H546,2025-06,Competitor_A,7,27
H546,2025-06,Competitor_B,9,27
H547,2025-06,Apexacare,3,15
H547,2025-06,Competitor_A,10,44
H547,2025-06,Competitor_B,11,43
H548,2025-06,Apexacare,4,18
H548,2025-06,Competitor_A,15,64
H548,2025-06,Competitor_B,15,62
H549,2025-06,Apexacare,3,14
H549,2025-06,Competitor_A,18,79
H549,2025-06,Competitor_B,14,54
H550,2025-06,Apexacare,8,34
H550,2025-06,Competitor_A,12,53
H550,2025-06,Competitor_B,10,39
H551,2025-06,Apexacare,3,13
H551,2025-06,Competitor_A,4,16
H551,2025-06,Competitor_B,5,16
H552,2025-06,Apexacare,9,42
H552,2025-06,Competitor_A,10,47
H552,2025-06,Competitor_B,10,44
H553,2025-06,Apexacare,7,30
H553,2025-06,Competitor_A,13,54
H553,2025-06,Competitor_B,14,51
H554,2025-06,Apexacare,0,3
H554,2025-06,Competitor_A,2,9
H554,2025-06,Competitor_B,3,8
H555,2025-06,Apexacare,8,39
H555,2025-06,Competitor_A,11,53
H555,2025-06,Competitor_B,9,41
H556,2025-06,Apexacare,9,35
H556,2025-06,Competitor_A,16,62
H556,2025-06,Competitor_B,13,43
H557,2025-06,Apexacare,7,35
H557,2025-06,Competitor_A,13,63
H557,2025-06,Competitor_B,11,46
H558,2025-06,Apexacare,5,23
H558,2025-06,Competitor_A,7,34
H558,2025-06,Competitor_B,7,28
H559,2025-06,Apexacare,4,16
H559,2025-06,Competitor_A,10,40
H559,2025-06,Competitor_B,10,40
H560,2025-06,Apexacare,4,17
H560,2025-06,Competitor_A,11,42
H560,2025-06,Competitor_B,10,31
H561,2025-06,Apexacare,12,58
H561,2025-06,Competitor_A,18,82
H561,2025-06,Competitor_B,14,60
H562,2025-06,Apexacare,8,30
H562,2025-06,Competitor_A,6,23
H562,2025-06,Competitor_B,7,23
H563,2025-06,Apexacare,11,51
H563,2025-06,Competitor_A,9,41
H563,2025-06,Competitor_B,10,40
H564,2025-06,Apexacare,5,19
H564,2025-06,Competitor_A,18,71
H564,2025-06,Competitor_B,18,70
H565,2025-06,Apexacare,3,18
H565,2025-06,Competitor_A,4,21
H565,2025-06,Competitor_B,5,18
H566,2025-06,Apexacare,10,39
H566,2025-06,Competitor_A,16,64
H566,2025-06,Competitor_B,13,51
H567,2025-06,Apexacare,8,31
H567,2025-06,Competitor_A,14,55
H567,2025-06,Competitor_B,10,40
H568,2025-06,Apexacare,13,55
H568,2025-06,Competitor_A,13,54
H568,2025-06,Competitor_B,13,51
H569,2025-06,Apexacare,2,10
H569,2025-06,Competitor_A,9,38
H569,2025-06,Competitor_B,8,32
H570,2025-06,Apexacare,2,12
H570,2025-06,Competitor_A,7,35
H570,2025-06,Competitor_B,8,33
H571,2025-06,Apexacare,4,17
H571,2025-06,Competitor_A,6,26
H571,2025-06,Competitor_B,5,23
H572,2025-06,Apexacare,23,84
H572,2025-06,Competitor_A,12,44
H572,2025-06,Competitor_B,12,43
H573,2025-06,Apexacare,3,15
H573,2025-06,Competitor_A,16,78
H573,2025-06,Competitor_B,13,60
H574,2025-06,Apexacare,3,16
H574,2025-06,Competitor_A,8,37
H574,2025-06,Competitor_B,7,27
H575,2025-06,Apexacare,5,22
H575,2025-06,Competitor_A,8,36
H575,2025-06,Competitor_B,10,37
H576,2025-06,Apexacare,4,16
H576,2025-06,Competitor_A,3,13
H576,2025-06,Competitor_B,5,13
H577,2025-06,Apexacare,10,46
H577,2025-06,Competitor_A,6,30
H577,2025-06,Competitor_B,7,29
H578,2025-06,Apexacare,15,61
H578,2025-06,Competitor_A,11,47
H578,2025-06,Competitor_B,10,39
H579,2025-06,Apexacare,4,17
H579,2025-06,Competitor_A,6,23
H579,2025-06,Competitor_B,8,23
H580,2025-06,Apexacare,22,92
H580,2025-06,Competitor_A,12,54
H580,2025-06,Competitor_B,13,52
H581,2025-06,Apexacare,15,52
H581,2025-06,Competitor_A,17,60
H581,2025-06,Competitor_B,14,48
H582,2025-06,Apexacare,9,33
H582,2025-06,Competitor_A,13,46
H582,2025-06,Competitor_B,13,41
H583,2025-06,Apexacare,10,42
H583,2025-06,Competitor_A,16,63
H583,2025-06,Competitor_B,13,48
H584,2025-06,Apexacare,7,32
H584,2025-06,Competitor_A,6,28
H584,2025-06,Competitor_B,6,28
H585,2025-06,Apexacare,13,53
H585,2025-06,Competitor_A,15,59
H585,2025-06,Competitor_B,16,59
H586,2025-06,Apexacare,6,22
H586,2025-06,Competitor_A,15,55
H586,2025-06,Competitor_B,15,49
H587,2025-06,Apexacare,2,8
H587,2025-06,Competitor_A,9,33
H587,2025-06,Competitor_B,8,27
H588,2025-06,Apexacare,9,36
H588,2025-06,Competitor_A,8,31
H588,2025-06,Competitor_B,8,28
H589,2025-06,Apexacare,8,36
H589,2025-06,Competitor_A,11,49
H589,2025-06,Competitor_B,8,35
H590,2025-06,Apexacare,21,77
H590,2025-06,Competitor_A,14,51
H590,2025-06,Competitor_B,15,52
H591,2025-06,Apexacare,1,6
H591,2025-06,Competitor_A,2,8
H591,2025-06,Competitor_B,3,8
H592,2025-06,Apexacare,4,16
H592,2025-06,Competitor_A,10,39
H592,2025-06,Competitor_B,8,29
H593,2025-06,Apexacare,12,45
H593,2025-06,Competitor_A,8,31
H593,2025-06,Competitor_B,7,26
H594,2025-06,Apexacare,2,11
H594,2025-06,Competitor_A,6,31
H594,2025-06,Competitor_B,7,30
H595,2025-06,Apexacare,13,52
H595,2025-06,Competitor_A,11,44
H595,2025-06,Competitor_B,9,37
H596,2025-06,Apexacare,19,67
H596,2025-06,Competitor_A,13,45
H596,2025-06,Competitor_B,11,38
H597,2025-06,Apexacare,7,36
H597,2025-06,Competitor_A,7,38
H597,2025-06,Competitor_B,6,28
H598,2025-06,Apexacare,10,45
H598,2025-06,Competitor_A,14,62
H598,2025-06,Competitor_B,14,63
H599,2025-06,Apexacare,4,20
H599,2025-06,Competitor_A,7,35
H599,2025-06,Competitor_B,8,35
H600,2025-06,Apexacare,12,56
H600,2025-06,Competitor_A,10,49
H600,2025-06,Competitor_B,11,49
H601,2025-06,Apexacare,6,25
H601,2025-06,Competitor_A,5,20
H601,2025-06,Competitor_B,5,18
H602,2025-06,Apexacare,1,6
H602,2025-06,Competitor_A,0,4
H602,2025-06,Competitor_B,2,5
H603,2025-06,Apexacare,21,90
H603,2025-06,Competitor_A,14,59
H603,2025-06,Competitor_B,10,41
H604,2025-06,Apexacare,3,14
H604,2025-06,Competitor_A,3,14
H604,2025-06,Competitor_B,5,14
H605,2025-06,Apexacare,20,84
H605,2025-06,Competitor_A,9,38
H605,2025-06,Competitor_B,7,30
H001,2025-07,Apexacare,8,31
H001,2025-07,Competitor_A,20,77
H001,2025-07,Competitor_B,14,54
H002,2025-07,Apexacare,12,56
H002,2025-07,Competitor_A,6,28
H002,2025-07,Competitor_B,6,28
H003,2025-07,Apexacare,1,6
H003,2025-07,Competitor_A,0,5
H003,2025-07,Competitor_B,2,5
H004,2025-07,Apexacare,23,88
H004,2025-07,Competitor_A,9,37
H004,2025-07,Competitor_B,11,35
H005,2025-07,Apexacare,8,42
H005,2025-07,Competitor_A,7,34
H005,2025-07,Competitor_B,7,29
H006,2025-07,Apexacare,11,41
H006,2025-07,Competitor_A,18,65
H006,2025-07,Competitor_B,18,56
H007,2025-07,Apexacare,5,22
H007,2025-07,Competitor_A,4,17
H007,2025-07,Competitor_B,5,15
H008,2025-07,Apexacare,13,47
H008,2025-07,Competitor_A,5,19
H008,2025-07,Competitor_B,6,19
H009,2025-07,Apexacare,13,52
H009,2025-07,Competitor_A,13,50
H009,2025-07,Competitor_B,12,42
H010,2025-07,Apexacare,16,56
H010,2025-07,Competitor_A,11,39
H010,2025-07,Competitor_B,12,38
H011,2025-07,Apexacare,8,40
H011,2025-07,Competitor_A,13,67
H011,2025-07,Competitor_B,12,53
H012,2025-07,Apexacare,10,39
H012,2025-07,Competitor_A,10,39
H012,2025-07,Competitor_B,8,30
H013,2025-07,Apexacare,7,29
H013,2025-07,Competitor_A,5,21
H013,2025-07,Competitor_B,4,18
H014,2025-07,Apexacare,14,63
H014,2025-07,Competitor_A,10,46
H014,2025-07,Competitor_B,8,35
H015,2025-07,Apexacare,10,45
H015,2025-07,Competitor_A,4,20
H015,2025-07,Competitor_B,6,20
H016,2025-07,Apexacare,10,49
H016,2025-07,Competitor_A,5,27
H016,2025-07,Competitor_B,5,20
H017,2025-07,Apexacare,20,88
H017,2025-07,Competitor_A,9,41
H017,2025-07,Competitor_B,10,41
H018,2025-07,Apexacare,3,16
H018,2025-07,Competitor_A,3,16
H018,2025-07,Competitor_B,4,16
H019,2025-07,Apexacare,12,44
H019,2025-07,Competitor_A,12,42
H019,2025-07,Competitor_B,10,33
H020,2025-07,Apexacare,4,16
H020,2025-07,Competitor_A,2,8
H020,2025-07,Competitor_B,2,6
H021,2025-07,Apexacare,6,25
H021,2025-07,Competitor_A,5,20
H021,2025-07,Competitor_B,6,19
H022,2025-07,Apexacare,6,28
H022,2025-07,Competitor_A,11,53
H022,2025-07,Competitor_B,9,38
H023,2025-07,Apexacare,10,40
H023,2025-07,Competitor_A,13,53
H023,2025-07,Competitor_B,11,40
H024,2025-07,Apexacare,19,69
H024,2025-07,Competitor_A,17,59
H024,2025-07,Competitor_B,13,43
H025,2025-07,Apexacare,17,66
H025,2025-07,Competitor_A,13,51
H025,2025-07,Competitor_B,11,37
H026,2025-07,Apexacare,9,34
H026,2025-07,Competitor_A,5,20
H026,2025-07,Competitor_B,6,21
H027,2025-07,Apexacare,4,22
H027,2025-07,Competitor_A,5,28
H027,2025-07,Competitor_B,6,26
H028,2025-07,Apexacare,10,39
H028,2025-07,Competitor_A,11,43
H028,2025-07,Competitor_B,12,38
H029,2025-07,Apexacare,13,65
H029,2025-07,Competitor_A,7,35
H029,2025-07,Competitor_B,5,26
H030,2025-07,Apexacare,15,54
H030,2025-07,Competitor_A,25,87
H030,2025-07,Competitor_B,21,69
H031,2025-07,Apexacare,8,33
H031,2025-07,Competitor_A,7,29
H031,2025-07,Competitor_B,7,22
H032,2025-07,Apexacare,18,61
H032,2025-07,Competitor_A,11,40
H032,2025-07,Competitor_B,11,34
H033,2025-07,Apexacare,13,50
H033,2025-07,Competitor_A,20,78
H033,2025-07,Competitor_B,19,70
H034,2025-07,Apexacare,8,41
H034,2025-07,Competitor_A,9,45
H034,2025-07,Competitor_B,9,40
H035,2025-07,Apexacare,9,35
H035,2025-07,Competitor_A,9,37
H035,2025-07,Competitor_B,8,28
H036,2025-07,Apexacare,10,47
H036,2025-07,Competitor_A,12,59
H036,2025-07,Competitor_B,11,46
H037,2025-07,Apexacare,8,44
H037,2025-07,Competitor_A,7,36
H037,2025-07,Competitor_B,7,32
H038,2025-07,Apexacare,7,31
H038,2025-07,Competitor_A,15,65
H038,2025-07,Competitor_B,12,48
H039,2025-07,Apexacare,17,85
H039,2025-07,Competitor_A,7,37
H039,2025-07,Competitor_B,7,31
H040,2025-07,Apexacare,9,47
H040,2025-07,Competitor_A,12,58
H040,2025-07,Competitor_B,11,48
H041,2025-07,Apexacare,2,9
H041,2025-07,Competitor_A,5,19
H041,2025-07,Competitor_B,6,20
H042,2025-07,Apexacare,11,41
H042,2025-07,Competitor_A,6,25
H042,2025-07,Competitor_B,7,22
H043,2025-07,Apexacare,12,48
H043,2025-07,Competitor_A,9,36
H043,2025-07,Competitor_B,7,28
H044,2025-07,Apexacare,14,51
H044,2025-07,Competitor_A,10,37
H044,2025-07,Competitor_B,12,38
H045,2025-07,Apexacare,14,60
H045,2025-07,Competitor_A,12,51
H045,2025-07,Competitor_B,12,51
H046,2025-07,Apexacare,12,52
H046,2025-07,Competitor_A,7,30
H046,2025-07,Competitor_B,8,30
H047,2025-07,Apexacare,1,4
H047,2025-07,Competitor_A,1,6
H047,2025-07,Competitor_B,2,6
H048,2025-07,Apexacare,5,20
H048,2025-07,Competitor_A,5,22
H048,2025-07,Competitor_B,6,21
H049,2025-07,Apexacare,15,66
H049,2025-07,Competitor_A,6,27
H049,2025-07,Competitor_B,6,27
H050,2025-07,Apexacare,10,36
H050,2025-07,Competitor_A,12,42
H050,2025-07,Competitor_B,9,30
H051,2025-07,Apexacare,19,72
H051,2025-07,Competitor_A,9,35
H051,2025-07,Competitor_B,9,28
H052,2025-07,Apexacare,5,19
H052,2025-07,Competitor_A,6,24
H052,2025-07,Competitor_B,6,23
H053,2025-07,Apexacare,8,42
H053,2025-07,Competitor_A,5,27
H053,2025-07,Competitor_B,6,21
H054,2025-07,Apexacare,9,37
H054,2025-07,Competitor_A,12,46
H054,2025-07,Competitor_B,12,43
H055,2025-07,Apexacare,9,37
H055,2025-07,Competitor_A,6,26
H055,2025-07,Competitor_B,6,22
H056,2025-07,Apexacare,11,38
H056,2025-07,Competitor_A,17,61
H056,2025-07,Competitor_B,15,51
H057,2025-07,Apexacare,13,49
H057,2025-07,Competitor_A,8,31
H057,2025-07,Competitor_B,8,30
H058,2025-07,Apexacare,7,29
H058,2025-07,Competitor_A,13,52
H058,2025-07,Competitor_B,11,38
H059,2025-07,Apexacare,14,56
H059,2025-07,Competitor_A,11,42
H059,2025-07,Competitor_B,9,34
H060,2025-07,Apexacare,8,38
H060,2025-07,Competitor_A,15,70
H060,2025-07,Competitor_B,14,62
H061,2025-07,Apexacare,13,54
H061,2025-07,Competitor_A,14,59
H061,2025-07,Competitor_B,14,49
H062,2025-07,Apexacare,7,29
H062,2025-07,Competitor_A,4,15
H062,2025-07,Competitor_B,4,13
H063,2025-07,Apexacare,5,22
H063,2025-07,Competitor_A,5,21
H063,2025-07,Competitor_B,5,20
H064,2025-07,Apexacare,11,44
H064,2025-07,Competitor_A,10,43
H064,2025-07,Competitor_B,9,33
H065,2025-07,Apexacare,21,77
H065,2025-07,Competitor_A,16,60
H065,2025-07,Competitor_B,15,52
H066,2025-07,Apexacare,17,66
H066,2025-07,Competitor_A,15,60
H066,2025-07,Competitor_B,13,45
H067,2025-07,Apexacare,6,28
H067,2025-07,Competitor_A,6,29
H067,2025-07,Competitor_B,5,23
H068,2025-07,Apexacare,2,10
H068,2025-07,Competitor_A,3,14
H068,2025-07,Competitor_B,3,12
H069,2025-07,Apexacare,11,47
H069,2025-07,Competitor_A,17,68
H069,2025-07,Competitor_B,15,56
H070,2025-07,Apexacare,17,63
H070,2025-07,Competitor_A,8,29
H070,2025-07,Competitor_B,9,28
H071,2025-07,Apexacare,7,32
H071,2025-07,Competitor_A,7,32
H071,2025-07,Competitor_B,8,31
H072,2025-07,Apexacare,4,18
H072,2025-07,Competitor_A,6,26
H072,2025-07,Competitor_B,5,20
H073,2025-07,Apexacare,6,24
H073,2025-07,Competitor_A,3,13
H073,2025-07,Competitor_B,4,14
H074,2025-07,Apexacare,18,93
H074,2025-07,Competitor_A,11,55
H074,2025-07,Competitor_B,11,50
H075,2025-07,Apexacare,7,25
H075,2025-07,Competitor_A,6,24
H075,2025-07,Competitor_B,6,19
H076,2025-07,Apexacare,9,32
H076,2025-07,Competitor_A,12,45
H076,2025-07,Competitor_B,10,33
H077,2025-07,Apexacare,8,30
H077,2025-07,Competitor_A,11,40
H077,2025-07,Competitor_B,10,32
H078,2025-07,Apexacare,3,14
H078,2025-07,Competitor_A,4,17
H078,2025-07,Competitor_B,3,13
H079,2025-07,Apexacare,2,11
H079,2025-07,Competitor_A,4,20
H079,2025-07,Competitor_B,5,20
H080,2025-07,Apexacare,15,57
H080,2025-07,Competitor_A,7,26
H080,2025-07,Competitor_B,6,22
H081,2025-07,Apexacare,21,82
H081,2025-07,Competitor_A,12,47
H081,2025-07,Competitor_B,12,47
H082,2025-07,Apexacare,11,44
H082,2025-07,Competitor_A,14,58
H082,2025-07,Competitor_B,15,58
H083,2025-07,Apexacare,19,85
H083,2025-07,Competitor_A,9,43
H083,2025-07,Competitor_B,9,34
H084,2025-07,Apexacare,2,8
H084,2025-07,Competitor_A,1,5
H084,2025-07,Competitor_B,2,5
H085,2025-07,Apexacare,13,48
H085,2025-07,Competitor_A,9,33
H085,2025-07,Competitor_B,10,33
H086,2025-07,Apexacare,6,26
H086,2025-07,Competitor_A,9,41
H086,2025-07,Competitor_B,9,38
H087,2025-07,Apexacare,15,52
H087,2025-07,Competitor_A,15,52
H087,2025-07,Competitor_B,12,40
H088,2025-07,Apexacare,16,57
H088,2025-07,Competitor_A,10,37
H088,2025-07,Competitor_B,8,26
H089,2025-07,Apexacare,10,42
H089,2025-07,Competitor_A,18,73
H089,2025-07,Competitor_B,17,65
H090,2025-07,Apexacare,7,30
H090,2025-07,Competitor_A,11,45
H090,2025-07,Competitor_B,12,44
H091,2025-07,Apexacare,25,98
H091,2025-07,Competitor_A,13,53
H091,2025-07,Competitor_B,11,38
H092,2025-07,Apexacare,8,34
H092,2025-07,Competitor_A,10,39
H092,2025-07,Competitor_B,11,39
H093,2025-07,Apexacare,8,42
H093,2025-07,Competitor_A,9,49
H093,2025-07,Competitor_B,10,42
H094,2025-07,Apexacare,5,22
H094,2025-07,Competitor_A,5,19
H094,2025-07,Competitor_B,6,19
H095,2025-07,Apexacare,13,51
H095,2025-07,Competitor_A,13,52
H095,2025-07,Competitor_B,11,41
H096,2025-07,Apexacare,9,37
H096,2025-07,Competitor_A,9,37
H096,2025-07,Competitor_B,10,36
H097,2025-07,Apexacare,0,5
H097,2025-07,Competitor_A,1,6
H097,2025-07,Competitor_B,2,6
H098,2025-07,Apexacare,12,46
H098,2025-07,Competitor_A,9,35
H098,2025-07,Competitor_B,9,33
H099,2025-07,Apexacare,14,51
H099,2025-07,Competitor_A,14,52
H099,2025-07,Competitor_B,12,44
H100,2025-07,Apexacare,5,27
H100,2025-07,Competitor_A,7,39
H100,2025-07,Competitor_B,8,36
H101,2025-07,Apexacare,16,69
H101,2025-07,Competitor_A,6,26
H101,2025-07,Competitor_B,7,25
H102,2025-07,Apexacare,10,40
H102,2025-07,Competitor_A,12,49
H102,2025-07,Competitor_B,13,47
H103,2025-07,Apexacare,3,13
H103,2025-07,Competitor_A,2,10
H103,2025-07,Competitor_B,3,11
H104,2025-07,Apexacare,10,54
H104,2025-07,Competitor_A,10,53
H104,2025-07,Competitor_B,9,40
H105,2025-07,Apexacare,12,58
H105,2025-07,Competitor_A,7,35
H105,2025-07,Competitor_B,8,35
H106,2025-07,Apexacare,14,50
H106,2025-07,Competitor_A,17,59
H106,2025-07,Competitor_B,13,45
H107,2025-07,Apexacare,9,34
H107,2025-07,Competitor_A,3,12
H107,2025-07,Competitor_B,5,14
H108,2025-07,Apexacare,7,37
H108,2025-07,Competitor_A,4,24
H108,2025-07,Competitor_B,5,19
H109,2025-07,Apexacare,13,53
H109,2025-07,Competitor_A,13,53
H109,2025-07,Competitor_B,11,38
H110,2025-07,Apexacare,17,60
H110,2025-07,Competitor_A,7,25
H110,2025-07,Competitor_B,6,20
H111,2025-07,Apexacare,15,63
H111,2025-07,Competitor_A,7,29
H111,2025-07,Competitor_B,7,27
H112,2025-07,Apexacare,8,32
H112,2025-07,Competitor_A,6,25
H112,2025-07,Competitor_B,7,19
H113,2025-07,Apexacare,1,6
H113,2025-07,Competitor_A,1,6
H113,2025-07,Competitor_B,2,6
H114,2025-07,Apexacare,10,44
H114,2025-07,Competitor_A,11,49
H114,2025-07,Competitor_B,8,35
H115,2025-07,Apexacare,15,67
H115,2025-07,Competitor_A,8,35
H115,2025-07,Competitor_B,7,30
H116,2025-07,Apexacare,16,72
H116,2025-07,Competitor_A,11,51
H116,2025-07,Competitor_B,12,47
H117,2025-07,Apexacare,3,11
H117,2025-07,Competitor_A,4,17
H117,2025-07,Competitor_B,4,14
H118,2025-07,Apexacare,20,91
H118,2025-07,Competitor_A,10,48
H118,2025-07,Competitor_B,9,37
H119,2025-07,Apexacare,14,65
H119,2025-07,Competitor_A,13,60
H119,2025-07,Competitor_B,10,43
H120,2025-07,Apexacare,9,48
H120,2025-07,Competitor_A,17,87
H120,2025-07,Competitor_B,19,85
H121,2025-07,Apexacare,12,56
H121,2025-07,Competitor_A,13,63
H121,2025-07,Competitor_B,14,61
H122,2025-07,Apexacare,9,39
H122,2025-07,Competitor_A,10,41
H122,2025-07,Competitor_B,9,32
H123,2025-07,Apexacare,10,50
H123,2025-07,Competitor_A,9,44
H123,2025-07,Competitor_B,10,38
H124,2025-07,Apexacare,8,28
H124,2025-07,Competitor_A,16,56
H124,2025-07,Competitor_B,14,48
H125,2025-07,Apexacare,5,26
H125,2025-07,Competitor_A,10,53
H125,2025-07,Competitor_B,9,41
H126,2025-07,Apexacare,3,16
H126,2025-07,Competitor_A,5,27
H126,2025-07,Competitor_B,5,21
H127,2025-07,Apexacare,20,74
H127,2025-07,Competitor_A,12,43
H127,2025-07,Competitor_B,11,37
H128,2025-07,Apexacare,6,27
H128,2025-07,Competitor_A,4,19
H128,2025-07,Competitor_B,6,18
H129,2025-07,Apexacare,7,33
H129,2025-07,Competitor_A,11,48
H129,2025-07,Competitor_B,10,38
H130,2025-07,Apexacare,6,32
H130,2025-07,Competitor_A,4,24
H130,2025-07,Competitor_B,5,19
H131,2025-07,Apexacare,2,11
H131,2025-07,Competitor_A,3,15
H131,2025-07,Competitor_B,4,16
H132,2025-07,Apexacare,9,44
H132,2025-07,Competitor_A,4,23
H132,2025-07,Competitor_B,6,23
H133,2025-07,Apexacare,9,44
H133,2025-07,Competitor_A,4,20
H133,2025-07,Competitor_B,4,16
H134,2025-07,Apexacare,9,35
H134,2025-07,Competitor_A,10,36
H134,2025-07,Competitor_B,9,29
H135,2025-07,Apexacare,3,14
H135,2025-07,Competitor_A,2,10
H135,2025-07,Competitor_B,2,10
H136,2025-07,Apexacare,8,29
H136,2025-07,Competitor_A,13,48
H136,2025-07,Competitor_B,11,33
H137,2025-07,Apexacare,7,31
H137,2025-07,Competitor_A,17,78
H137,2025-07,Competitor_B,16,71
H138,2025-07,Apexacare,16,72
H138,2025-07,Competitor_A,10,47
H138,2025-07,Competitor_B,11,43
H139,2025-07,Apexacare,9,41
H139,2025-07,Competitor_A,9,39
H139,2025-07,Competitor_B,7,28
H140,2025-07,Apexacare,5,27
H140,2025-07,Competitor_A,4,22
H140,2025-07,Competitor_B,5,23
H141,2025-07,Apexacare,21,79
H141,2025-07,Competitor_A,12,46
H141,2025-07,Competitor_B,13,46
H142,2025-07,Apexacare,8,35
H142,2025-07,Competitor_A,7,35
H142,2025-07,Competitor_B,8,32
H143,2025-07,Apexacare,12,51
H143,2025-07,Competitor_A,12,51
H143,2025-07,Competitor_B,11,42
H144,2025-07,Apexacare,9,44
H144,2025-07,Competitor_A,9,47
H144,2025-07,Competitor_B,8,35
H145,2025-07,Apexacare,1,8
H145,2025-07,Competitor_A,0,5
H145,2025-07,Competitor_B,2,5
H146,2025-07,Apexacare,7,28
H146,2025-07,Competitor_A,13,48
H146,2025-07,Competitor_B,13,43
H147,2025-07,Apexacare,5,28
H147,2025-07,Competitor_A,3,17
H147,2025-07,Competitor_B,4,15
H148,2025-07,Apexacare,3,17
H148,2025-07,Competitor_A,4,23
H148,2025-07,Competitor_B,5,23
H149,2025-07,Apexacare,1,5
H149,2025-07,Competitor_A,1,6
H149,2025-07,Competitor_B,2,6
H150,2025-07,Apexacare,15,54
H150,2025-07,Competitor_A,12,42
H150,2025-07,Competitor_B,9,30
H151,2025-07,Apexacare,12,57
H151,2025-07,Competitor_A,6,32
H151,2025-07,Competitor_B,6,23
H152,2025-07,Apexacare,11,61
H152,2025-07,Competitor_A,4,24
H152,2025-07,Competitor_B,6,23
H153,2025-07,Apexacare,13,48
H153,2025-07,Competitor_A,5,18
H153,2025-07,Competitor_B,6,19
H154,2025-07,Apexacare,12,53
H154,2025-07,Competitor_A,5,24
H154,2025-07,Competitor_B,5,18
H155,2025-07,Apexacare,8,38
H155,2025-07,Competitor_A,6,30
H155,2025-07,Competitor_B,6,27
H156,2025-07,Apexacare,17,65
H156,2025-07,Competitor_A,15,58
H156,2025-07,Competitor_B,13,45
H157,2025-07,Apexacare,4,20
H157,2025-07,Competitor_A,3,13
H157,2025-07,Competitor_B,3,11
H158,2025-07,Apexacare,16,62
H158,2025-07,Competitor_A,9,36
H158,2025-07,Competitor_B,9,28
H159,2025-07,Apexacare,5,23
H159,2025-07,Competitor_A,8,32
H159,2025-07,Competitor_B,8,30
H160,2025-07,Apexacare,13,55
H160,2025-07,Competitor_A,12,48
H160,2025-07,Competitor_B,10,37
H161,2025-07,Apexacare,13,55
H161,2025-07,Competitor_A,11,47
H161,2025-07,Competitor_B,8,33
H162,2025-07,Apexacare,2,9
H162,2025-07,Competitor_A,0,4
H162,2025-07,Competitor_B,2,4
H163,2025-07,Apexacare,6,30
H163,2025-07,Competitor_A,3,15
H163,2025-07,Competitor_B,4,12
H164,2025-07,Apexacare,6,28
H164,2025-07,Competitor_A,10,45
H164,2025-07,Competitor_B,10,41
H165,2025-07,Apexacare,18,66
H165,2025-07,Competitor_A,10,39
H165,2025-07,Competitor_B,9,28
H166,2025-07,Apexacare,4,16
H166,2025-07,Competitor_A,6,27
H166,2025-07,Competitor_B,6,20
H167,2025-07,Apexacare,9,44
H167,2025-07,Competitor_A,10,46
H167,2025-07,Competitor_B,9,38
H168,2025-07,Apexacare,18,79
H168,2025-07,Competitor_A,11,52
H168,2025-07,Competitor_B,9,37
H169,2025-07,Apexacare,3,13
H169,2025-07,Competitor_A,2,13
H169,2025-07,Competitor_B,4,14
H170,2025-07,Apexacare,8,33
H170,2025-07,Competitor_A,8,33
H170,2025-07,Competitor_B,6,24
H171,2025-07,Apexacare,18,69
H171,2025-07,Competitor_A,17,65
H171,2025-07,Competitor_B,17,66
H172,2025-07,Apexacare,11,53
H172,2025-07,Competitor_A,9,42
H172,2025-07,Competitor_B,8,31
H173,2025-07,Apexacare,14,65
H173,2025-07,Competitor_A,10,47
H173,2025-07,Competitor_B,12,48
H174,2025-07,Apexacare,16,77
H174,2025-07,Competitor_A,7,36
H174,2025-07,Competitor_B,9,34
H175,2025-07,Apexacare,11,50
H175,2025-07,Competitor_A,14,61
H175,2025-07,Competitor_B,10,43
H176,2025-07,Apexacare,18,69
H176,2025-07,Competitor_A,17,63
H176,2025-07,Competitor_B,12,44
H177,2025-07,Apexacare,0,4
H177,2025-07,Competitor_A,1,7
H177,2025-07,Competitor_B,3,8
H178,2025-07,Apexacare,8,31
H178,2025-07,Competitor_A,13,50
H178,2025-07,Competitor_B,10,38
H179,2025-07,Apexacare,15,56
H179,2025-07,Competitor_A,7,28
H179,2025-07,Competitor_B,7,21
H180,2025-07,Apexacare,12,51
H180,2025-07,Competitor_A,7,30
H180,2025-07,Competitor_B,8,27
H181,2025-07,Apexacare,8,35
H181,2025-07,Competitor_A,10,44
H181,2025-07,Competitor_B,11,41
H182,2025-07,Apexacare,23,83
H182,2025-07,Competitor_A,17,61
H182,2025-07,Competitor_B,12,45
H183,2025-07,Apexacare,5,23
H183,2025-07,Competitor_A,5,23
H183,2025-07,Competitor_B,5,17
H184,2025-07,Apexacare,11,53
H184,2025-07,Competitor_A,5,24
H184,2025-07,Competitor_B,5,19
H185,2025-07,Apexacare,9,48
H185,2025-07,Competitor_A,8,40
H185,2025-07,Competitor_B,8,38
H186,2025-07,Apexacare,6,22
H186,2025-07,Competitor_A,13,49
H186,2025-07,Competitor_B,11,37
H187,2025-07,Apexacare,11,43
H187,2025-07,Competitor_A,11,46
H187,2025-07,Competitor_B,10,37
H188,2025-07,Apexacare,11,41
H188,2025-07,Competitor_A,6,25
H188,2025-07,Competitor_B,7,22
H189,2025-07,Apexacare,5,20
H189,2025-07,Competitor_A,7,28
H189,2025-07,Competitor_B,6,24
H190,2025-07,Apexacare,11,43
H190,2025-07,Competitor_A,11,40
H190,2025-07,Competitor_B,11,37
H191,2025-07,Apexacare,12,49
H191,2025-07,Competitor_A,12,49
H191,2025-07,Competitor_B,11,42
H192,2025-07,Apexacare,9,36
H192,2025-07,Competitor_A,8,33
H192,2025-07,Competitor_B,7,27
H193,2025-07,Apexacare,11,44
H193,2025-07,Competitor_A,10,40
H193,2025-07,Competitor_B,11,36
H194,2025-07,Apexacare,6,27
H194,2025-07,Competitor_A,6,26
H194,2025-07,Competitor_B,8,27
H195,2025-07,Apexacare,15,58
H195,2025-07,Competitor_A,14,55
H195,2025-07,Competitor_B,12,41
H196,2025-07,Apexacare,9,33
H196,2025-07,Competitor_A,8,31
H196,2025-07,Competitor_B,8,26
H197,2025-07,Apexacare,3,18
H197,2025-07,Competitor_A,4,19
H197,2025-07,Competitor_B,5,20
H198,2025-07,Apexacare,9,40
H198,2025-07,Competitor_A,3,17
H198,2025-07,Competitor_B,5,18
H199,2025-07,Apexacare,6,25
H199,2025-07,Competitor_A,5,21
H199,2025-07,Competitor_B,6,18
H200,2025-07,Apexacare,10,45
H200,2025-07,Competitor_A,9,41
H200,2025-07,Competitor_B,9,40
H201,2025-07,Apexacare,1,7
H201,2025-07,Competitor_A,1,7
H201,2025-07,Competitor_B,3,6
H202,2025-07,Apexacare,6,22
H202,2025-07,Competitor_A,9,33
H202,2025-07,Competitor_B,8,25
H203,2025-07,Apexacare,18,69
H203,2025-07,Competitor_A,12,47
H203,2025-07,Competitor_B,12,38
H204,2025-07,Apexacare,11,50
H204,2025-07,Competitor_A,6,30
H204,2025-07,Competitor_B,7,28
H205,2025-07,Apexacare,13,51
H205,2025-07,Competitor_A,9,38
H205,2025-07,Competitor_B,9,31
H206,2025-07,Apexacare,13,64
H206,2025-07,Competitor_A,10,50
H206,2025-07,Competitor_B,8,40
H207,2025-07,Apexacare,8,31
H207,2025-07,Competitor_A,6,24
H207,2025-07,Competitor_B,7,21
H208,2025-07,Apexacare,8,36
H208,2025-07,Competitor_A,3,15
H208,2025-07,Competitor_B,4,15
H209,2025-07,Apexacare,17,69
H209,2025-07,Competitor_A,8,31
H209,2025-07,Competitor_B,7,26
H210,2025-07,Apexacare,5,19
H210,2025-07,Competitor_A,4,16
H210,2025-07,Competitor_B,5,16
H211,2025-07,Apexacare,16,56
H211,2025-07,Competitor_A,6,24
H211,2025-07,Competitor_B,7,22
H212,2025-07,Apexacare,11,42
H212,2025-07,Competitor_A,21,81
H212,2025-07,Competitor_B,22,77
H213,2025-07,Apexacare,5,26
H213,2025-07,Competitor_A,4,23
H213,2025-07,Competitor_B,5,19
H214,2025-07,Apexacare,6,29
H214,2025-07,Competitor_A,2,11
H214,2025-07,Competitor_B,3,11
H215,2025-07,Apexacare,6,30
H215,2025-07,Competitor_A,2,12
H215,2025-07,Competitor_B,4,12
H216,2025-07,Apexacare,13,52
H216,2025-07,Competitor_A,6,24
H216,2025-07,Competitor_B,5,20
H217,2025-07,Apexacare,6,23
H217,2025-07,Competitor_A,3,10
H217,2025-07,Competitor_B,4,11
H218,2025-07,Apexacare,15,61
H218,2025-07,Competitor_A,10,41
H218,2025-07,Competitor_B,8,33
H219,2025-07,Apexacare,10,52
H219,2025-07,Competitor_A,9,46
H219,2025-07,Competitor_B,8,38
H220,2025-07,Apexacare,2,11
H220,2025-07,Competitor_A,0,4
H220,2025-07,Competitor_B,2,6
H221,2025-07,Apexacare,8,32
H221,2025-07,Competitor_A,12,49
H221,2025-07,Competitor_B,12,45
H222,2025-07,Apexacare,9,49
H222,2025-07,Competitor_A,12,64
H222,2025-07,Competitor_B,11,47
H223,2025-07,Apexacare,18,77
H223,2025-07,Competitor_A,12,51
H223,2025-07,Competitor_B,12,52
H224,2025-07,Apexacare,7,24
H224,2025-07,Competitor_A,3,10
H224,2025-07,Competitor_B,3,10
H225,2025-07,Apexacare,14,50
H225,2025-07,Competitor_A,11,40
H225,2025-07,Competitor_B,10,29
H226,2025-07,Apexacare,5,24
H226,2025-07,Competitor_A,5,23
H226,2025-07,Competitor_B,6,19
H227,2025-07,Apexacare,10,50
H227,2025-07,Competitor_A,16,73
H227,2025-07,Competitor_B,15,66
H228,2025-07,Apexacare,8,30
H228,2025-07,Competitor_A,6,23
H228,2025-07,Competitor_B,5,19
H229,2025-07,Apexacare,7,27
H229,2025-07,Competitor_A,12,46
H229,2025-07,Competitor_B,9,32
H230,2025-07,Apexacare,10,50
H230,2025-07,Competitor_A,9,42
H230,2025-07,Competitor_B,8,34
H231,2025-07,Apexacare,11,38
H231,2025-07,Competitor_A,10,36
H231,2025-07,Competitor_B,8,26
H232,2025-07,Apexacare,11,45
H232,2025-07,Competitor_A,13,51
H232,2025-07,Competitor_B,13,44
H233,2025-07,Apexacare,9,45
H233,2025-07,Competitor_A,7,36
H233,2025-07,Competitor_B,6,27
H234,2025-07,Apexacare,15,66
H234,2025-07,Competitor_A,13,60
H234,2025-07,Competitor_B,11,44
H235,2025-07,Apexacare,15,57
H235,2025-07,Competitor_A,9,34
H235,2025-07,Competitor_B,9,29
H236,2025-07,Apexacare,7,28
H236,2025-07,Competitor_A,6,27
H236,2025-07,Competitor_B,6,21
H237,2025-07,Apexacare,7,32
H237,2025-07,Competitor_A,4,20
H237,2025-07,Competitor_B,5,20
H238,2025-07,Apexacare,4,19
H238,2025-07,Competitor_A,3,17
H238,2025-07,Competitor_B,4,15
H239,2025-07,Apexacare,15,54
H239,2025-07,Competitor_A,11,39
H239,2025-07,Competitor_B,10,33
H240,2025-07,Apexacare,2,8
H240,2025-07,Competitor_A,1,5
H240,2025-07,Competitor_B,2,7
H241,2025-07,Apexacare,7,34
H241,2025-07,Competitor_A,5,25
H241,2025-07,Competitor_B,5,21
H242,2025-07,Apexacare,3,12
H242,2025-07,Competitor_A,2,11
H242,2025-07,Competitor_B,4,13
H243,2025-07,Apexacare,6,23
H243,2025-07,Competitor_A,4,18
H243,2025-07,Competitor_B,6,19
H244,2025-07,Apexacare,7,32
H244,2025-07,Competitor_A,8,39
H244,2025-07,Competitor_B,9,34
H245,2025-07,Apexacare,3,17
H245,2025-07,Competitor_A,3,16
H245,2025-07,Competitor_B,4,12
H246,2025-07,Apexacare,10,37
H246,2025-07,Competitor_A,6,21
H246,2025-07,Competitor_B,6,18
H247,2025-07,Apexacare,7,30
H247,2025-07,Competitor_A,7,29
H247,2025-07,Competitor_B,8,25
H248,2025-07,Apexacare,5,25
H248,2025-07,Competitor_A,2,13
H248,2025-07,Competitor_B,4,13
H249,2025-07,Apexacare,11,54
H249,2025-07,Competitor_A,10,48
H249,2025-07,Competitor_B,8,34
H250,2025-07,Apexacare,7,27
H250,2025-07,Competitor_A,8,30
H250,2025-07,Competitor_B,8,27
H251,2025-07,Apexacare,16,58
H251,2025-07,Competitor_A,10,35
H251,2025-07,Competitor_B,10,33
H252,2025-07,Apexacare,16,74
H252,2025-07,Competitor_A,15,71
H252,2025-07,Competitor_B,12,53
H253,2025-07,Apexacare,8,38
H253,2025-07,Competitor_A,7,36
H253,2025-07,Competitor_B,7,28
H254,2025-07,Apexacare,2,8
H254,2025-07,Competitor_A,1,4
H254,2025-07,Competitor_B,1,4
H255,2025-07,Apexacare,9,35
H255,2025-07,Competitor_A,6,26
H255,2025-07,Competitor_B,7,24
H256,2025-07,Apexacare,3,14
H256,2025-07,Competitor_A,2,9
H256,2025-07,Competitor_B,3,9
H257,2025-07,Apexacare,7,34
H257,2025-07,Competitor_A,10,51
H257,2025-07,Competitor_B,12,51
H258,2025-07,Apexacare,21,77
H258,2025-07,Competitor_A,18,69
H258,2025-07,Competitor_B,18,64
H259,2025-07,Apexacare,8,40
H259,2025-07,Competitor_A,7,37
H259,2025-07,Competitor_B,9,35
H260,2025-07,Apexacare,0,4
H260,2025-07,Competitor_A,1,5
H260,2025-07,Competitor_B,2,6
H261,2025-07,Apexacare,9,39
H261,2025-07,Competitor_A,9,38
H261,2025-07,Competitor_B,8,31
H262,2025-07,Apexacare,5,20
H262,2025-07,Competitor_A,4,16
H262,2025-07,Competitor_B,4,15
H263,2025-07,Apexacare,6,29
H263,2025-07,Competitor_A,8,41
H263,2025-07,Competitor_B,10,42
H264,2025-07,Apexacare,4,15
H264,2025-07,Competitor_A,3,14
H264,2025-07,Competitor_B,4,13
H265,2025-07,Apexacare,10,47
H265,2025-07,Competitor_A,6,27
H265,2025-07,Competitor_B,7,26
H266,2025-07,Apexacare,13,49
H266,2025-07,Competitor_A,17,63
H266,2025-07,Competitor_B,14,50
H267,2025-07,Apexacare,7,34
H267,2025-07,Competitor_A,9,45
H267,2025-07,Competitor_B,7,33
H268,2025-07,Apexacare,24,92
H268,2025-07,Competitor_A,14,54
H268,2025-07,Competitor_B,15,52
H269,2025-07,Apexacare,8,42
H269,2025-07,Competitor_A,8,42
H269,2025-07,Competitor_B,7,30
H270,2025-07,Apexacare,8,32
H270,2025-07,Competitor_A,10,40
H270,2025-07,Competitor_B,7,28
H271,2025-07,Apexacare,15,64
H271,2025-07,Competitor_A,16,68
H271,2025-07,Competitor_B,13,48
H272,2025-07,Apexacare,13,48
H272,2025-07,Competitor_A,11,42
H272,2025-07,Competitor_B,13,42
H273,2025-07,Apexacare,8,39
H273,2025-07,Competitor_A,8,38
H273,2025-07,Competitor_B,6,28
H274,2025-07,Apexacare,9,34
H274,2025-07,Competitor_A,9,36
H274,2025-07,Competitor_B,8,25
H275,2025-07,Apexacare,10,40
H275,2025-07,Competitor_A,5,19
H275,2025-07,Competitor_B,4,16
H276,2025-07,Apexacare,12,57
H276,2025-07,Competitor_A,12,56
H276,2025-07,Competitor_B,9,41
H277,2025-07,Apexacare,4,18
H277,2025-07,Competitor_A,5,21
H277,2025-07,Competitor_B,6,21
H278,2025-07,Apexacare,8,42
H278,2025-07,Competitor_A,4,20
H278,2025-07,Competitor_B,4,14
H279,2025-07,Apexacare,10,45
H279,2025-07,Competitor_A,9,38
H279,2025-07,Competitor_B,8,31
H280,2025-07,Apexacare,15,71
H280,2025-07,Competitor_A,6,31
H280,2025-07,Competitor_B,7,31
H281,2025-07,Apexacare,9,33
H281,2025-07,Competitor_A,14,50
H281,2025-07,Competitor_B,12,36
H282,2025-07,Apexacare,0,4
H282,2025-07,Competitor_A,1,6
H282,2025-07,Competitor_B,2,5
H283,2025-07,Apexacare,4,22
H283,2025-07,Competitor_A,5,25
H283,2025-07,Competitor_B,5,21
H284,2025-07,Apexacare,2,9
H284,2025-07,Competitor_A,2,12
H284,2025-07,Competitor_B,3,11
H285,2025-07,Apexacare,8,33
H285,2025-07,Competitor_A,9,36
H285,2025-07,Competitor_B,11,36
H286,2025-07,Apexacare,15,54
H286,2025-07,Competitor_A,13,47
H286,2025-07,Competitor_B,13,43
H287,2025-07,Apexacare,8,30
H287,2025-07,Competitor_A,15,52
H287,2025-07,Competitor_B,11,37
H288,2025-07,Apexacare,11,44
H288,2025-07,Competitor_A,8,32
H288,2025-07,Competitor_B,8,26
H289,2025-07,Apexacare,9,41
H289,2025-07,Competitor_A,6,27
H289,2025-07,Competitor_B,6,22
H290,2025-07,Apexacare,7,29
H290,2025-07,Competitor_A,3,15
H290,2025-07,Competitor_B,4,13
H291,2025-07,Apexacare,7,29
H291,2025-07,Competitor_A,12,51
H291,2025-07,Competitor_B,10,40
H292,2025-07,Apexacare,4,17
H292,2025-07,Competitor_A,1,7
H292,2025-07,Competitor_B,3,8
H293,2025-07,Apexacare,17,70
H293,2025-07,Competitor_A,17,68
H293,2025-07,Competitor_B,16,60
H294,2025-07,Apexacare,19,69
H294,2025-07,Competitor_A,15,55
H294,2025-07,Competitor_B,13,44
H295,2025-07,Apexacare,3,15
H295,2025-07,Competitor_A,7,33
H295,2025-07,Competitor_B,7,28
H296,2025-07,Apexacare,15,69
H296,2025-07,Competitor_A,9,41
H296,2025-07,Competitor_B,8,37
H297,2025-07,Apexacare,4,16
H297,2025-07,Competitor_A,12,45
H297,2025-07,Competitor_B,12,41
H298,2025-07,Apexacare,18,67
H298,2025-07,Competitor_A,8,29
H298,2025-07,Competitor_B,8,30
H299,2025-07,Apexacare,16,57
H299,2025-07,Competitor_A,11,42
H299,2025-07,Competitor_B,10,33
H300,2025-07,Apexacare,5,25
H300,2025-07,Competitor_A,11,50
H300,2025-07,Competitor_B,13,51
H301,2025-07,Apexacare,5,20
H301,2025-07,Competitor_A,4,15
H301,2025-07,Competitor_B,4,13
H302,2025-07,Apexacare,12,43
H302,2025-07,Competitor_A,12,44
H302,2025-07,Competitor_B,12,39
H303,2025-07,Apexacare,16,66
H303,2025-07,Competitor_A,8,34
H303,2025-07,Competitor_B,8,28
H304,2025-07,Apexacare,14,58
H304,2025-07,Competitor_A,8,35
H304,2025-07,Competitor_B,9,35
H305,2025-07,Apexacare,10,50
H305,2025-07,Competitor_A,11,52
H305,2025-07,Competitor_B,10,42
H306,2025-07,Apexacare,15,57
H306,2025-07,Competitor_A,11,42
H306,2025-07,Competitor_B,11,34
H307,2025-07,Apexacare,13,64
H307,2025-07,Competitor_A,17,85
H307,2025-07,Competitor_B,13,61
H308,2025-07,Apexacare,1,7
H308,2025-07,Competitor_A,1,7
H308,2025-07,Competitor_B,2,7
H309,2025-07,Apexacare,10,49
H309,2025-07,Competitor_A,10,49
H309,2025-07,Competitor_B,7,35
H310,2025-07,Apexacare,7,34
H310,2025-07,Competitor_A,8,36
H310,2025-07,Competitor_B,7,26
H311,2025-07,Apexacare,10,54
H311,2025-07,Competitor_A,8,42
H311,2025-07,Competitor_B,8,36
H312,2025-07,Apexacare,8,44
H312,2025-07,Competitor_A,7,37
H312,2025-07,Competitor_B,7,29
H313,2025-07,Apexacare,2,14
H313,2025-07,Competitor_A,4,20
H313,2025-07,Competitor_B,4,14
H314,2025-07,Apexacare,22,77
H314,2025-07,Competitor_A,16,56
H314,2025-07,Competitor_B,15,47
H315,2025-07,Apexacare,11,47
H315,2025-07,Competitor_A,8,34
H315,2025-07,Competitor_B,8,31
H316,2025-07,Apexacare,8,37
H316,2025-07,Competitor_A,12,55
H316,2025-07,Competitor_B,11,43
H317,2025-07,Apexacare,14,59
H317,2025-07,Competitor_A,12,54
H317,2025-07,Competitor_B,12,49
H318,2025-07,Apexacare,7,27
H318,2025-07,Competitor_A,7,28
H318,2025-07,Competitor_B,6,20
H319,2025-07,Apexacare,12,44
H319,2025-07,Competitor_A,12,44
H319,2025-07,Competitor_B,11,40
H320,2025-07,Apexacare,1,7
H320,2025-07,Competitor_A,1,5
H320,2025-07,Competitor_B,2,7
H321,2025-07,Apexacare,15,80
H321,2025-07,Competitor_A,7,38
H321,2025-07,Competitor_B,7,29
H322,2025-07,Apexacare,16,67
H322,2025-07,Competitor_A,13,56
H322,2025-07,Competitor_B,13,47
H323,2025-07,Apexacare,2,8
H323,2025-07,Competitor_A,3,13
H323,2025-07,Competitor_B,3,11
H324,2025-07,Apexacare,13,64
H324,2025-07,Competitor_A,12,62
H324,2025-07,Competitor_B,12,54
H325,2025-07,Apexacare,17,62
H325,2025-07,Competitor_A,11,40
H325,2025-07,Competitor_B,10,31
H326,2025-07,Apexacare,0,3
H326,2025-07,Competitor_A,1,6
H326,2025-07,Competitor_B,2,6
H327,2025-07,Apexacare,5,20
H327,2025-07,Competitor_A,8,32
H327,2025-07,Competitor_B,7,24
H328,2025-07,Apexacare,4,17
H328,2025-07,Competitor_A,4,17
H328,2025-07,Competitor_B,6,17
H329,2025-07,Apexacare,15,52
H329,2025-07,Competitor_A,13,46
H329,2025-07,Competitor_B,10,34
H330,2025-07,Apexacare,2,11
H330,2025-07,Competitor_A,4,18
H330,2025-07,Competitor_B,6,19
H331,2025-07,Apexacare,21,91
H331,2025-07,Competitor_A,11,47
H331,2025-07,Competitor_B,8,33
H332,2025-07,Apexacare,7,28
H332,2025-07,Competitor_A,7,27
H332,2025-07,Competitor_B,7,21
H333,2025-07,Apexacare,5,24
H333,2025-07,Competitor_A,5,24
H333,2025-07,Competitor_B,6,18
H334,2025-07,Apexacare,6,20
H334,2025-07,Competitor_A,8,27
H334,2025-07,Competitor_B,6,21
H335,2025-07,Apexacare,1,7
H335,2025-07,Competitor_A,1,5
H335,2025-07,Competitor_B,2,4
H336,2025-07,Apexacare,8,39
H336,2025-07,Competitor_A,8,37
H336,2025-07,Competitor_B,7,29
H337,2025-07,Apexacare,12,46
H337,2025-07,Competitor_A,10,39
H337,2025-07,Competitor_B,12,41
H338,2025-07,Apexacare,16,58
H338,2025-07,Competitor_A,15,55
H338,2025-07,Competitor_B,13,41
H339,2025-07,Apexacare,8,30
H339,2025-07,Competitor_A,12,43
H339,2025-07,Competitor_B,11,35
H340,2025-07,Apexacare,14,62
H340,2025-07,Competitor_A,9,40
H340,2025-07,Competitor_B,8,34
H341,2025-07,Apexacare,11,40
H341,2025-07,Competitor_A,4,17
H341,2025-07,Competitor_B,6,18
H342,2025-07,Apexacare,7,33
H342,2025-07,Competitor_A,5,23
H342,2025-07,Competitor_B,6,20
H343,2025-07,Apexacare,10,40
H343,2025-07,Competitor_A,12,50
H343,2025-07,Competitor_B,12,43
H344,2025-07,Apexacare,3,10
H344,2025-07,Competitor_A,8,29
H344,2025-07,Competitor_B,8,25
H345,2025-07,Apexacare,8,41
H345,2025-07,Competitor_A,7,37
H345,2025-07,Competitor_B,6,27
H346,2025-07,Apexacare,9,36
H346,2025-07,Competitor_A,11,46
H346,2025-07,Competitor_B,12,44
H347,2025-07,Apexacare,8,30
H347,2025-07,Competitor_A,16,54
H347,2025-07,Competitor_B,16,52
H348,2025-07,Apexacare,15,68
H348,2025-07,Competitor_A,6,29
H348,2025-07,Competitor_B,7,29
H349,2025-07,Apexacare,13,55
H349,2025-07,Competitor_A,16,69
H349,2025-07,Competitor_B,14,56
H350,2025-07,Apexacare,20,77
H350,2025-07,Competitor_A,14,53
H350,2025-07,Competitor_B,13,46
H351,2025-07,Apexacare,7,33
H351,2025-07,Competitor_A,6,30
H351,2025-07,Competitor_B,6,27
H352,2025-07,Apexacare,10,41
H352,2025-07,Competitor_A,11,46
H352,2025-07,Competitor_B,8,32
H353,2025-07,Apexacare,14,53
H353,2025-07,Competitor_A,14,52
H353,2025-07,Competitor_B,11,42
H354,2025-07,Apexacare,12,55
H354,2025-07,Competitor_A,11,51
H354,2025-07,Competitor_B,9,41
H355,2025-07,Apexacare,4,21
H355,2025-07,Competitor_A,8,41
H355,2025-07,Competitor_B,9,43
H356,2025-07,Apexacare,8,39
H356,2025-07,Competitor_A,6,28
H356,2025-07,Competitor_B,7,29
H357,2025-07,Apexacare,12,44
H357,2025-07,Competitor_A,12,43
H357,2025-07,Competitor_B,10,33
H358,2025-07,Apexacare,7,40
H358,2025-07,Competitor_A,3,19
H358,2025-07,Competitor_B,5,17
H359,2025-07,Apexacare,4,22
H359,2025-07,Competitor_A,4,19
H359,2025-07,Competitor_B,5,19
H360,2025-07,Apexacare,15,58
H360,2025-07,Competitor_A,6,25
H360,2025-07,Competitor_B,8,25
H361,2025-07,Apexacare,7,30
H361,2025-07,Competitor_A,12,50
H361,2025-07,Competitor_B,11,40
H362,2025-07,Apexacare,18,66
H362,2025-07,Competitor_A,15,56
H362,2025-07,Competitor_B,16,54
H363,2025-07,Apexacare,20,75
H363,2025-07,Competitor_A,14,54
H363,2025-07,Competitor_B,14,47
H364,2025-07,Apexacare,13,56
H364,2025-07,Competitor_A,9,42
H364,2025-07,Competitor_B,8,30
H365,2025-07,Apexacare,6,31
H365,2025-07,Competitor_A,6,29
H365,2025-07,Competitor_B,7,25
H366,2025-07,Apexacare,3,12
H366,2025-07,Competitor_A,4,16
H366,2025-07,Competitor_B,5,16
H367,2025-07,Apexacare,4,24
H367,2025-07,Competitor_A,4,23
H367,2025-07,Competitor_B,5,21
H368,2025-07,Apexacare,7,39
H368,2025-07,Competitor_A,9,46
H368,2025-07,Competitor_B,8,34
H369,2025-07,Apexacare,12,59
H369,2025-07,Competitor_A,8,38
H369,2025-07,Competitor_B,9,39
H370,2025-07,Apexacare,3,12
H370,2025-07,Competitor_A,3,12
H370,2025-07,Competitor_B,4,10
H371,2025-07,Apexacare,5,27
H371,2025-07,Competitor_A,6,29
H371,2025-07,Competitor_B,6,28
H372,2025-07,Apexacare,13,48
H372,2025-07,Competitor_A,6,21
H372,2025-07,Competitor_B,6,21
H373,2025-07,Apexacare,7,27
H373,2025-07,Competitor_A,7,25
H373,2025-07,Competitor_B,8,24
H374,2025-07,Apexacare,10,50
H374,2025-07,Competitor_A,6,32
H374,2025-07,Competitor_B,7,30
H375,2025-07,Apexacare,11,51
H375,2025-07,Competitor_A,6,31
H375,2025-07,Competitor_B,7,30
H376,2025-07,Apexacare,11,46
H376,2025-07,Competitor_A,11,47
H376,2025-07,Competitor_B,9,33
H377,2025-07,Apexacare,10,36
H377,2025-07,Competitor_A,10,36
H377,2025-07,Competitor_B,8,28
H378,2025-07,Apexacare,12,50
H378,2025-07,Competitor_A,11,48
H378,2025-07,Competitor_B,11,42
H379,2025-07,Apexacare,4,16
H379,2025-07,Competitor_A,9,36
H379,2025-07,Competitor_B,7,28
H380,2025-07,Apexacare,5,20
H380,2025-07,Competitor_A,3,14
H380,2025-07,Competitor_B,5,14
H381,2025-07,Apexacare,8,30
H381,2025-07,Competitor_A,7,27
H381,2025-07,Competitor_B,7,23
H382,2025-07,Apexacare,1,9
H382,2025-07,Competitor_A,2,10
H382,2025-07,Competitor_B,3,11
H383,2025-07,Apexacare,4,17
H383,2025-07,Competitor_A,6,23
H383,2025-07,Competitor_B,6,17
H384,2025-07,Apexacare,11,51
H384,2025-07,Competitor_A,8,39
H384,2025-07,Competitor_B,8,36
H385,2025-07,Apexacare,10,40
H385,2025-07,Competitor_A,16,63
H385,2025-07,Competitor_B,16,59
H386,2025-07,Apexacare,11,55
H386,2025-07,Competitor_A,11,57
H386,2025-07,Competitor_B,9,40
H387,2025-07,Apexacare,13,59
H387,2025-07,Competitor_A,5,26
H387,2025-07,Competitor_B,6,25
H388,2025-07,Apexacare,16,65
H388,2025-07,Competitor_A,6,25
H388,2025-07,Competitor_B,7,24
H389,2025-07,Apexacare,12,41
H389,2025-07,Competitor_A,18,63
H389,2025-07,Competitor_B,14,46
H390,2025-07,Apexacare,16,58
H390,2025-07,Competitor_A,7,27
H390,2025-07,Competitor_B,8,25
H391,2025-07,Apexacare,10,44
H391,2025-07,Competitor_A,12,56
H391,2025-07,Competitor_B,12,50
H392,2025-07,Apexacare,4,16
H392,2025-07,Competitor_A,3,15
H392,2025-07,Competitor_B,4,13
H393,2025-07,Apexacare,10,35
H393,2025-07,Competitor_A,13,48
H393,2025-07,Competitor_B,15,49
H394,2025-07,Apexacare,7,28
H394,2025-07,Competitor_A,9,36
H394,2025-07,Competitor_B,9,36
H395,2025-07,Apexacare,22,77
H395,2025-07,Competitor_A,15,54
H395,2025-07,Competitor_B,12,39
H396,2025-07,Apexacare,13,52
H396,2025-07,Competitor_A,11,43
H396,2025-07,Competitor_B,12,41
H397,2025-07,Apexacare,9,41
H397,2025-07,Competitor_A,5,23
H397,2025-07,Competitor_B,6,24
H398,2025-07,Apexacare,19,84
H398,2025-07,Competitor_A,16,68
H398,2025-07,Competitor_B,17,68
H399,2025-07,Apexacare,8,44
H399,2025-07,Competitor_A,5,26
H399,2025-07,Competitor_B,6,25
H400,2025-07,Apexacare,7,39
H400,2025-07,Competitor_A,9,47
H400,2025-07,Competitor_B,10,42
H401,2025-07,Apexacare,13,67
H401,2025-07,Competitor_A,7,36
H401,2025-07,Competitor_B,8,33
H402,2025-07,Apexacare,8,30
H402,2025-07,Competitor_A,19,68
H402,2025-07,Competitor_B,16,56
H403,2025-07,Apexacare,6,24
H403,2025-07,Competitor_A,8,29
H403,2025-07,Competitor_B,9,31
H404,2025-07,Apexacare,12,63
H404,2025-07,Competitor_A,10,54
H404,2025-07,Competitor_B,11,51
H405,2025-07,Apexacare,3,17
H405,2025-07,Competitor_A,6,29
H405,2025-07,Competitor_B,7,30
H406,2025-07,Apexacare,16,67
H406,2025-07,Competitor_A,20,86
H406,2025-07,Competitor_B,17,67
H407,2025-07,Apexacare,11,43
H407,2025-07,Competitor_A,15,58
H407,2025-07,Competitor_B,15,59
H408,2025-07,Apexacare,15,62
H408,2025-07,Competitor_A,10,45
H408,2025-07,Competitor_B,10,37
H409,2025-07,Apexacare,15,58
H409,2025-07,Competitor_A,6,25
H409,2025-07,Competitor_B,7,22
H410,2025-07,Apexacare,7,28
H410,2025-07,Competitor_A,11,42
H410,2025-07,Competitor_B,11,35
H411,2025-07,Apexacare,6,24
H411,2025-07,Competitor_A,2,11
H411,2025-07,Competitor_B,3,9
H412,2025-07,Apexacare,11,47
H412,2025-07,Competitor_A,10,42
H412,2025-07,Competitor_B,10,37
H413,2025-07,Apexacare,5,25
H413,2025-07,Competitor_A,8,40
H413,2025-07,Competitor_B,9,37
H414,2025-07,Apexacare,10,38
H414,2025-07,Competitor_A,9,32
H414,2025-07,Competitor_B,9,32
H415,2025-07,Apexacare,11,54
H415,2025-07,Competitor_A,4,22
H415,2025-07,Competitor_B,5,20
H416,2025-07,Apexacare,1,6
H416,2025-07,Competitor_A,1,5
H416,2025-07,Competitor_B,1,5
H417,2025-07,Apexacare,19,67
H417,2025-07,Competitor_A,17,62
H417,2025-07,Competitor_B,18,60
H418,2025-07,Apexacare,7,35
H418,2025-07,Competitor_A,7,33
H418,2025-07,Competitor_B,6,28
H419,2025-07,Apexacare,4,15
H419,2025-07,Competitor_A,3,11
H419,2025-07,Competitor_B,3,12
H420,2025-07,Apexacare,9,35
H420,2025-07,Competitor_A,7,26
H420,2025-07,Competitor_B,6,19
H421,2025-07,Apexacare,8,33
H421,2025-07,Competitor_A,11,43
H421,2025-07,Competitor_B,10,32
H422,2025-07,Apexacare,3,15
H422,2025-07,Competitor_A,3,13
H422,2025-07,Competitor_B,4,12
H423,2025-07,Apexacare,14,53
H423,2025-07,Competitor_A,8,30
H423,2025-07,Competitor_B,9,29
H424,2025-07,Apexacare,13,50
H424,2025-07,Competitor_A,10,40
H424,2025-07,Competitor_B,9,29
H425,2025-07,Apexacare,11,40
H425,2025-07,Competitor_A,10,38
H425,2025-07,Competitor_B,8,27
H426,2025-07,Apexacare,15,66
H426,2025-07,Competitor_A,10,45
H426,2025-07,Competitor_B,10,43
H427,2025-07,Apexacare,14,50
H427,2025-07,Competitor_A,9,33
H427,2025-07,Competitor_B,10,31
H428,2025-07,Apexacare,10,49
H428,2025-07,Competitor_A,11,52
H428,2025-07,Competitor_B,11,43
H429,2025-07,Apexacare,15,73
H429,2025-07,Competitor_A,8,39
H429,2025-07,Competitor_B,6,28
H430,2025-07,Apexacare,10,38
H430,2025-07,Competitor_A,12,46
H430,2025-07,Competitor_B,10,36
H431,2025-07,Apexacare,11,39
H431,2025-07,Competitor_A,8,28
H431,2025-07,Competitor_B,8,29
H432,2025-07,Apexacare,9,37
H432,2025-07,Competitor_A,10,40
H432,2025-07,Competitor_B,8,28
H433,2025-07,Apexacare,8,27
H433,2025-07,Competitor_A,7,23
H433,2025-07,Competitor_B,7,25
H434,2025-07,Apexacare,8,28
H434,2025-07,Competitor_A,8,28
H434,2025-07,Competitor_B,7,24
H435,2025-07,Apexacare,6,31
H435,2025-07,Competitor_A,4,23
H435,2025-07,Competitor_B,5,22
H436,2025-07,Apexacare,9,46
H436,2025-07,Competitor_A,7,38
H436,2025-07,Competitor_B,8,35
H437,2025-07,Apexacare,22,77
H437,2025-07,Competitor_A,9,34
H437,2025-07,Competitor_B,8,25
H438,2025-07,Apexacare,5,18
H438,2025-07,Competitor_A,3,11
H438,2025-07,Competitor_B,3,11
H439,2025-07,Apexacare,14,51
H439,2025-07,Competitor_A,17,59
H439,2025-07,Competitor_B,13,42
H440,2025-07,Apexacare,11,42
H440,2025-07,Competitor_A,8,31
H440,2025-07,Competitor_B,10,32
H441,2025-07,Apexacare,6,27
H441,2025-07,Competitor_A,9,41
H441,2025-07,Competitor_B,10,42
H442,2025-07,Apexacare,9,40
H442,2025-07,Competitor_A,4,20
H442,2025-07,Competitor_B,6,20
H443,2025-07,Apexacare,9,45
H443,2025-07,Competitor_A,9,44
H443,2025-07,Competitor_B,7,31
H444,2025-07,Apexacare,12,47
H444,2025-07,Competitor_A,14,53
H444,2025-07,Competitor_B,14,52
H445,2025-07,Apexacare,10,37
H445,2025-07,Competitor_A,9,35
H445,2025-07,Competitor_B,9,33
H446,2025-07,Apexacare,10,44
H446,2025-07,Competitor_A,14,61
H446,2025-07,Competitor_B,12,49
H447,2025-07,Apexacare,11,45
H447,2025-07,Competitor_A,10,39
H447,2025-07,Competitor_B,10,35
H448,2025-07,Apexacare,6,22
H448,2025-07,Competitor_A,3,11
H448,2025-07,Competitor_B,3,11
H449,2025-07,Apexacare,6,24
H449,2025-07,Competitor_A,11,38
H449,2025-07,Competitor_B,12,38
H450,2025-07,Apexacare,9,44
H450,2025-07,Competitor_A,9,45
H450,2025-07,Competitor_B,9,37
H451,2025-07,Apexacare,8,36
H451,2025-07,Competitor_A,11,48
H451,2025-07,Competitor_B,9,36
H452,2025-07,Apexacare,10,38
H452,2025-07,Competitor_A,13,47
H452,2025-07,Competitor_B,11,35
H453,2025-07,Apexacare,7,26
H453,2025-07,Competitor_A,10,35
H453,2025-07,Competitor_B,9,29
H454,2025-07,Apexacare,6,32
H454,2025-07,Competitor_A,7,37
H454,2025-07,Competitor_B,9,36
H455,2025-07,Apexacare,0,4
H455,2025-07,Competitor_A,1,8
H455,2025-07,Competitor_B,3,8
H456,2025-07,Apexacare,11,47
H456,2025-07,Competitor_A,15,64
H456,2025-07,Competitor_B,14,57
H457,2025-07,Apexacare,3,17
H457,2025-07,Competitor_A,7,37
H457,2025-07,Competitor_B,7,31
H458,2025-07,Apexacare,7,26
H458,2025-07,Competitor_A,6,21
H458,2025-07,Competitor_B,6,19
H459,2025-07,Apexacare,2,8
H459,2025-07,Competitor_A,3,13
H459,2025-07,Competitor_B,3,13
H460,2025-07,Apexacare,10,45
H460,2025-07,Competitor_A,17,72
H460,2025-07,Competitor_B,16,63
H461,2025-07,Apexacare,18,66
H461,2025-07,Competitor_A,9,32
H461,2025-07,Competitor_B,8,28
H462,2025-07,Apexacare,8,40
H462,2025-07,Competitor_A,6,28
H462,2025-07,Competitor_B,6,22
H463,2025-07,Apexacare,9,41
H463,2025-07,Competitor_A,5,21
H463,2025-07,Competitor_B,5,18
H464,2025-07,Apexacare,12,57
H464,2025-07,Competitor_A,18,83
H464,2025-07,Competitor_B,14,58
H465,2025-07,Apexacare,19,70
H465,2025-07,Competitor_A,18,65
H465,2025-07,Competitor_B,18,63
H466,2025-07,Apexacare,13,65
H466,2025-07,Competitor_A,6,32
H466,2025-07,Competitor_B,6,23
H467,2025-07,Apexacare,4,20
H467,2025-07,Competitor_A,2,10
H467,2025-07,Competitor_B,2,8
H468,2025-07,Apexacare,11,57
H468,2025-07,Competitor_A,7,36
H468,2025-07,Competitor_B,7,33
H469,2025-07,Apexacare,7,39
H469,2025-07,Competitor_A,7,39
H469,2025-07,Competitor_B,8,32
H470,2025-07,Apexacare,2,9
H470,2025-07,Competitor_A,5,18
H470,2025-07,Competitor_B,5,15
H471,2025-07,Apexacare,7,29
H471,2025-07,Competitor_A,9,34
H471,2025-07,Competitor_B,7,25
H472,2025-07,Apexacare,7,31
H472,2025-07,Competitor_A,7,32
H472,2025-07,Competitor_B,7,27
H473,2025-07,Apexacare,1,7
H473,2025-07,Competitor_A,1,7
H473,2025-07,Competitor_B,3,8
H474,2025-07,Apexacare,14,64
H474,2025-07,Competitor_A,11,52
H474,2025-07,Competitor_B,10,38
H475,2025-07,Apexacare,10,52
H475,2025-07,Competitor_A,6,32
H475,2025-07,Competitor_B,6,26
H476,2025-07,Apexacare,6,25
H476,2025-07,Competitor_A,3,13
H476,2025-07,Competitor_B,3,10
H477,2025-07,Apexacare,6,29
H477,2025-07,Competitor_A,6,29
H477,2025-07,Competitor_B,7,27
H478,2025-07,Apexacare,15,73
H478,2025-07,Competitor_A,11,53
H478,2025-07,Competitor_B,9,42
H479,2025-07,Apexacare,10,46
H479,2025-07,Competitor_A,7,34
H479,2025-07,Competitor_B,8,30
H480,2025-07,Apexacare,7,34
H480,2025-07,Competitor_A,6,33
H480,2025-07,Competitor_B,7,29
H481,2025-07,Apexacare,13,56
H481,2025-07,Competitor_A,11,47
H481,2025-07,Competitor_B,11,41
H482,2025-07,Apexacare,20,94
H482,2025-07,Competitor_A,9,44
H482,2025-07,Competitor_B,9,42
H483,2025-07,Apexacare,1,7
H483,2025-07,Competitor_A,1,5
H483,2025-07,Competitor_B,2,5
H484,2025-07,Apexacare,8,40
H484,2025-07,Competitor_A,12,59
H484,2025-07,Competitor_B,11,48
H485,2025-07,Apexacare,7,38
H485,2025-07,Competitor_A,11,54
H485,2025-07,Competitor_B,11,48
H486,2025-07,Apexacare,1,8
H486,2025-07,Competitor_A,2,14
H486,2025-07,Competitor_B,3,12
H487,2025-07,Apexacare,9,34
H487,2025-07,Competitor_A,10,34
H487,2025-07,Competitor_B,10,32
H488,2025-07,Apexacare,8,32
H488,2025-07,Competitor_A,11,44
H488,2025-07,Competitor_B,9,36
H489,2025-07,Apexacare,12,42
H489,2025-07,Competitor_A,19,67
H489,2025-07,Competitor_B,16,53
H490,2025-07,Apexacare,12,52
H490,2025-07,Competitor_A,13,56
H490,2025-07,Competitor_B,12,52
H491,2025-07,Apexacare,17,65
H491,2025-07,Competitor_A,11,44
H491,2025-07,Competitor_B,11,38
H492,2025-07,Apexacare,4,16
H492,2025-07,Competitor_A,11,38
H492,2025-07,Competitor_B,10,31
H493,2025-07,Apexacare,8,30
H493,2025-07,Competitor_A,7,27
H493,2025-07,Competitor_B,7,23
H494,2025-07,Apexacare,2,10
H494,2025-07,Competitor_A,5,26
H494,2025-07,Competitor_B,5,21
H495,2025-07,Apexacare,1,7
H495,2025-07,Competitor_A,3,15
H495,2025-07,Competitor_B,4,14
H496,2025-07,Apexacare,5,26
H496,2025-07,Competitor_A,14,67
H496,2025-07,Competitor_B,12,51
H497,2025-07,Apexacare,19,65
H497,2025-07,Competitor_A,17,58
H497,2025-07,Competitor_B,14,47
H498,2025-07,Apexacare,3,13
H498,2025-07,Competitor_A,5,24
H498,2025-07,Competitor_B,5,20
H499,2025-07,Apexacare,6,23
H499,2025-07,Competitor_A,5,20
H499,2025-07,Competitor_B,6,21
H500,2025-07,Apexacare,3,15
H500,2025-07,Competitor_A,5,24
H500,2025-07,Competitor_B,5,21
H501,2025-07,Apexacare,3,11
H501,2025-07,Competitor_A,4,16
H501,2025-07,Competitor_B,4,13
H502,2025-07,Apexacare,6,25
H502,2025-07,Competitor_A,16,64
H502,2025-07,Competitor_B,16,58
H503,2025-07,Apexacare,8,40
H503,2025-07,Competitor_A,8,37
H503,2025-07,Competitor_B,9,37
H504,2025-07,Apexacare,4,18
H504,2025-07,Competitor_A,12,49
H504,2025-07,Competitor_B,13,45
H505,2025-07,Apexacare,9,30
H505,2025-07,Competitor_A,15,53
H505,2025-07,Competitor_B,15,50
H506,2025-07,Apexacare,5,27
H506,2025-07,Competitor_A,9,45
H506,2025-07,Competitor_B,7,33
H507,2025-07,Apexacare,3,17
H507,2025-07,Competitor_A,8,39
H507,2025-07,Competitor_B,9,34
H508,2025-07,Apexacare,7,28
H508,2025-07,Competitor_A,13,53
H508,2025-07,Competitor_B,11,39
H509,2025-07,Apexacare,13,44
H509,2025-07,Competitor_A,21,72
H509,2025-07,Competitor_B,15,52
H510,2025-07,Apexacare,3,15
H510,2025-07,Competitor_A,11,45
H510,2025-07,Competitor_B,12,45
H511,2025-07,Apexacare,10,41
H511,2025-07,Competitor_A,9,39
H511,2025-07,Competitor_B,8,28
H512,2025-07,Apexacare,17,70
H512,2025-07,Competitor_A,10,42
H512,2025-07,Competitor_B,8,32
H513,2025-07,Apexacare,14,57
H513,2025-07,Competitor_A,17,70
H513,2025-07,Competitor_B,14,53
H514,2025-07,Apexacare,7,33
H514,2025-07,Competitor_A,8,40
H514,2025-07,Competitor_B,9,39
H515,2025-07,Apexacare,5,26
H515,2025-07,Competitor_A,9,44
H515,2025-07,Competitor_B,7,32
H516,2025-07,Apexacare,3,14
H516,2025-07,Competitor_A,19,89
H516,2025-07,Competitor_B,15,65
H517,2025-07,Apexacare,9,32
H517,2025-07,Competitor_A,10,37
H517,2025-07,Competitor_B,10,33
H518,2025-07,Apexacare,9,48
H518,2025-07,Competitor_A,12,59
H518,2025-07,Competitor_B,11,47
H519,2025-07,Apexacare,8,32
H519,2025-07,Competitor_A,11,43
H519,2025-07,Competitor_B,13,45
H520,2025-07,Apexacare,4,15
H520,2025-07,Competitor_A,4,16
H520,2025-07,Competitor_B,4,13
H521,2025-07,Apexacare,17,58
H521,2025-07,Competitor_A,12,43
H521,2025-07,Competitor_B,13,43
H522,2025-07,Apexacare,12,48
H522,2025-07,Competitor_A,11,41
H522,2025-07,Competitor_B,11,37
H523,2025-07,Apexacare,2,10
H523,2025-07,Competitor_A,4,18
H523,2025-07,Competitor_B,5,17
H524,2025-07,Apexacare,9,45
H524,2025-07,Competitor_A,6,32
H524,2025-07,Competitor_B,7,31
H525,2025-07,Apexacare,7,24
H525,2025-07,Competitor_A,11,41
H525,2025-07,Competitor_B,12,40
H526,2025-07,Apexacare,12,44
H526,2025-07,Competitor_A,13,48
H526,2025-07,Competitor_B,13,43
H527,2025-07,Apexacare,9,41
H527,2025-07,Competitor_A,9,41
H527,2025-07,Competitor_B,10,38
H528,2025-07,Apexacare,3,10
H528,2025-07,Competitor_A,5,17
H528,2025-07,Competitor_B,4,15
H529,2025-07,Apexacare,3,19
H529,2025-07,Competitor_A,5,29
H529,2025-07,Competitor_B,7,27
H530,2025-07,Apexacare,9,39
H530,2025-07,Competitor_A,8,34
H530,2025-07,Competitor_B,9,35
H531,2025-07,Apexacare,2,10
H531,2025-07,Competitor_A,8,33
H531,2025-07,Competitor_B,8,25
H532,2025-07,Apexacare,7,29
H532,2025-07,Competitor_A,24,90
H532,2025-07,Competitor_B,18,61
H533,2025-07,Apexacare,4,19
H533,2025-07,Competitor_A,5,26
H533,2025-07,Competitor_B,5,18
H534,2025-07,Apexacare,16,70
H534,2025-07,Competitor_A,10,43
H534,2025-07,Competitor_B,8,34
H535,2025-07,Apexacare,5,29
H535,2025-07,Competitor_A,6,33
H535,2025-07,Competitor_B,8,33
H536,2025-07,Apexacare,5,18
H536,2025-07,Competitor_A,18,65
H536,2025-07,Competitor_B,18,64
H537,2025-07,Apexacare,10,52
H537,2025-07,Competitor_A,8,42
H537,2025-07,Competitor_B,7,32
H538,2025-07,Apexacare,9,34
H538,2025-07,Competitor_A,9,34
H538,2025-07,Competitor_B,10,34
H539,2025-07,Apexacare,5,22
H539,2025-07,Competitor_A,10,40
H539,2025-07,Competitor_B,11,38
H540,2025-07,Apexacare,14,63
H540,2025-07,Competitor_A,11,48
H540,2025-07,Competitor_B,11,43
H541,2025-07,Apexacare,10,43
H541,2025-07,Competitor_A,10,43
H541,2025-07,Competitor_B,9,33
H542,2025-07,Apexacare,1,4
H542,2025-07,Competitor_A,2,8
H542,2025-07,Competitor_B,2,6
H543,2025-07,Apexacare,9,37
H543,2025-07,Competitor_A,15,64
H543,2025-07,Competitor_B,15,59
H544,2025-07,Apexacare,6,29
H544,2025-07,Competitor_A,10,47
H544,2025-07,Competitor_B,11,44
H545,2025-07,Apexacare,11,47
H545,2025-07,Competitor_A,14,61
H545,2025-07,Competitor_B,10,42
H546,2025-07,Apexacare,6,30
H546,2025-07,Competitor_A,3,19
H546,2025-07,Competitor_B,4,15
H547,2025-07,Apexacare,6,25
H547,2025-07,Competitor_A,13,50
H547,2025-07,Competitor_B,13,45
H548,2025-07,Apexacare,5,17
H548,2025-07,Competitor_A,18,65
H548,2025-07,Competitor_B,16,54
H549,2025-07,Apexacare,9,38
H549,2025-07,Competitor_A,15,60
H549,2025-07,Competitor_B,11,42
H550,2025-07,Apexacare,10,41
H550,2025-07,Competitor_A,16,62
H550,2025-07,Competitor_B,14,51
H551,2025-07,Apexacare,2,12
H551,2025-07,Competitor_A,6,31
H551,2025-07,Competitor_B,6,23
H552,2025-07,Apexacare,11,60
H552,2025-07,Competitor_A,9,48
H552,2025-07,Competitor_B,9,39
H553,2025-07,Apexacare,6,25
H553,2025-07,Competitor_A,17,69
H553,2025-07,Competitor_B,17,68
H554,2025-07,Apexacare,0,3
H554,2025-07,Competitor_A,1,8
H554,2025-07,Competitor_B,3,8
H555,2025-07,Apexacare,6,23
H555,2025-07,Competitor_A,11,43
H555,2025-07,Competitor_B,10,39
H556,2025-07,Apexacare,8,42
H556,2025-07,Competitor_A,10,51
H556,2025-07,Competitor_B,8,40
H557,2025-07,Apexacare,7,28
H557,2025-07,Competitor_A,12,53
H557,2025-07,Competitor_B,12,47
H558,2025-07,Apexacare,4,21
H558,2025-07,Competitor_A,9,42
H558,2025-07,Competitor_B,10,42
H559,2025-07,Apexacare,7,38
H559,2025-07,Competitor_A,10,48
H559,2025-07,Competitor_B,8,34
H560,2025-07,Apexacare,4,20
H560,2025-07,Competitor_A,5,28
H560,2025-07,Competitor_B,6,27
H561,2025-07,Apexacare,10,46
H561,2025-07,Competitor_A,16,74
H561,2025-07,Competitor_B,13,50
H562,2025-07,Apexacare,4,21
H562,2025-07,Competitor_A,4,19
H562,2025-07,Competitor_B,5,20
H563,2025-07,Apexacare,8,32
H563,2025-07,Competitor_A,12,45
H563,2025-07,Competitor_B,13,43
H564,2025-07,Apexacare,7,35
H564,2025-07,Competitor_A,12,61
H564,2025-07,Competitor_B,11,48
H565,2025-07,Apexacare,2,10
H565,2025-07,Competitor_A,5,21
H565,2025-07,Competitor_B,7,20
H566,2025-07,Apexacare,6,30
H566,2025-07,Competitor_A,10,47
H566,2025-07,Competitor_B,10,42
H567,2025-07,Apexacare,3,18
H567,2025-07,Competitor_A,10,50
H567,2025-07,Competitor_B,11,46
H568,2025-07,Apexacare,11,51
H568,2025-07,Competitor_A,10,44
H568,2025-07,Competitor_B,10,41
H569,2025-07,Apexacare,1,8
H569,2025-07,Competitor_A,6,30
H569,2025-07,Competitor_B,6,26
H570,2025-07,Apexacare,3,16
H570,2025-07,Competitor_A,8,34
H570,2025-07,Competitor_B,8,30
H571,2025-07,Apexacare,2,11
H571,2025-07,Competitor_A,5,25
H571,2025-07,Competitor_B,7,27
H572,2025-07,Apexacare,16,65
H572,2025-07,Competitor_A,16,64
H572,2025-07,Competitor_B,16,60
H573,2025-07,Apexacare,9,34
H573,2025-07,Competitor_A,17,64
H573,2025-07,Competitor_B,14,46
H574,2025-07,Apexacare,4,18
H574,2025-07,Competitor_A,10,45
H574,2025-07,Competitor_B,9,37
H575,2025-07,Apexacare,5,21
H575,2025-07,Competitor_A,8,32
H575,2025-07,Competitor_B,10,32
H576,2025-07,Apexacare,3,15
H576,2025-07,Competitor_A,3,16
H576,2025-07,Competitor_B,3,13
H577,2025-07,Apexacare,7,34
H577,2025-07,Competitor_A,7,30
H577,2025-07,Competitor_B,8,31
H578,2025-07,Apexacare,10,48
H578,2025-07,Competitor_A,9,40
H578,2025-07,Competitor_B,8,31
H579,2025-07,Apexacare,3,11
H579,2025-07,Competitor_A,4,18
H579,2025-07,Competitor_B,6,19
H580,2025-07,Apexacare,15,60
H580,2025-07,Competitor_A,13,53
H580,2025-07,Competitor_B,11,40
H581,2025-07,Apexacare,11,42
H581,2025-07,Competitor_A,14,52
H581,2025-07,Competitor_B,14,50
H582,2025-07,Apexacare,5,18
H582,2025-07,Competitor_A,11,40
H582,2025-07,Competitor_B,9,32
H583,2025-07,Apexacare,5,23
H583,2025-07,Competitor_A,15,66
H583,2025-07,Competitor_B,12,46
H584,2025-07,Apexacare,8,28
H584,2025-07,Competitor_A,4,16
H584,2025-07,Competitor_B,5,16
H585,2025-07,Apexacare,26,88
H585,2025-07,Competitor_A,19,64
H585,2025-07,Competitor_B,14,46
H586,2025-07,Apexacare,3,13
H586,2025-07,Competitor_A,12,51
H586,2025-07,Competitor_B,11,44
H587,2025-07,Apexacare,6,23
H587,2025-07,Competitor_A,9,33
H587,2025-07,Competitor_B,8,24
H588,2025-07,Apexacare,10,36
H588,2025-07,Competitor_A,6,22
H588,2025-07,Competitor_B,7,22
H589,2025-07,Apexacare,3,16
H589,2025-07,Competitor_A,8,36
H589,2025-07,Competitor_B,10,38
H590,2025-07,Apexacare,12,53
H590,2025-07,Competitor_A,10,47
H590,2025-07,Competitor_B,9,35
H591,2025-07,Apexacare,1,6
H591,2025-07,Competitor_A,1,8
H591,2025-07,Competitor_B,2,7
H592,2025-07,Apexacare,6,23
H592,2025-07,Competitor_A,8,31
H592,2025-07,Competitor_B,8,26
H593,2025-07,Apexacare,12,49
H593,2025-07,Competitor_A,9,38
H593,2025-07,Competitor_B,9,33
H594,2025-07,Apexacare,3,18
H594,2025-07,Competitor_A,4,23
H594,2025-07,Competitor_B,5,19
H595,2025-07,Apexacare,10,48
H595,2025-07,Competitor_A,8,38
H595,2025-07,Competitor_B,10,40
H596,2025-07,Apexacare,22,80
H596,2025-07,Competitor_A,14,50
H596,2025-07,Competitor_B,14,50
H597,2025-07,Apexacare,9,46
H597,2025-07,Competitor_A,6,29
H597,2025-07,Competitor_B,7,27
H598,2025-07,Apexacare,12,52
H598,2025-07,Competitor_A,20,84
H598,2025-07,Competitor_B,17,64
H599,2025-07,Apexacare,3,12
H599,2025-07,Competitor_A,7,31
H599,2025-07,Competitor_B,8,32
H600,2025-07,Apexacare,9,40
H600,2025-07,Competitor_A,12,54
H600,2025-07,Competitor_B,11,46
H601,2025-07,Apexacare,4,20
H601,2025-07,Competitor_A,3,16
H601,2025-07,Competitor_B,3,15
H602,2025-07,Apexacare,1,9
H602,2025-07,Competitor_A,1,7
H602,2025-07,Competitor_B,2,6
H603,2025-07,Apexacare,28,120
H603,2025-07,Competitor_A,10,46
H603,2025-07,Competitor_B,12,44
H604,2025-07,Apexacare,2,9
H604,2025-07,Competitor_A,2,12
H604,2025-07,Competitor_B,4,13
H605,2025-07,Apexacare,11,53
H605,2025-07,Competitor_A,8,42
H605,2025-07,Competitor_B,8,33
H001,2025-08,Apexacare,9,44
H001,2025-08,Competitor_A,10,52
H001,2025-08,Competitor_B,9,39
H002,2025-08,Apexacare,14,53
H002,2025-08,Competitor_A,10,39
H002,2025-08,Competitor_B,10,34
H003,2025-08,Apexacare,1,6
H003,2025-08,Competitor_A,1,6
H003,2025-08,Competitor_B,2,7
H004,2025-08,Apexacare,19,76
H004,2025-08,Competitor_A,9,38
H004,2025-08,Competitor_B,11,38
H005,2025-08,Apexacare,15,58
H005,2025-08,Competitor_A,7,27
H005,2025-08,Competitor_B,5,20
H006,2025-08,Apexacare,13,58
H006,2025-08,Competitor_A,11,50
H006,2025-08,Competitor_B,11,45
H007,2025-08,Apexacare,5,18
H007,2025-08,Competitor_A,5,18
H007,2025-08,Competitor_B,5,15
H008,2025-08,Apexacare,14,57
H008,2025-08,Competitor_A,6,25
H008,2025-08,Competitor_B,5,18
H009,2025-08,Apexacare,9,46
H009,2025-08,Competitor_A,11,55
H009,2025-08,Competitor_B,11,51
H010,2025-08,Apexacare,17,64
H010,2025-08,Competitor_A,14,52
H010,2025-08,Competitor_B,10,38
H011,2025-08,Apexacare,17,62
H011,2025-08,Competitor_A,15,56
H011,2025-08,Competitor_B,13,42
H012,2025-08,Apexacare,9,36
H012,2025-08,Competitor_A,7,26
H012,2025-08,Competitor_B,8,28
H013,2025-08,Apexacare,10,48
H013,2025-08,Competitor_A,4,23
H013,2025-08,Competitor_B,5,17
H014,2025-08,Apexacare,20,69
H014,2025-08,Competitor_A,7,27
H014,2025-08,Competitor_B,8,24
H015,2025-08,Apexacare,10,45
H015,2025-08,Competitor_A,5,21
H015,2025-08,Competitor_B,5,19
H016,2025-08,Apexacare,15,58
H016,2025-08,Competitor_A,9,33
H016,2025-08,Competitor_B,9,29
H017,2025-08,Apexacare,18,86
H017,2025-08,Competitor_A,11,54
H017,2025-08,Competitor_B,12,50
H018,2025-08,Apexacare,7,27
H018,2025-08,Competitor_A,4,17
H018,2025-08,Competitor_B,6,16
H019,2025-08,Apexacare,13,47
H019,2025-08,Competitor_A,11,38
H019,2025-08,Competitor_B,11,34
H020,2025-08,Apexacare,2,14
H020,2025-08,Competitor_A,1,8
H020,2025-08,Competitor_B,3,8
H021,2025-08,Apexacare,5,29
H021,2025-08,Competitor_A,5,30
H021,2025-08,Competitor_B,6,25
H022,2025-08,Apexacare,6,26
H022,2025-08,Competitor_A,11,51
H022,2025-08,Competitor_B,9,35
H023,2025-08,Apexacare,10,40
H023,2025-08,Competitor_A,13,51
H023,2025-08,Competitor_B,13,49
H024,2025-08,Apexacare,14,55
H024,2025-08,Competitor_A,13,49
H024,2025-08,Competitor_B,11,40
H025,2025-08,Apexacare,16,77
H025,2025-08,Competitor_A,8,39
H025,2025-08,Competitor_B,7,31
H026,2025-08,Apexacare,7,35
H026,2025-08,Competitor_A,5,29
H026,2025-08,Competitor_B,5,21
H027,2025-08,Apexacare,4,23
H027,2025-08,Competitor_A,5,26
H027,2025-08,Competitor_B,6,27
H028,2025-08,Apexacare,13,44
H028,2025-08,Competitor_A,16,56
H028,2025-08,Competitor_B,13,44
H029,2025-08,Apexacare,10,50
H029,2025-08,Competitor_A,9,42
H029,2025-08,Competitor_B,8,34
H030,2025-08,Apexacare,15,51
H030,2025-08,Competitor_A,18,62
H030,2025-08,Competitor_B,14,47
H031,2025-08,Apexacare,9,32
H031,2025-08,Competitor_A,4,17
H031,2025-08,Competitor_B,5,15
H032,2025-08,Apexacare,25,88
H032,2025-08,Competitor_A,15,52
H032,2025-08,Competitor_B,15,49
H033,2025-08,Apexacare,17,59
H033,2025-08,Competitor_A,21,75
H033,2025-08,Competitor_B,19,64
H034,2025-08,Apexacare,10,47
H034,2025-08,Competitor_A,6,29
H034,2025-08,Competitor_B,6,26
H035,2025-08,Apexacare,6,28
H035,2025-08,Competitor_A,6,29
H035,2025-08,Competitor_B,5,23
H036,2025-08,Apexacare,8,31
H036,2025-08,Competitor_A,13,49
H036,2025-08,Competitor_B,14,48
H037,2025-08,Apexacare,10,38
H037,2025-08,Competitor_A,15,57
H037,2025-08,Competitor_B,16,59
H038,2025-08,Apexacare,13,51
H038,2025-08,Competitor_A,21,81
H038,2025-08,Competitor_B,18,66
H039,2025-08,Apexacare,19,71
H039,2025-08,Competitor_A,11,40
H039,2025-08,Competitor_B,10,33
H040,2025-08,Apexacare,21,81
H040,2025-08,Competitor_A,12,46
H040,2025-08,Competitor_B,13,44
H041,2025-08,Apexacare,5,20
H041,2025-08,Competitor_A,4,17
H041,2025-08,Competitor_B,4,17
H042,2025-08,Apexacare,4,16
H042,2025-08,Competitor_A,6,22
H042,2025-08,Competitor_B,6,22
H043,2025-08,Apexacare,16,65
H043,2025-08,Competitor_A,12,46
H043,2025-08,Competitor_B,10,36
H044,2025-08,Apexacare,7,28
H044,2025-08,Competitor_A,10,38
H044,2025-08,Competitor_B,10,30
H045,2025-08,Apexacare,10,54
H045,2025-08,Competitor_A,11,54
H045,2025-08,Competitor_B,10,45
H046,2025-08,Apexacare,23,84
H046,2025-08,Competitor_A,8,31
H046,2025-08,Competitor_B,10,32
H047,2025-08,Apexacare,1,5
H047,2025-08,Competitor_A,1,7
H047,2025-08,Competitor_B,3,8
H048,2025-08,Apexacare,5,20
H048,2025-08,Competitor_A,5,21
H048,2025-08,Competitor_B,6,22
H049,2025-08,Apexacare,10,51
H049,2025-08,Competitor_A,4,23
H049,2025-08,Competitor_B,6,22
H050,2025-08,Apexacare,7,29
H050,2025-08,Competitor_A,7,31
H050,2025-08,Competitor_B,8,30
H051,2025-08,Apexacare,27,98
H051,2025-08,Competitor_A,14,53
H051,2025-08,Competitor_B,14,47
H052,2025-08,Apexacare,3,11
H052,2025-08,Competitor_A,6,24
H052,2025-08,Competitor_B,7,22
H053,2025-08,Apexacare,10,39
H053,2025-08,Competitor_A,5,20
H053,2025-08,Competitor_B,5,16
H054,2025-08,Apexacare,9,42
H054,2025-08,Competitor_A,9,42
H054,2025-08,Competitor_B,9,42
H055,2025-08,Apexacare,10,48
H055,2025-08,Competitor_A,7,34
H055,2025-08,Competitor_B,7,28
H056,2025-08,Apexacare,15,71
H056,2025-08,Competitor_A,16,74
H056,2025-08,Competitor_B,17,75
H057,2025-08,Apexacare,11,44
H057,2025-08,Competitor_A,4,18
H057,2025-08,Competitor_B,6,18
H058,2025-08,Apexacare,16,56
H058,2025-08,Competitor_A,14,47
H058,2025-08,Competitor_B,13,44
H059,2025-08,Apexacare,13,49
H059,2025-08,Competitor_A,9,34
H059,2025-08,Competitor_B,8,31
H060,2025-08,Apexacare,17,63
H060,2025-08,Competitor_A,16,60
H060,2025-08,Competitor_B,17,57
H061,2025-08,Apexacare,12,54
H061,2025-08,Competitor_A,17,77
H061,2025-08,Competitor_B,16,67
H062,2025-08,Apexacare,8,36
H062,2025-08,Competitor_A,4,16
H062,2025-08,Competitor_B,4,14
H063,2025-08,Apexacare,6,21
H063,2025-08,Competitor_A,5,19
H063,2025-08,Competitor_B,4,14
H064,2025-08,Apexacare,16,74
H064,2025-08,Competitor_A,8,38
H064,2025-08,Competitor_B,10,40
H065,2025-08,Apexacare,21,82
H065,2025-08,Competitor_A,13,49
H065,2025-08,Competitor_B,14,49
H066,2025-08,Apexacare,15,61
H066,2025-08,Competitor_A,13,53
H066,2025-08,Competitor_B,13,48
H067,2025-08,Apexacare,5,24
H067,2025-08,Competitor_A,7,31
H067,2025-08,Competitor_B,6,25
H068,2025-08,Apexacare,1,8
H068,2025-08,Competitor_A,4,19
H068,2025-08,Competitor_B,4,15
H069,2025-08,Apexacare,13,49
H069,2025-08,Competitor_A,18,67
H069,2025-08,Competitor_B,19,64
H070,2025-08,Apexacare,14,67
H070,2025-08,Competitor_A,8,42
H070,2025-08,Competitor_B,8,35
H071,2025-08,Apexacare,10,46
H071,2025-08,Competitor_A,7,33
H071,2025-08,Competitor_B,8,31
H072,2025-08,Apexacare,6,26
H072,2025-08,Competitor_A,6,29
H072,2025-08,Competitor_B,6,21
H073,2025-08,Apexacare,6,29
H073,2025-08,Competitor_A,4,19
H073,2025-08,Competitor_B,3,15
H074,2025-08,Apexacare,10,55
H074,2025-08,Competitor_A,12,61
H074,2025-08,Competitor_B,10,46
H075,2025-08,Apexacare,3,14
H075,2025-08,Competitor_A,5,24
H075,2025-08,Competitor_B,5,22
H076,2025-08,Apexacare,5,19
H076,2025-08,Competitor_A,8,31
H076,2025-08,Competitor_B,8,30
H077,2025-08,Apexacare,15,51
H077,2025-08,Competitor_A,12,41
H077,2025-08,Competitor_B,12,40
H078,2025-08,Apexacare,2,9
H078,2025-08,Competitor_A,2,12
H078,2025-08,Competitor_B,3,11
H079,2025-08,Apexacare,6,24
H079,2025-08,Competitor_A,5,22
H079,2025-08,Competitor_B,5,17
H080,2025-08,Apexacare,14,66
H080,2025-08,Competitor_A,6,31
H080,2025-08,Competitor_B,7,29
H081,2025-08,Apexacare,15,54
H081,2025-08,Competitor_A,16,57
H081,2025-08,Competitor_B,13,41
H082,2025-08,Apexacare,19,68
H082,2025-08,Competitor_A,13,46
H082,2025-08,Competitor_B,11,36
H083,2025-08,Apexacare,12,60
H083,2025-08,Competitor_A,9,47
H083,2025-08,Competitor_B,8,37
H084,2025-08,Apexacare,2,8
H084,2025-08,Competitor_A,1,6
H084,2025-08,Competitor_B,2,6
H085,2025-08,Apexacare,9,44
H085,2025-08,Competitor_A,7,33
H085,2025-08,Competitor_B,6,25
H086,2025-08,Apexacare,8,40
H086,2025-08,Competitor_A,11,50
H086,2025-08,Competitor_B,10,43
H087,2025-08,Apexacare,12,45
H087,2025-08,Competitor_A,15,52
H087,2025-08,Competitor_B,12,39
H088,2025-08,Apexacare,18,67
H088,2025-08,Competitor_A,7,26
H088,2025-08,Competitor_B,8,27
H089,2025-08,Apexacare,13,56
H089,2025-08,Competitor_A,11,49
H089,2025-08,Competitor_B,9,39
H090,2025-08,Apexacare,12,44
H090,2025-08,Competitor_A,11,40
H090,2025-08,Competitor_B,8,28
H091,2025-08,Apexacare,14,63
H091,2025-08,Competitor_A,8,37
H091,2025-08,Competitor_B,9,35
H092,2025-08,Apexacare,10,36
H092,2025-08,Competitor_A,17,64
H092,2025-08,Competitor_B,14,47
H093,2025-08,Apexacare,16,62
H093,2025-08,Competitor_A,10,40
H093,2025-08,Competitor_B,9,31
H094,2025-08,Apexacare,4,18
H094,2025-08,Competitor_A,4,15
H094,2025-08,Competitor_B,4,12
H095,2025-08,Apexacare,12,58
H095,2025-08,Competitor_A,10,51
H095,2025-08,Competitor_B,9,35
H096,2025-08,Apexacare,4,16
H096,2025-08,Competitor_A,8,31
H096,2025-08,Competitor_B,8,28
H097,2025-08,Apexacare,1,7
H097,2025-08,Competitor_A,1,6
H097,2025-08,Competitor_B,3,8
H098,2025-08,Apexacare,11,55
H098,2025-08,Competitor_A,6,34
H098,2025-08,Competitor_B,7,31
H099,2025-08,Apexacare,10,52
H099,2025-08,Competitor_A,9,44
H099,2025-08,Competitor_B,10,44
H100,2025-08,Apexacare,9,38
H100,2025-08,Competitor_A,9,40
H100,2025-08,Competitor_B,8,30
H101,2025-08,Apexacare,11,41
H101,2025-08,Competitor_A,9,34
H101,2025-08,Competitor_B,9,33
H102,2025-08,Apexacare,10,35
H102,2025-08,Competitor_A,14,51
H102,2025-08,Competitor_B,14,50
H103,2025-08,Apexacare,4,16
H103,2025-08,Competitor_A,1,7
H103,2025-08,Competitor_B,3,7
H104,2025-08,Apexacare,14,51
H104,2025-08,Competitor_A,11,39
H104,2025-08,Competitor_B,10,36
H105,2025-08,Apexacare,9,37
H105,2025-08,Competitor_A,11,48
H105,2025-08,Competitor_B,11,43
H106,2025-08,Apexacare,13,44
H106,2025-08,Competitor_A,17,60
H106,2025-08,Competitor_B,13,43
H107,2025-08,Apexacare,5,26
H107,2025-08,Competitor_A,4,21
H107,2025-08,Competitor_B,3,16
H108,2025-08,Apexacare,5,25
H108,2025-08,Competitor_A,4,20
H108,2025-08,Competitor_B,6,19
H109,2025-08,Apexacare,16,62
H109,2025-08,Competitor_A,10,39
H109,2025-08,Competitor_B,11,35
H110,2025-08,Apexacare,7,35
H110,2025-08,Competitor_A,5,27
H110,2025-08,Competitor_B,6,23
H111,2025-08,Apexacare,14,68
H111,2025-08,Competitor_A,5,26
H111,2025-08,Competitor_B,6,25
H112,2025-08,Apexacare,10,37
H112,2025-08,Competitor_A,6,24
H112,2025-08,Competitor_B,6,19
H113,2025-08,Apexacare,1,7
H113,2025-08,Competitor_A,1,6
H113,2025-08,Competitor_B,3,7
H114,2025-08,Apexacare,14,64
H114,2025-08,Competitor_A,11,51
H114,2025-08,Competitor_B,12,45
H115,2025-08,Apexacare,8,30
H115,2025-08,Competitor_A,10,35
H115,2025-08,Competitor_B,8,25
H116,2025-08,Apexacare,26,120
H116,2025-08,Competitor_A,13,58
H116,2025-08,Competitor_B,10,42
H117,2025-08,Apexacare,1,10
H117,2025-08,Competitor_A,2,12
H117,2025-08,Competitor_B,3,12
H118,2025-08,Apexacare,19,70
H118,2025-08,Competitor_A,12,45
H118,2025-08,Competitor_B,13,45
H119,2025-08,Apexacare,13,53
H119,2025-08,Competitor_A,8,33
H119,2025-08,Competitor_B,9,34
H120,2025-08,Apexacare,18,77
H120,2025-08,Competitor_A,13,57
H120,2025-08,Competitor_B,15,56
H121,2025-08,Apexacare,13,52
H121,2025-08,Competitor_A,24,98
H121,2025-08,Competitor_B,18,70
H122,2025-08,Apexacare,6,23
H122,2025-08,Competitor_A,17,66
H122,2025-08,Competitor_B,18,65
H123,2025-08,Apexacare,6,27
H123,2025-08,Competitor_A,10,45
H123,2025-08,Competitor_B,9,36
H124,2025-08,Apexacare,8,35
H124,2025-08,Competitor_A,8,36
H124,2025-08,Competitor_B,7,31
H125,2025-08,Apexacare,9,45
H125,2025-08,Competitor_A,9,48
H125,2025-08,Competitor_B,8,35
H126,2025-08,Apexacare,9,32
H126,2025-08,Competitor_A,5,19
H126,2025-08,Competitor_B,6,21
H127,2025-08,Apexacare,14,51
H127,2025-08,Competitor_A,9,33
H127,2025-08,Competitor_B,10,35
H128,2025-08,Apexacare,9,33
H128,2025-08,Competitor_A,5,20
H128,2025-08,Competitor_B,6,19
H129,2025-08,Apexacare,16,56
H129,2025-08,Competitor_A,9,31
H129,2025-08,Competitor_B,10,32
H130,2025-08,Apexacare,10,46
H130,2025-08,Competitor_A,7,32
H130,2025-08,Competitor_B,8,32
H131,2025-08,Apexacare,1,5
H131,2025-08,Competitor_A,3,17
H131,2025-08,Competitor_B,4,16
H132,2025-08,Apexacare,9,36
H132,2025-08,Competitor_A,6,24
H132,2025-08,Competitor_B,7,25
H133,2025-08,Apexacare,9,41
H133,2025-08,Competitor_A,3,17
H133,2025-08,Competitor_B,5,18
H134,2025-08,Apexacare,10,42
H134,2025-08,Competitor_A,8,33
H134,2025-08,Competitor_B,8,25
H135,2025-08,Apexacare,2,13
H135,2025-08,Competitor_A,2,12
H135,2025-08,Competitor_B,3,11
H136,2025-08,Apexacare,5,20
H136,2025-08,Competitor_A,9,35
H136,2025-08,Competitor_B,10,35
H137,2025-08,Apexacare,8,35
H137,2025-08,Competitor_A,17,73
H137,2025-08,Competitor_B,16,63
H138,2025-08,Apexacare,17,76
H138,2025-08,Competitor_A,12,55
H138,2025-08,Competitor_B,11,49
H139,2025-08,Apexacare,3,15
H139,2025-08,Competitor_A,9,44
H139,2025-08,Competitor_B,9,43
H140,2025-08,Apexacare,4,19
H140,2025-08,Competitor_A,5,23
H140,2025-08,Competitor_B,6,18
H141,2025-08,Apexacare,21,72
H141,2025-08,Competitor_A,14,50
H141,2025-08,Competitor_B,13,40
H142,2025-08,Apexacare,5,27
H142,2025-08,Competitor_A,7,39
H142,2025-08,Competitor_B,8,36
H143,2025-08,Apexacare,11,48
H143,2025-08,Competitor_A,14,59
H143,2025-08,Competitor_B,14,53
H144,2025-08,Apexacare,10,47
H144,2025-08,Competitor_A,9,44
H144,2025-08,Competitor_B,9,35
H145,2025-08,Apexacare,2,8
H145,2025-08,Competitor_A,1,7
H145,2025-08,Competitor_B,2,6
H146,2025-08,Apexacare,19,65
H146,2025-08,Competitor_A,13,46
H146,2025-08,Competitor_B,11,36
H147,2025-08,Apexacare,8,30
H147,2025-08,Competitor_A,6,21
H147,2025-08,Competitor_B,5,15
H148,2025-08,Apexacare,6,28
H148,2025-08,Competitor_A,4,19
H148,2025-08,Competitor_B,4,16
H149,2025-08,Apexacare,1,7
H149,2025-08,Competitor_A,1,7
H149,2025-08,Competitor_B,2,6
H150,2025-08,Apexacare,10,49
H150,2025-08,Competitor_A,7,37
H150,2025-08,Competitor_B,8,34
H151,2025-08,Apexacare,22,77
H151,2025-08,Competitor_A,9,32
H151,2025-08,Competitor_B,8,24
H152,2025-08,Apexacare,14,50
H152,2025-08,Competitor_A,12,41
H152,2025-08,Competitor_B,13,41
H153,2025-08,Apexacare,11,39
H153,2025-08,Competitor_A,5,19
H153,2025-08,Competitor_B,6,17
H154,2025-08,Apexacare,14,59
H154,2025-08,Competitor_A,5,23
H154,2025-08,Competitor_B,7,23
H155,2025-08,Apexacare,8,33
H155,2025-08,Competitor_A,9,34
H155,2025-08,Competitor_B,8,28
H156,2025-08,Apexacare,18,64
H156,2025-08,Competitor_A,16,56
H156,2025-08,Competitor_B,11,40
H157,2025-08,Apexacare,2,14
H157,2025-08,Competitor_A,3,16
H157,2025-08,Competitor_B,4,14
H158,2025-08,Apexacare,10,37
H158,2025-08,Competitor_A,7,27
H158,2025-08,Competitor_B,8,26
H159,2025-08,Apexacare,6,22
H159,2025-08,Competitor_A,12,45
H159,2025-08,Competitor_B,12,43
H160,2025-08,Apexacare,11,41
H160,2025-08,Competitor_A,15,55
H160,2025-08,Competitor_B,15,51
H161,2025-08,Apexacare,10,53
H161,2025-08,Competitor_A,9,48
H161,2025-08,Competitor_B,10,43
H162,2025-08,Apexacare,2,11
H162,2025-08,Competitor_A,0,5
H162,2025-08,Competitor_B,2,6
H163,2025-08,Apexacare,4,20
H163,2025-08,Competitor_A,2,12
H163,2025-08,Competitor_B,3,13
H164,2025-08,Apexacare,9,33
H164,2025-08,Competitor_A,13,47
H164,2025-08,Competitor_B,13,46
H165,2025-08,Apexacare,19,80
H165,2025-08,Competitor_A,10,41
H165,2025-08,Competitor_B,9,33
H166,2025-08,Apexacare,3,17
H166,2025-08,Competitor_A,3,14
H166,2025-08,Competitor_B,4,14
H167,2025-08,Apexacare,11,52
H167,2025-08,Competitor_A,10,48
H167,2025-08,Competitor_B,11,44
H168,2025-08,Apexacare,15,69
H168,2025-08,Competitor_A,9,42
H168,2025-08,Competitor_B,9,33
H169,2025-08,Apexacare,3,15
H169,2025-08,Competitor_A,3,15
H169,2025-08,Competitor_B,4,14
H170,2025-08,Apexacare,14,54
H170,2025-08,Competitor_A,6,23
H170,2025-08,Competitor_B,6,18
H171,2025-08,Apexacare,22,81
H171,2025-08,Competitor_A,18,68
H171,2025-08,Competitor_B,15,51
H172,2025-08,Apexacare,12,44
H172,2025-08,Competitor_A,9,34
H172,2025-08,Competitor_B,8,27
H173,2025-08,Apexacare,12,45
H173,2025-08,Competitor_A,13,50
H173,2025-08,Competitor_B,14,49
H174,2025-08,Apexacare,13,52
H174,2025-08,Competitor_A,9,36
H174,2025-08,Competitor_B,8,31
H175,2025-08,Apexacare,11,43
H175,2025-08,Competitor_A,12,45
H175,2025-08,Competitor_B,13,45
H176,2025-08,Apexacare,9,44
H176,2025-08,Competitor_A,12,58
H176,2025-08,Competitor_B,11,50
H177,2025-08,Apexacare,2,8
H177,2025-08,Competitor_A,1,7
H177,2025-08,Competitor_B,3,7
H178,2025-08,Apexacare,11,51
H178,2025-08,Competitor_A,11,47
H178,2025-08,Competitor_B,9,35
H179,2025-08,Apexacare,14,59
H179,2025-08,Competitor_A,7,29
H179,2025-08,Competitor_B,7,24
H180,2025-08,Apexacare,16,71
H180,2025-08,Competitor_A,7,30
H180,2025-08,Competitor_B,8,31
H181,2025-08,Apexacare,12,47
H181,2025-08,Competitor_A,8,30
H181,2025-08,Competitor_B,9,31
H182,2025-08,Apexacare,14,70
H182,2025-08,Competitor_A,8,42
H182,2025-08,Competitor_B,10,41
H183,2025-08,Apexacare,4,18
H183,2025-08,Competitor_A,3,14
H183,2025-08,Competitor_B,4,13
H184,2025-08,Apexacare,11,57
H184,2025-08,Competitor_A,5,27
H184,2025-08,Competitor_B,6,24
H185,2025-08,Apexacare,7,32
H185,2025-08,Competitor_A,12,55
H185,2025-08,Competitor_B,11,46
H186,2025-08,Apexacare,6,25
H186,2025-08,Competitor_A,10,39
H186,2025-08,Competitor_B,10,38
H187,2025-08,Apexacare,13,51
H187,2025-08,Competitor_A,13,49
H187,2025-08,Competitor_B,13,47
H188,2025-08,Apexacare,7,33
H188,2025-08,Competitor_A,6,28
H188,2025-08,Competitor_B,5,23
H189,2025-08,Apexacare,3,15
H189,2025-08,Competitor_A,6,26
H189,2025-08,Competitor_B,6,19
H190,2025-08,Apexacare,9,43
H190,2025-08,Competitor_A,8,41
H190,2025-08,Competitor_B,8,36
H191,2025-08,Apexacare,7,37
H191,2025-08,Competitor_A,9,44
H191,2025-08,Competitor_B,7,31
H192,2025-08,Apexacare,7,39
H192,2025-08,Competitor_A,6,34
H192,2025-08,Competitor_B,7,29
H193,2025-08,Apexacare,9,38
H193,2025-08,Competitor_A,8,37
H193,2025-08,Competitor_B,7,27
H194,2025-08,Apexacare,10,35
H194,2025-08,Competitor_A,7,24
H194,2025-08,Competitor_B,7,25
H195,2025-08,Apexacare,16,59
H195,2025-08,Competitor_A,10,38
H195,2025-08,Competitor_B,8,29
H196,2025-08,Apexacare,7,29
H196,2025-08,Competitor_A,12,46
H196,2025-08,Competitor_B,10,33
H197,2025-08,Apexacare,6,23
H197,2025-08,Competitor_A,5,21
H197,2025-08,Competitor_B,6,19
H198,2025-08,Apexacare,11,45
H198,2025-08,Competitor_A,5,20
H198,2025-08,Competitor_B,6,20
H199,2025-08,Apexacare,5,20
H199,2025-08,Competitor_A,7,27
H199,2025-08,Competitor_B,6,21
H200,2025-08,Apexacare,9,38
H200,2025-08,Competitor_A,14,59
H200,2025-08,Competitor_B,11,43
H201,2025-08,Apexacare,1,5
H201,2025-08,Competitor_A,1,8
H201,2025-08,Competitor_B,2,6
H202,2025-08,Apexacare,8,33
H202,2025-08,Competitor_A,5,21
H202,2025-08,Competitor_B,7,21
H203,2025-08,Apexacare,14,60
H203,2025-08,Competitor_A,9,39
H203,2025-08,Competitor_B,10,34
H204,2025-08,Apexacare,9,39
H204,2025-08,Competitor_A,9,38
H204,2025-08,Competitor_B,9,31
H205,2025-08,Apexacare,12,59
H205,2025-08,Competitor_A,7,35
H205,2025-08,Competitor_B,8,34
H206,2025-08,Apexacare,9,42
H206,2025-08,Competitor_A,9,45
H206,2025-08,Competitor_B,11,46
H207,2025-08,Apexacare,7,29
H207,2025-08,Competitor_A,5,22
H207,2025-08,Competitor_B,4,17
H208,2025-08,Apexacare,5,23
H208,2025-08,Competitor_A,3,12
H208,2025-08,Competitor_B,3,10
H209,2025-08,Apexacare,11,45
H209,2025-08,Competitor_A,6,25
H209,2025-08,Competitor_B,5,20
H210,2025-08,Apexacare,4,23
H210,2025-08,Competitor_A,4,24
H210,2025-08,Competitor_B,5,19
H211,2025-08,Apexacare,17,66
H211,2025-08,Competitor_A,8,31
H211,2025-08,Competitor_B,9,29
H212,2025-08,Apexacare,18,74
H212,2025-08,Competitor_A,16,67
H212,2025-08,Competitor_B,12,49
H213,2025-08,Apexacare,8,32
H213,2025-08,Competitor_A,7,29
H213,2025-08,Competitor_B,6,23
H214,2025-08,Apexacare,6,29
H214,2025-08,Competitor_A,2,11
H214,2025-08,Competitor_B,4,11
H215,2025-08,Apexacare,10,35
H215,2025-08,Competitor_A,4,16
H215,2025-08,Competitor_B,5,15
H216,2025-08,Apexacare,17,64
H216,2025-08,Competitor_A,10,39
H216,2025-08,Competitor_B,8,29
H217,2025-08,Apexacare,4,19
H217,2025-08,Competitor_A,3,14
H217,2025-08,Competitor_B,3,11
H218,2025-08,Apexacare,15,53
H218,2025-08,Competitor_A,24,85
H218,2025-08,Competitor_B,18,60
H219,2025-08,Apexacare,11,43
H219,2025-08,Competitor_A,10,39
H219,2025-08,Competitor_B,11,38
H220,2025-08,Apexacare,2,10
H220,2025-08,Competitor_A,0,4
H220,2025-08,Competitor_B,2,5
H221,2025-08,Apexacare,10,37
H221,2025-08,Competitor_A,10,36
H221,2025-08,Competitor_B,9,29
H222,2025-08,Apexacare,14,60
H222,2025-08,Competitor_A,15,64
H222,2025-08,Competitor_B,14,56
H223,2025-08,Apexacare,17,67
H223,2025-08,Competitor_A,11,43
H223,2025-08,Competitor_B,9,34
H224,2025-08,Apexacare,4,16
H224,2025-08,Competitor_A,2,7
H224,2025-08,Competitor_B,2,7
H225,2025-08,Apexacare,13,46
H225,2025-08,Competitor_A,14,49
H225,2025-08,Competitor_B,12,38
H226,2025-08,Apexacare,4,17
H226,2025-08,Competitor_A,4,16
H226,2025-08,Competitor_B,5,18
H227,2025-08,Apexacare,11,41
H227,2025-08,Competitor_A,12,47
H227,2025-08,Competitor_B,13,47
H228,2025-08,Apexacare,10,46
H228,2025-08,Competitor_A,5,23
H228,2025-08,Competitor_B,6,19
H229,2025-08,Apexacare,7,32
H229,2025-08,Competitor_A,9,40
H229,2025-08,Competitor_B,9,38
H230,2025-08,Apexacare,7,26
H230,2025-08,Competitor_A,13,46
H230,2025-08,Competitor_B,10,33
H231,2025-08,Apexacare,2,12
H231,2025-08,Competitor_A,6,31
H231,2025-08,Competitor_B,7,32
H232,2025-08,Apexacare,14,64
H232,2025-08,Competitor_A,9,44
H232,2025-08,Competitor_B,9,39
H233,2025-08,Apexacare,13,56
H233,2025-08,Competitor_A,8,34
H233,2025-08,Competitor_B,8,30
H234,2025-08,Apexacare,19,76
H234,2025-08,Competitor_A,12,50
H234,2025-08,Competitor_B,10,34
H235,2025-08,Apexacare,17,65
H235,2025-08,Competitor_A,9,37
H235,2025-08,Competitor_B,10,34
H236,2025-08,Apexacare,5,22
H236,2025-08,Competitor_A,7,30
H236,2025-08,Competitor_B,9,28
H237,2025-08,Apexacare,8,33
H237,2025-08,Competitor_A,7,29
H237,2025-08,Competitor_B,6,22
H238,2025-08,Apexacare,4,15
H238,2025-08,Competitor_A,4,17
H238,2025-08,Competitor_B,5,19
H239,2025-08,Apexacare,15,58
H239,2025-08,Competitor_A,13,53
H239,2025-08,Competitor_B,12,43
H240,2025-08,Apexacare,1,8
H240,2025-08,Competitor_A,1,5
H240,2025-08,Competitor_B,2,4
H241,2025-08,Apexacare,8,28
H241,2025-08,Competitor_A,5,20
H241,2025-08,Competitor_B,5,16
H242,2025-08,Apexacare,2,10
H242,2025-08,Competitor_A,3,13
H242,2025-08,Competitor_B,4,11
H243,2025-08,Apexacare,6,25
H243,2025-08,Competitor_A,6,24
H243,2025-08,Competitor_B,6,19
H244,2025-08,Apexacare,9,34
H244,2025-08,Competitor_A,13,49
H244,2025-08,Competitor_B,13,43
H245,2025-08,Apexacare,4,18
H245,2025-08,Competitor_A,3,13
H245,2025-08,Competitor_B,5,14
H246,2025-08,Apexacare,10,44
H246,2025-08,Competitor_A,4,19
H246,2025-08,Competitor_B,5,17
H247,2025-08,Apexacare,9,39
H247,2025-08,Competitor_A,4,18
H247,2025-08,Competitor_B,5,15
H248,2025-08,Apexacare,6,25
H248,2025-08,Competitor_A,2,11
H248,2025-08,Competitor_B,4,12
H249,2025-08,Apexacare,13,66
H249,2025-08,Competitor_A,11,54
H249,2025-08,Competitor_B,9,40
H250,2025-08,Apexacare,6,25
H250,2025-08,Competitor_A,6,25
H250,2025-08,Competitor_B,5,18
H251,2025-08,Apexacare,12,57
H251,2025-08,Competitor_A,6,29
H251,2025-08,Competitor_B,6,26
H252,2025-08,Apexacare,18,70
H252,2025-08,Competitor_A,15,60
H252,2025-08,Competitor_B,16,59
H253,2025-08,Apexacare,8,39
H253,2025-08,Competitor_A,6,33
H253,2025-08,Competitor_B,7,30
H254,2025-08,Apexacare,1,6
H254,2025-08,Competitor_A,1,6
H254,2025-08,Competitor_B,1,5
H255,2025-08,Apexacare,8,29
H255,2025-08,Competitor_A,8,28
H255,2025-08,Competitor_B,8,28
H256,2025-08,Apexacare,4,19
H256,2025-08,Competitor_A,2,12
H256,2025-08,Competitor_B,3,11
H257,2025-08,Apexacare,10,41
H257,2025-08,Competitor_A,15,60
H257,2025-08,Competitor_B,12,43
H258,2025-08,Apexacare,18,71
H258,2025-08,Competitor_A,17,67
H258,2025-08,Competitor_B,16,62
H259,2025-08,Apexacare,8,35
H259,2025-08,Competitor_A,14,56
H259,2025-08,Competitor_B,11,42
H260,2025-08,Apexacare,1,7
H260,2025-08,Competitor_A,0,4
H260,2025-08,Competitor_B,2,5
H261,2025-08,Apexacare,11,40
H261,2025-08,Competitor_A,9,34
H261,2025-08,Competitor_B,10,34
H262,2025-08,Apexacare,4,19
H262,2025-08,Competitor_A,5,21
H262,2025-08,Competitor_B,6,20
H263,2025-08,Apexacare,8,38
H263,2025-08,Competitor_A,12,59
H263,2025-08,Competitor_B,13,57
H264,2025-08,Apexacare,2,14
H264,2025-08,Competitor_A,1,8
H264,2025-08,Competitor_B,3,8
H265,2025-08,Apexacare,7,30
H265,2025-08,Competitor_A,5,26
H265,2025-08,Competitor_B,5,19
H266,2025-08,Apexacare,12,45
H266,2025-08,Competitor_A,19,72
H266,2025-08,Competitor_B,18,63
H267,2025-08,Apexacare,16,60
H267,2025-08,Competitor_A,9,34
H267,2025-08,Competitor_B,9,32
H268,2025-08,Apexacare,19,68
H268,2025-08,Competitor_A,22,76
H268,2025-08,Competitor_B,17,54
H269,2025-08,Apexacare,9,44
H269,2025-08,Competitor_A,8,38
H269,2025-08,Competitor_B,7,26
H270,2025-08,Apexacare,7,32
H270,2025-08,Competitor_A,8,36
H270,2025-08,Competitor_B,8,27
H271,2025-08,Apexacare,12,54
H271,2025-08,Competitor_A,12,55
H271,2025-08,Competitor_B,13,51
H272,2025-08,Apexacare,12,51
H272,2025-08,Competitor_A,10,45
H272,2025-08,Competitor_B,9,36
H273,2025-08,Apexacare,14,52
H273,2025-08,Competitor_A,14,51
H273,2025-08,Competitor_B,11,37
H274,2025-08,Apexacare,7,32
H274,2025-08,Competitor_A,8,37
H274,2025-08,Competitor_B,8,36
H275,2025-08,Apexacare,12,55
H275,2025-08,Competitor_A,5,25
H275,2025-08,Competitor_B,6,20
H276,2025-08,Apexacare,12,43
H276,2025-08,Competitor_A,11,39
H276,2025-08,Competitor_B,8,30
H277,2025-08,Apexacare,4,20
H277,2025-08,Competitor_A,6,27
H277,2025-08,Competitor_B,6,25
H278,2025-08,Apexacare,9,36
H278,2025-08,Competitor_A,5,20
H278,2025-08,Competitor_B,5,20
H279,2025-08,Apexacare,10,34
H279,2025-08,Competitor_A,11,38
H279,2025-08,Competitor_B,9,30
H280,2025-08,Apexacare,16,54
H280,2025-08,Competitor_A,10,37
H280,2025-08,Competitor_B,11,35
H281,2025-08,Apexacare,8,42
H281,2025-08,Competitor_A,6,33
H281,2025-08,Competitor_B,7,30
H282,2025-08,Apexacare,0,4
H282,2025-08,Competitor_A,1,7
H282,2025-08,Competitor_B,2,6
H283,2025-08,Apexacare,4,18
H283,2025-08,Competitor_A,4,21
H283,2025-08,Competitor_B,5,21
H284,2025-08,Apexacare,2,9
H284,2025-08,Competitor_A,3,11
H284,2025-08,Competitor_B,3,10
H285,2025-08,Apexacare,14,48
H285,2025-08,Competitor_A,16,57
H285,2025-08,Competitor_B,13,42
H286,2025-08,Apexacare,19,95
H286,2025-08,Competitor_A,11,56
H286,2025-08,Competitor_B,10,47
H287,2025-08,Apexacare,15,63
H287,2025-08,Competitor_A,9,38
H287,2025-08,Competitor_B,8,32
H288,2025-08,Apexacare,9,43
H288,2025-08,Competitor_A,6,28
H288,2025-08,Competitor_B,6,25
H289,2025-08,Apexacare,5,27
H289,2025-08,Competitor_A,8,37
H289,2025-08,Competitor_B,8,32
H290,2025-08,Apexacare,5,20
H290,2025-08,Competitor_A,3,13
H290,2025-08,Competitor_B,4,12
H291,2025-08,Apexacare,11,43
H291,2025-08,Competitor_A,12,48
H291,2025-08,Competitor_B,12,45
H292,2025-08,Apexacare,3,19
H292,2025-08,Competitor_A,1,8
H292,2025-08,Competitor_B,3,9
H293,2025-08,Apexacare,10,51
H293,2025-08,Competitor_A,10,48
H293,2025-08,Competitor_B,8,36
H294,2025-08,Apexacare,13,57
H294,2025-08,Competitor_A,12,51
H294,2025-08,Competitor_B,9,36
H295,2025-08,Apexacare,3,19
H295,2025-08,Competitor_A,4,20
H295,2025-08,Competitor_B,5,21
H296,2025-08,Apexacare,12,61
H296,2025-08,Competitor_A,9,49
H296,2025-08,Competitor_B,8,37
H297,2025-08,Apexacare,10,48
H297,2025-08,Competitor_A,9,41
H297,2025-08,Competitor_B,7,31
H298,2025-08,Apexacare,8,43
H298,2025-08,Competitor_A,6,29
H298,2025-08,Competitor_B,7,30
H299,2025-08,Apexacare,11,47
H299,2025-08,Competitor_A,8,35
H299,2025-08,Competitor_B,8,32
H300,2025-08,Apexacare,5,25
H300,2025-08,Competitor_A,8,39
H300,2025-08,Competitor_B,7,32
H301,2025-08,Apexacare,3,17
H301,2025-08,Competitor_A,4,21
H301,2025-08,Competitor_B,4,16
H302,2025-08,Apexacare,6,26
H302,2025-08,Competitor_A,11,50
H302,2025-08,Competitor_B,9,36
H303,2025-08,Apexacare,22,88
H303,2025-08,Competitor_A,12,48
H303,2025-08,Competitor_B,10,40
H304,2025-08,Apexacare,15,55
H304,2025-08,Competitor_A,11,42
H304,2025-08,Competitor_B,11,39
H305,2025-08,Apexacare,12,45
H305,2025-08,Competitor_A,18,67
H305,2025-08,Competitor_B,16,56
H306,2025-08,Apexacare,13,57
H306,2025-08,Competitor_A,11,50
H306,2025-08,Competitor_B,11,47
H307,2025-08,Apexacare,12,63
H307,2025-08,Competitor_A,10,53
H307,2025-08,Competitor_B,12,54
H308,2025-08,Apexacare,1,6
H308,2025-08,Competitor_A,1,5
H308,2025-08,Competitor_B,2,5
H309,2025-08,Apexacare,8,37
H309,2025-08,Competitor_A,9,40
H309,2025-08,Competitor_B,7,28
H310,2025-08,Apexacare,6,24
H310,2025-08,Competitor_A,10,42
H310,2025-08,Competitor_B,10,36
H311,2025-08,Apexacare,8,29
H311,2025-08,Competitor_A,10,34
H311,2025-08,Competitor_B,10,33
H312,2025-08,Apexacare,7,33
H312,2025-08,Competitor_A,8,35
H312,2025-08,Competitor_B,7,27
H313,2025-08,Apexacare,5,19
H313,2025-08,Competitor_A,6,23
H313,2025-08,Competitor_B,7,24
H314,2025-08,Apexacare,18,81
H314,2025-08,Competitor_A,11,52
H314,2025-08,Competitor_B,12,47
H315,2025-08,Apexacare,13,62
H315,2025-08,Competitor_A,8,38
H315,2025-08,Competitor_B,7,33
H316,2025-08,Apexacare,10,48
H316,2025-08,Competitor_A,10,49
H316,2025-08,Competitor_B,11,47
H317,2025-08,Apexacare,12,57
H317,2025-08,Competitor_A,12,54
H317,2025-08,Competitor_B,10,42
H318,2025-08,Apexacare,7,34
H318,2025-08,Competitor_A,6,29
H318,2025-08,Competitor_B,5,22
H319,2025-08,Apexacare,11,42
H319,2025-08,Competitor_A,18,69
H319,2025-08,Competitor_B,16,57
H320,2025-08,Apexacare,1,5
H320,2025-08,Competitor_A,1,7
H320,2025-08,Competitor_B,3,7
H321,2025-08,Apexacare,14,69
H321,2025-08,Competitor_A,8,38
H321,2025-08,Competitor_B,7,33
H322,2025-08,Apexacare,14,66
H322,2025-08,Competitor_A,14,63
H322,2025-08,Competitor_B,14,61
H323,2025-08,Apexacare,2,9
H323,2025-08,Competitor_A,2,11
H323,2025-08,Competitor_B,3,12
H324,2025-08,Apexacare,19,78
H324,2025-08,Competitor_A,17,67
H324,2025-08,Competitor_B,14,53
H325,2025-08,Apexacare,13,54
H325,2025-08,Competitor_A,11,45
H325,2025-08,Competitor_B,10,41
H326,2025-08,Apexacare,1,7
H326,2025-08,Competitor_A,1,6
H326,2025-08,Competitor_B,3,7
H327,2025-08,Apexacare,3,18
H327,2025-08,Competitor_A,6,29
H327,2025-08,Competitor_B,6,25
H328,2025-08,Apexacare,5,18
H328,2025-08,Competitor_A,6,22
H328,2025-08,Competitor_B,5,17
H329,2025-08,Apexacare,9,41
H329,2025-08,Competitor_A,9,42
H329,2025-08,Competitor_B,8,37
H330,2025-08,Apexacare,5,23
H330,2025-08,Competitor_A,5,23
H330,2025-08,Competitor_B,5,17
H331,2025-08,Apexacare,23,87
H331,2025-08,Competitor_A,10,39
H331,2025-08,Competitor_B,8,27
H332,2025-08,Apexacare,5,19
H332,2025-08,Competitor_A,8,29
H332,2025-08,Competitor_B,7,24
H333,2025-08,Apexacare,5,25
H333,2025-08,Competitor_A,4,21
H333,2025-08,Competitor_B,5,17
H334,2025-08,Apexacare,5,28
H334,2025-08,Competitor_A,5,25
H334,2025-08,Competitor_B,6,23
H335,2025-08,Apexacare,1,7
H335,2025-08,Competitor_A,0,4
H335,2025-08,Competitor_B,2,4
H336,2025-08,Apexacare,13,47
H336,2025-08,Competitor_A,16,57
H336,2025-08,Competitor_B,14,50
H337,2025-08,Apexacare,12,60
H337,2025-08,Competitor_A,5,27
H337,2025-08,Competitor_B,6,27
H338,2025-08,Apexacare,14,56
H338,2025-08,Competitor_A,11,45
H338,2025-08,Competitor_B,8,32
H339,2025-08,Apexacare,9,34
H339,2025-08,Competitor_A,7,28
H339,2025-08,Competitor_B,8,28
H340,2025-08,Apexacare,21,75
H340,2025-08,Competitor_A,13,48
H340,2025-08,Competitor_B,12,37
H341,2025-08,Apexacare,10,49
H341,2025-08,Competitor_A,6,31
H341,2025-08,Competitor_B,7,25
H342,2025-08,Apexacare,8,29
H342,2025-08,Competitor_A,8,31
H342,2025-08,Competitor_B,7,24
H343,2025-08,Apexacare,7,38
H343,2025-08,Competitor_A,9,47
H343,2025-08,Competitor_B,10,41
H344,2025-08,Apexacare,6,21
H344,2025-08,Competitor_A,7,25
H344,2025-08,Competitor_B,7,26
H345,2025-08,Apexacare,11,45
H345,2025-08,Competitor_A,10,42
H345,2025-08,Competitor_B,11,39
H346,2025-08,Apexacare,12,49
H346,2025-08,Competitor_A,8,31
H346,2025-08,Competitor_B,8,28
H347,2025-08,Apexacare,7,35
H347,2025-08,Competitor_A,15,76
H347,2025-08,Competitor_B,13,65
H348,2025-08,Apexacare,16,70
H348,2025-08,Competitor_A,9,41
H348,2025-08,Competitor_B,8,29
H349,2025-08,Apexacare,10,50
H349,2025-08,Competitor_A,9,48
H349,2025-08,Competitor_B,9,37
H350,2025-08,Apexacare,14,60
H350,2025-08,Competitor_A,12,52
H350,2025-08,Competitor_B,13,48
H351,2025-08,Apexacare,6,26
H351,2025-08,Competitor_A,5,24
H351,2025-08,Competitor_B,6,25
H352,2025-08,Apexacare,9,40
H352,2025-08,Competitor_A,8,36
H352,2025-08,Competitor_B,9,36
H353,2025-08,Apexacare,12,43
H353,2025-08,Competitor_A,14,47
H353,2025-08,Competitor_B,11,36
H354,2025-08,Apexacare,9,34
H354,2025-08,Competitor_A,13,49
H354,2025-08,Competitor_B,10,36
H355,2025-08,Apexacare,9,42
H355,2025-08,Competitor_A,9,41
H355,2025-08,Competitor_B,7,29
H356,2025-08,Apexacare,10,48
H356,2025-08,Competitor_A,7,34
H356,2025-08,Competitor_B,7,32
H357,2025-08,Apexacare,11,46
H357,2025-08,Competitor_A,10,40
H357,2025-08,Competitor_B,9,34
H358,2025-08,Apexacare,9,47
H358,2025-08,Competitor_A,4,20
H358,2025-08,Competitor_B,5,21
H359,2025-08,Apexacare,4,17
H359,2025-08,Competitor_A,7,26
H359,2025-08,Competitor_B,6,20
H360,2025-08,Apexacare,11,54
H360,2025-08,Competitor_A,4,22
H360,2025-08,Competitor_B,6,20
H361,2025-08,Apexacare,7,32
H361,2025-08,Competitor_A,11,50
H361,2025-08,Competitor_B,10,38
H362,2025-08,Apexacare,8,36
H362,2025-08,Competitor_A,14,61
H362,2025-08,Competitor_B,12,47
H363,2025-08,Apexacare,13,66
H363,2025-08,Competitor_A,8,40
H363,2025-08,Competitor_B,9,38
H364,2025-08,Apexacare,14,63
H364,2025-08,Competitor_A,14,61
H364,2025-08,Competitor_B,10,44
H365,2025-08,Apexacare,9,36
H365,2025-08,Competitor_A,9,38
H365,2025-08,Competitor_B,9,31
H366,2025-08,Apexacare,4,14
H366,2025-08,Competitor_A,2,8
H366,2025-08,Competitor_B,3,10
H367,2025-08,Apexacare,4,18
H367,2025-08,Competitor_A,5,23
H367,2025-08,Competitor_B,5,19
H368,2025-08,Apexacare,3,18
H368,2025-08,Competitor_A,10,52
H368,2025-08,Competitor_B,12,49
H369,2025-08,Apexacare,21,74
H369,2025-08,Competitor_A,17,61
H369,2025-08,Competitor_B,12,41
H370,2025-08,Apexacare,3,12
H370,2025-08,Competitor_A,3,12
H370,2025-08,Competitor_B,4,14
H371,2025-08,Apexacare,6,26
H371,2025-08,Competitor_A,4,19
H371,2025-08,Competitor_B,4,15
H372,2025-08,Apexacare,11,45
H372,2025-08,Competitor_A,4,18
H372,2025-08,Competitor_B,5,17
H373,2025-08,Apexacare,6,24
H373,2025-08,Competitor_A,8,30
H373,2025-08,Competitor_B,8,26
H374,2025-08,Apexacare,9,39
H374,2025-08,Competitor_A,9,40
H374,2025-08,Competitor_B,8,33
H375,2025-08,Apexacare,12,60
H375,2025-08,Competitor_A,8,40
H375,2025-08,Competitor_B,8,40
H376,2025-08,Apexacare,12,50
H376,2025-08,Competitor_A,15,61
H376,2025-08,Competitor_B,11,43
H377,2025-08,Apexacare,8,31
H377,2025-08,Competitor_A,11,39
H377,2025-08,Competitor_B,12,40
H378,2025-08,Apexacare,7,37
H378,2025-08,Competitor_A,8,42
H378,2025-08,Competitor_B,7,33
H379,2025-08,Apexacare,11,40
H379,2025-08,Competitor_A,9,33
H379,2025-08,Competitor_B,8,27
H380,2025-08,Apexacare,6,22
H380,2025-08,Competitor_A,4,16
H380,2025-08,Competitor_B,4,13
H381,2025-08,Apexacare,5,23
H381,2025-08,Competitor_A,6,29
H381,2025-08,Competitor_B,7,23
H382,2025-08,Apexacare,2,8
H382,2025-08,Competitor_A,3,11
H382,2025-08,Competitor_B,3,11
H383,2025-08,Apexacare,3,11
H383,2025-08,Competitor_A,5,18
H383,2025-08,Competitor_B,5,16
H384,2025-08,Apexacare,6,29
H384,2025-08,Competitor_A,9,42
H384,2025-08,Competitor_B,9,34
H385,2025-08,Apexacare,19,72
H385,2025-08,Competitor_A,17,63
H385,2025-08,Competitor_B,13,45
H386,2025-08,Apexacare,19,66
H386,2025-08,Competitor_A,14,50
H386,2025-08,Competitor_B,11,36
H387,2025-08,Apexacare,10,41
H387,2025-08,Competitor_A,10,38
H387,2025-08,Competitor_B,9,31
H388,2025-08,Apexacare,16,67
H388,2025-08,Competitor_A,7,30
H388,2025-08,Competitor_B,8,29
H389,2025-08,Apexacare,23,91
H389,2025-08,Competitor_A,16,62
H389,2025-08,Competitor_B,16,57
H390,2025-08,Apexacare,12,51
H390,2025-08,Competitor_A,5,23
H390,2025-08,Competitor_B,4,16
H391,2025-08,Apexacare,10,49
H391,2025-08,Competitor_A,11,55
H391,2025-08,Competitor_B,11,46
H392,2025-08,Apexacare,3,11
H392,2025-08,Competitor_A,4,15
H392,2025-08,Competitor_B,4,16
H393,2025-08,Apexacare,6,26
H393,2025-08,Competitor_A,10,43
H393,2025-08,Competitor_B,8,33
H394,2025-08,Apexacare,4,17
H394,2025-08,Competitor_A,8,33
H394,2025-08,Competitor_B,7,25
H395,2025-08,Apexacare,25,85
H395,2025-08,Competitor_A,14,48
H395,2025-08,Competitor_B,14,47
H396,2025-08,Apexacare,17,59
H396,2025-08,Competitor_A,18,61
H396,2025-08,Competitor_B,14,48
H397,2025-08,Apexacare,6,26
H397,2025-08,Competitor_A,5,22
H397,2025-08,Competitor_B,7,24
H398,2025-08,Apexacare,13,59
H398,2025-08,Competitor_A,14,62
H398,2025-08,Competitor_B,12,49
H399,2025-08,Apexacare,9,40
H399,2025-08,Competitor_A,5,25
H399,2025-08,Competitor_B,5,20
H400,2025-08,Apexacare,15,62
H400,2025-08,Competitor_A,14,56
H400,2025-08,Competitor_B,12,42
H401,2025-08,Apexacare,12,61
H401,2025-08,Competitor_A,9,50
H401,2025-08,Competitor_B,9,41
H402,2025-08,Apexacare,9,41
H402,2025-08,Competitor_A,7,32
H402,2025-08,Competitor_B,8,32
H403,2025-08,Apexacare,7,27
H403,2025-08,Competitor_A,7,26
H403,2025-08,Competitor_B,7,27
H404,2025-08,Apexacare,8,36
H404,2025-08,Competitor_A,11,48
H404,2025-08,Competitor_B,11,44
H405,2025-08,Apexacare,5,25
H405,2025-08,Competitor_A,5,23
H405,2025-08,Competitor_B,5,20
H406,2025-08,Apexacare,19,83
H406,2025-08,Competitor_A,16,71
H406,2025-08,Competitor_B,16,66
H407,2025-08,Apexacare,11,53
H407,2025-08,Competitor_A,11,51
H407,2025-08,Competitor_B,10,40
H408,2025-08,Apexacare,22,76
H408,2025-08,Competitor_A,12,44
H408,2025-08,Competitor_B,13,42
H409,2025-08,Apexacare,8,33
H409,2025-08,Competitor_A,5,23
H409,2025-08,Competitor_B,6,24
H410,2025-08,Apexacare,7,27
H410,2025-08,Competitor_A,17,65
H410,2025-08,Competitor_B,13,48
H411,2025-08,Apexacare,5,21
H411,2025-08,Competitor_A,2,8
H411,2025-08,Competitor_B,2,9
H412,2025-08,Apexacare,5,25
H412,2025-08,Competitor_A,7,35
H412,2025-08,Competitor_B,6,30
H413,2025-08,Apexacare,11,45
H413,2025-08,Competitor_A,10,42
H413,2025-08,Competitor_B,8,33
H414,2025-08,Apexacare,7,37
H414,2025-08,Competitor_A,7,35
H414,2025-08,Competitor_B,7,30
H415,2025-08,Apexacare,21,73
H415,2025-08,Competitor_A,8,29
H415,2025-08,Competitor_B,9,30
H416,2025-08,Apexacare,0,4
H416,2025-08,Competitor_A,1,5
H416,2025-08,Competitor_B,2,7
H417,2025-08,Apexacare,13,57
H417,2025-08,Competitor_A,11,51
H417,2025-08,Competitor_B,9,36
H418,2025-08,Apexacare,10,36
H418,2025-08,Competitor_A,10,37
H418,2025-08,Competitor_B,8,29
H419,2025-08,Apexacare,3,12
H419,2025-08,Competitor_A,3,12
H419,2025-08,Competitor_B,3,12
H420,2025-08,Apexacare,9,32
H420,2025-08,Competitor_A,6,24
H420,2025-08,Competitor_B,6,19
H421,2025-08,Apexacare,9,35
H421,2025-08,Competitor_A,7,28
H421,2025-08,Competitor_B,9,27
H422,2025-08,Apexacare,4,16
H422,2025-08,Competitor_A,3,12
H422,2025-08,Competitor_B,5,14
H423,2025-08,Apexacare,16,59
H423,2025-08,Competitor_A,7,26
H423,2025-08,Competitor_B,6,20
H424,2025-08,Apexacare,17,65
H424,2025-08,Competitor_A,12,49
H424,2025-08,Competitor_B,11,40
H425,2025-08,Apexacare,12,48
H425,2025-08,Competitor_A,12,48
H425,2025-08,Competitor_B,13,44
H426,2025-08,Apexacare,7,30
H426,2025-08,Competitor_A,10,41
H426,2025-08,Competitor_B,12,41
H427,2025-08,Apexacare,10,42
H427,2025-08,Competitor_A,7,29
H427,2025-08,Competitor_B,6,25
H428,2025-08,Apexacare,14,51
H428,2025-08,Competitor_A,11,39
H428,2025-08,Competitor_B,9,30
H429,2025-08,Apexacare,16,69
H429,2025-08,Competitor_A,8,36
H429,2025-08,Competitor_B,7,28
H430,2025-08,Apexacare,6,30
H430,2025-08,Competitor_A,7,34
H430,2025-08,Competitor_B,8,32
H431,2025-08,Apexacare,8,29
H431,2025-08,Competitor_A,9,35
H431,2025-08,Competitor_B,8,26
H432,2025-08,Apexacare,6,27
H432,2025-08,Competitor_A,6,27
H432,2025-08,Competitor_B,5,21
H433,2025-08,Apexacare,8,34
H433,2025-08,Competitor_A,6,29
H433,2025-08,Competitor_B,7,27
H434,2025-08,Apexacare,6,30
H434,2025-08,Competitor_A,4,24
H434,2025-08,Competitor_B,5,21
H435,2025-08,Apexacare,7,31
H435,2025-08,Competitor_A,7,32
H435,2025-08,Competitor_B,7,25
H436,2025-08,Apexacare,9,36
H436,2025-08,Competitor_A,11,41
H436,2025-08,Competitor_B,9,28
H437,2025-08,Apexacare,17,82
H437,2025-08,Competitor_A,6,32
H437,2025-08,Competitor_B,7,30
H438,2025-08,Apexacare,2,12
H438,2025-08,Competitor_A,2,11
H438,2025-08,Competitor_B,2,9
H439,2025-08,Apexacare,10,42
H439,2025-08,Competitor_A,11,47
H439,2025-08,Competitor_B,13,47
H440,2025-08,Apexacare,6,23
H440,2025-08,Competitor_A,10,40
H440,2025-08,Competitor_B,12,42
H441,2025-08,Apexacare,9,40
H441,2025-08,Competitor_A,7,31
H441,2025-08,Competitor_B,7,29
H442,2025-08,Apexacare,14,47
H442,2025-08,Competitor_A,8,28
H442,2025-08,Competitor_B,6,20
H443,2025-08,Apexacare,7,36
H443,2025-08,Competitor_A,12,61
H443,2025-08,Competitor_B,12,55
H444,2025-08,Apexacare,6,24
H444,2025-08,Competitor_A,13,48
H444,2025-08,Competitor_B,14,48
H445,2025-08,Apexacare,8,33
H445,2025-08,Competitor_A,10,41
H445,2025-08,Competitor_B,10,38
H446,2025-08,Apexacare,11,40
H446,2025-08,Competitor_A,17,62
H446,2025-08,Competitor_B,14,45
H447,2025-08,Apexacare,11,47
H447,2025-08,Competitor_A,7,30
H447,2025-08,Competitor_B,7,28
H448,2025-08,Apexacare,4,19
H448,2025-08,Competitor_A,1,7
H448,2025-08,Competitor_B,3,8
H449,2025-08,Apexacare,8,32
H449,2025-08,Competitor_A,7,30
H449,2025-08,Competitor_B,6,23
H450,2025-08,Apexacare,13,52
H450,2025-08,Competitor_A,13,49
H450,2025-08,Competitor_B,13,46
H451,2025-08,Apexacare,8,35
H451,2025-08,Competitor_A,11,49
H451,2025-08,Competitor_B,12,44
H452,2025-08,Apexacare,8,41
H452,2025-08,Competitor_A,8,40
H452,2025-08,Competitor_B,10,39
H453,2025-08,Apexacare,6,29
H453,2025-08,Competitor_A,8,37
H453,2025-08,Competitor_B,7,30
H454,2025-08,Apexacare,7,31
H454,2025-08,Competitor_A,14,61
H454,2025-08,Competitor_B,13,55
H455,2025-08,Apexacare,1,7
H455,2025-08,Competitor_A,1,7
H455,2025-08,Competitor_B,3,7
H456,2025-08,Apexacare,16,64
H456,2025-08,Competitor_A,10,42
H456,2025-08,Competitor_B,10,38
H457,2025-08,Apexacare,8,37
H457,2025-08,Competitor_A,8,37
H457,2025-08,Competitor_B,7,31
H458,2025-08,Apexacare,4,19
H458,2025-08,Competitor_A,3,16
H458,2025-08,Competitor_B,3,13
H459,2025-08,Apexacare,1,5
H459,2025-08,Competitor_A,3,15
H459,2025-08,Competitor_B,4,14
H460,2025-08,Apexacare,15,75
H460,2025-08,Competitor_A,16,79
H460,2025-08,Competitor_B,12,56
H461,2025-08,Apexacare,13,59
H461,2025-08,Competitor_A,7,32
H461,2025-08,Competitor_B,6,23
H462,2025-08,Apexacare,9,34
H462,2025-08,Competitor_A,11,45
H462,2025-08,Competitor_B,11,41
H463,2025-08,Apexacare,11,42
H463,2025-08,Competitor_A,5,17
H463,2025-08,Competitor_B,5,16
H464,2025-08,Apexacare,11,58
H464,2025-08,Competitor_A,10,49
H464,2025-08,Competitor_B,10,46
H465,2025-08,Apexacare,17,66
H465,2025-08,Competitor_A,17,67
H465,2025-08,Competitor_B,13,47
H466,2025-08,Apexacare,14,64
H466,2025-08,Competitor_A,10,48
H466,2025-08,Competitor_B,9,40
H467,2025-08,Apexacare,3,17
H467,2025-08,Competitor_A,2,11
H467,2025-08,Competitor_B,3,10
H468,2025-08,Apexacare,10,36
H468,2025-08,Competitor_A,9,34
H468,2025-08,Competitor_B,9,32
H469,2025-08,Apexacare,7,34
H469,2025-08,Competitor_A,8,35
H469,2025-08,Competitor_B,8,31
H470,2025-08,Apexacare,2,11
H470,2025-08,Competitor_A,2,11
H470,2025-08,Competitor_B,3,10
H471,2025-08,Apexacare,8,31
H471,2025-08,Competitor_A,7,25
H471,2025-08,Competitor_B,6,20
H472,2025-08,Apexacare,6,32
H472,2025-08,Competitor_A,9,46
H472,2025-08,Competitor_B,9,36
H473,2025-08,Apexacare,1,5
H473,2025-08,Competitor_A,2,8
H473,2025-08,Competitor_B,2,7
H474,2025-08,Apexacare,10,54
H474,2025-08,Competitor_A,10,56
H474,2025-08,Competitor_B,10,44
H475,2025-08,Apexacare,10,43
H475,2025-08,Competitor_A,7,29
H475,2025-08,Competitor_B,6,23
H476,2025-08,Apexacare,6,29
H476,2025-08,Competitor_A,2,11
H476,2025-08,Competitor_B,4,11
H477,2025-08,Apexacare,7,28
H477,2025-08,Competitor_A,9,36
H477,2025-08,Competitor_B,7,26
H478,2025-08,Apexacare,16,77
H478,2025-08,Competitor_A,6,30
H478,2025-08,Competitor_B,7,29
H479,2025-08,Apexacare,8,32
H479,2025-08,Competitor_A,7,26
H479,2025-08,Competitor_B,6,22
H480,2025-08,Apexacare,7,26
H480,2025-08,Competitor_A,11,40
H480,2025-08,Competitor_B,10,36
H481,2025-08,Apexacare,11,59
H481,2025-08,Competitor_A,12,60
H481,2025-08,Competitor_B,12,57
H482,2025-08,Apexacare,16,81
H482,2025-08,Competitor_A,6,34
H482,2025-08,Competitor_B,7,29
H483,2025-08,Apexacare,1,7
H483,2025-08,Competitor_A,1,7
H483,2025-08,Competitor_B,2,7
H484,2025-08,Apexacare,6,31
H484,2025-08,Competitor_A,10,49
H484,2025-08,Competitor_B,10,39
H485,2025-08,Apexacare,2,13
H485,2025-08,Competitor_A,16,75
H485,2025-08,Competitor_B,14,59
H486,2025-08,Apexacare,1,8
H486,2025-08,Competitor_A,3,18
H486,2025-08,Competitor_B,5,16
H487,2025-08,Apexacare,7,32
H487,2025-08,Competitor_A,8,36
H487,2025-08,Competitor_B,8,37
H488,2025-08,Apexacare,13,47
H488,2025-08,Competitor_A,16,58
H488,2025-08,Competitor_B,12,42
H489,2025-08,Apexacare,8,29
H489,2025-08,Competitor_A,24,88
H489,2025-08,Competitor_B,18,63
H490,2025-08,Apexacare,13,59
H490,2025-08,Competitor_A,14,63
H490,2025-08,Competitor_B,11,46
H491,2025-08,Apexacare,10,38
H491,2025-08,Competitor_A,9,34
H491,2025-08,Competitor_B,10,33
H492,2025-08,Apexacare,5,25
H492,2025-08,Competitor_A,8,39
H492,2025-08,Competitor_B,8,31
H493,2025-08,Apexacare,5,27
H493,2025-08,Competitor_A,6,30
H493,2025-08,Competitor_B,6,28
H494,2025-08,Apexacare,3,18
H494,2025-08,Competitor_A,3,16
H494,2025-08,Competitor_B,5,17
H495,2025-08,Apexacare,2,12
H495,2025-08,Competitor_A,3,16
H495,2025-08,Competitor_B,3,12
H496,2025-08,Apexacare,13,48
H496,2025-08,Competitor_A,18,64
H496,2025-08,Competitor_B,15,50
H497,2025-08,Apexacare,13,49
H497,2025-08,Competitor_A,23,90
H497,2025-08,Competitor_B,19,71
H498,2025-08,Apexacare,1,5
H498,2025-08,Competitor_A,8,31
H498,2025-08,Competitor_B,8,27
H499,2025-08,Apexacare,5,19
H499,2025-08,Competitor_A,6,21
H499,2025-08,Competitor_B,6,20
H500,2025-08,Apexacare,5,27
H500,2025-08,Competitor_A,3,17
H500,2025-08,Competitor_B,4,16
H501,2025-08,Apexacare,1,6
H501,2025-08,Competitor_A,4,17
H501,2025-08,Competitor_B,4,13
H502,2025-08,Apexacare,4,20
H502,2025-08,Competitor_A,10,44
H502,2025-08,Competitor_B,10,41
H503,2025-08,Apexacare,8,43
H503,2025-08,Competitor_A,9,48
H503,2025-08,Competitor_B,8,35
H504,2025-08,Apexacare,10,41
H504,2025-08,Competitor_A,15,62
H504,2025-08,Competitor_B,12,44
H505,2025-08,Apexacare,4,19
H505,2025-08,Competitor_A,16,75
H505,2025-08,Competitor_B,12,53
H506,2025-08,Apexacare,6,25
H506,2025-08,Competitor_A,7,29
H506,2025-08,Competitor_B,7,26
H507,2025-08,Apexacare,5,27
H507,2025-08,Competitor_A,7,37
H507,2025-08,Competitor_B,8,31
H508,2025-08,Apexacare,11,39
H508,2025-08,Competitor_A,8,31
H508,2025-08,Competitor_B,10,32
H509,2025-08,Apexacare,8,36
H509,2025-08,Competitor_A,9,44
H509,2025-08,Competitor_B,10,40
H510,2025-08,Apexacare,5,22
H510,2025-08,Competitor_A,7,30
H510,2025-08,Competitor_B,7,23
H511,2025-08,Apexacare,13,47
H511,2025-08,Competitor_A,13,46
H511,2025-08,Competitor_B,12,39
H512,2025-08,Apexacare,7,30
H512,2025-08,Competitor_A,12,52
H512,2025-08,Competitor_B,10,38
H513,2025-08,Apexacare,18,92
H513,2025-08,Competitor_A,10,50
H513,2025-08,Competitor_B,10,47
H514,2025-08,Apexacare,5,22
H514,2025-08,Competitor_A,18,70
H514,2025-08,Competitor_B,17,62
H515,2025-08,Apexacare,7,26
H515,2025-08,Competitor_A,13,49
H515,2025-08,Competitor_B,13,45
H516,2025-08,Apexacare,6,33
H516,2025-08,Competitor_A,9,45
H516,2025-08,Competitor_B,9,42
H517,2025-08,Apexacare,10,36
H517,2025-08,Competitor_A,14,51
H517,2025-08,Competitor_B,13,45
H518,2025-08,Apexacare,4,20
H518,2025-08,Competitor_A,11,55
H518,2025-08,Competitor_B,9,44
H519,2025-08,Apexacare,9,33
H519,2025-08,Competitor_A,9,32
H519,2025-08,Competitor_B,8,25
H520,2025-08,Apexacare,2,11
H520,2025-08,Competitor_A,3,14
H520,2025-08,Competitor_B,5,15
H521,2025-08,Apexacare,11,48
H521,2025-08,Competitor_A,14,59
H521,2025-08,Competitor_B,13,55
H522,2025-08,Apexacare,13,56
H522,2025-08,Competitor_A,11,48
H522,2025-08,Competitor_B,11,43
H523,2025-08,Apexacare,2,11
H523,2025-08,Competitor_A,4,19
H523,2025-08,Competitor_B,4,15
H524,2025-08,Apexacare,10,45
H524,2025-08,Competitor_A,11,47
H524,2025-08,Competitor_B,9,34
H525,2025-08,Apexacare,5,20
H525,2025-08,Competitor_A,16,66
H525,2025-08,Competitor_B,14,54
H526,2025-08,Apexacare,7,35
H526,2025-08,Competitor_A,14,68
H526,2025-08,Competitor_B,15,68
H527,2025-08,Apexacare,14,48
H527,2025-08,Competitor_A,20,69
H527,2025-08,Competitor_B,17,59
H528,2025-08,Apexacare,0,3
H528,2025-08,Competitor_A,4,23
H528,2025-08,Competitor_B,5,18
H529,2025-08,Apexacare,4,17
H529,2025-08,Competitor_A,11,39
H529,2025-08,Competitor_B,9,29
H530,2025-08,Apexacare,6,30
H530,2025-08,Competitor_A,7,33
H530,2025-08,Competitor_B,7,27
H531,2025-08,Apexacare,6,28
H531,2025-08,Competitor_A,6,26
H531,2025-08,Competitor_B,7,26
H532,2025-08,Apexacare,7,30
H532,2025-08,Competitor_A,20,88
H532,2025-08,Competitor_B,19,82
H533,2025-08,Apexacare,2,10
H533,2025-08,Competitor_A,3,18
H533,2025-08,Competitor_B,4,17
H534,2025-08,Apexacare,16,56
H534,2025-08,Competitor_A,10,36
H534,2025-08,Competitor_B,8,27
H535,2025-08,Apexacare,6,23
H535,2025-08,Competitor_A,9,34
H535,2025-08,Competitor_B,8,28
H536,2025-08,Apexacare,2,13
H536,2025-08,Competitor_A,9,47
H536,2025-08,Competitor_B,11,45
H537,2025-08,Apexacare,15,59
H537,2025-08,Competitor_A,10,41
H537,2025-08,Competitor_B,11,40
H538,2025-08,Apexacare,9,30
H538,2025-08,Competitor_A,10,35
H538,2025-08,Competitor_B,9,31
H539,2025-08,Apexacare,4,18
H539,2025-08,Competitor_A,8,35
H539,2025-08,Competitor_B,8,32
H540,2025-08,Apexacare,13,51
H540,2025-08,Competitor_A,11,41
H540,2025-08,Competitor_B,10,34
H541,2025-08,Apexacare,13,48
H541,2025-08,Competitor_A,15,55
H541,2025-08,Competitor_B,12,44
H542,2025-08,Apexacare,0,1
H542,2025-08,Competitor_A,1,9
H542,2025-08,Competitor_B,2,9
H543,2025-08,Apexacare,17,62
H543,2025-08,Competitor_A,24,87
H543,2025-08,Competitor_B,21,71
H544,2025-08,Apexacare,7,27
H544,2025-08,Competitor_A,18,66
H544,2025-08,Competitor_B,16,51
H545,2025-08,Apexacare,12,59
H545,2025-08,Competitor_A,10,49
H545,2025-08,Competitor_B,9,42
H546,2025-08,Apexacare,5,30
H546,2025-08,Competitor_A,4,21
H546,2025-08,Competitor_B,5,21
H547,2025-08,Apexacare,3,16
H547,2025-08,Competitor_A,10,47
H547,2025-08,Competitor_B,9,33
H548,2025-08,Apexacare,16,57
H548,2025-08,Competitor_A,17,61
H548,2025-08,Competitor_B,18,58
H549,2025-08,Apexacare,6,31
H549,2025-08,Competitor_A,9,45
H549,2025-08,Competitor_B,8,36
H550,2025-08,Apexacare,6,26
H550,2025-08,Competitor_A,12,49
H550,2025-08,Competitor_B,12,44
H551,2025-08,Apexacare,3,16
H551,2025-08,Competitor_A,4,25
H551,2025-08,Competitor_B,5,22
H552,2025-08,Apexacare,22,75
H552,2025-08,Competitor_A,12,43
H552,2025-08,Competitor_B,11,36
H553,2025-08,Apexacare,6,25
H553,2025-08,Competitor_A,14,59
H553,2025-08,Competitor_B,14,51
H554,2025-08,Apexacare,0,1
H554,2025-08,Competitor_A,1,7
H554,2025-08,Competitor_B,3,8
H555,2025-08,Apexacare,7,25
H555,2025-08,Competitor_A,11,40
H555,2025-08,Competitor_B,12,40
H556,2025-08,Apexacare,9,42
H556,2025-08,Competitor_A,11,52
H556,2025-08,Competitor_B,13,53
H557,2025-08,Apexacare,10,54
H557,2025-08,Competitor_A,14,70
H557,2025-08,Competitor_B,11,52
H558,2025-08,Apexacare,8,30
H558,2025-08,Competitor_A,9,32
H558,2025-08,Competitor_B,10,33
H559,2025-08,Apexacare,6,25
H559,2025-08,Competitor_A,9,35
H559,2025-08,Competitor_B,9,30
H560,2025-08,Apexacare,2,11
H560,2025-08,Competitor_A,11,51
H560,2025-08,Competitor_B,10,38
H561,2025-08,Apexacare,11,39
H561,2025-08,Competitor_A,26,93
H561,2025-08,Competitor_B,26,88
H562,2025-08,Apexacare,3,18
H562,2025-08,Competitor_A,7,33
H562,2025-08,Competitor_B,8,33
H563,2025-08,Apexacare,7,31
H563,2025-08,Competitor_A,8,36
H563,2025-08,Competitor_B,9,35
H564,2025-08,Apexacare,7,37
H564,2025-08,Competitor_A,14,66
H564,2025-08,Competitor_B,15,65
H565,2025-08,Apexacare,4,19
H565,2025-08,Competitor_A,5,21
H565,2025-08,Competitor_B,7,23
H566,2025-08,Apexacare,11,40
H566,2025-08,Competitor_A,10,36
H566,2025-08,Competitor_B,9,29
H567,2025-08,Apexacare,8,28
H567,2025-08,Competitor_A,16,56
H567,2025-08,Competitor_B,14,48
H568,2025-08,Apexacare,12,44
H568,2025-08,Competitor_A,15,56
H568,2025-08,Competitor_B,15,52
H569,2025-08,Apexacare,5,19
H569,2025-08,Competitor_A,8,33
H569,2025-08,Competitor_B,8,28
H570,2025-08,Apexacare,3,16
H570,2025-08,Competitor_A,6,29
H570,2025-08,Competitor_B,6,27
H571,2025-08,Apexacare,2,10
H571,2025-08,Competitor_A,3,18
H571,2025-08,Competitor_B,5,20
H572,2025-08,Apexacare,8,38
H572,2025-08,Competitor_A,16,71
H572,2025-08,Competitor_B,13,53
H573,2025-08,Apexacare,5,23
H573,2025-08,Competitor_A,21,96
H573,2025-08,Competitor_B,16,70
H574,2025-08,Apexacare,3,15
H574,2025-08,Competitor_A,8,34
H574,2025-08,Competitor_B,10,31
H575,2025-08,Apexacare,6,32
H575,2025-08,Competitor_A,6,29
H575,2025-08,Competitor_B,6,24
H576,2025-08,Apexacare,2,13
H576,2025-08,Competitor_A,3,17
H576,2025-08,Competitor_B,4,12
H577,2025-08,Apexacare,10,35
H577,2025-08,Competitor_A,10,37
H577,2025-08,Competitor_B,8,28
H578,2025-08,Apexacare,9,36
H578,2025-08,Competitor_A,10,40
H578,2025-08,Competitor_B,8,29
H579,2025-08,Apexacare,2,12
H579,2025-08,Competitor_A,5,25
H579,2025-08,Competitor_B,7,26
H580,2025-08,Apexacare,11,55
H580,2025-08,Competitor_A,15,75
H580,2025-08,Competitor_B,15,68
H581,2025-08,Apexacare,10,50
H581,2025-08,Competitor_A,14,69
H581,2025-08,Competitor_B,12,49
H582,2025-08,Apexacare,8,30
H582,2025-08,Competitor_A,11,40
H582,2025-08,Competitor_B,10,32
H583,2025-08,Apexacare,7,31
H583,2025-08,Competitor_A,19,82
H583,2025-08,Competitor_B,15,58
H584,2025-08,Apexacare,9,37
H584,2025-08,Competitor_A,6,25
H584,2025-08,Competitor_B,6,22
H585,2025-08,Apexacare,15,58
H585,2025-08,Competitor_A,20,78
H585,2025-08,Competitor_B,15,53
H586,2025-08,Apexacare,7,27
H586,2025-08,Competitor_A,16,58
H586,2025-08,Competitor_B,13,41
H587,2025-08,Apexacare,3,11
H587,2025-08,Competitor_A,10,38
H587,2025-08,Competitor_B,11,35
H588,2025-08,Apexacare,8,33
H588,2025-08,Competitor_A,10,38
H588,2025-08,Competitor_B,8,29
H589,2025-08,Apexacare,7,26
H589,2025-08,Competitor_A,12,47
H589,2025-08,Competitor_B,12,41
H590,2025-08,Apexacare,20,71
H590,2025-08,Competitor_A,15,54
H590,2025-08,Competitor_B,13,46
H591,2025-08,Apexacare,1,5
H591,2025-08,Competitor_A,1,7
H591,2025-08,Competitor_B,3,9
H592,2025-08,Apexacare,3,11
H592,2025-08,Competitor_A,11,40
H592,2025-08,Competitor_B,10,33
H593,2025-08,Apexacare,12,47
H593,2025-08,Competitor_A,7,27
H593,2025-08,Competitor_B,8,28
H594,2025-08,Apexacare,1,6
H594,2025-08,Competitor_A,11,42
H594,2025-08,Competitor_B,9,32
H595,2025-08,Apexacare,13,45
H595,2025-08,Competitor_A,13,45
H595,2025-08,Competitor_B,11,36
H596,2025-08,Apexacare,18,74
H596,2025-08,Competitor_A,10,43
H596,2025-08,Competitor_B,12,43
H597,2025-08,Apexacare,12,48
H597,2025-08,Competitor_A,8,31
H597,2025-08,Competitor_B,8,29
H598,2025-08,Apexacare,14,56
H598,2025-08,Competitor_A,18,73
H598,2025-08,Competitor_B,19,71
H599,2025-08,Apexacare,6,28
H599,2025-08,Competitor_A,9,38
H599,2025-08,Competitor_B,9,34
H600,2025-08,Apexacare,10,48
H600,2025-08,Competitor_A,10,49
H600,2025-08,Competitor_B,10,43
H601,2025-08,Apexacare,5,19
H601,2025-08,Competitor_A,7,27
H601,2025-08,Competitor_B,6,20
H602,2025-08,Apexacare,1,6
H602,2025-08,Competitor_A,1,4
H602,2025-08,Competitor_B,2,5
H603,2025-08,Apexacare,27,111
H603,2025-08,Competitor_A,11,46
H603,2025-08,Competitor_B,12,43
H604,2025-08,Apexacare,3,14
H604,2025-08,Competitor_A,2,9
H604,2025-08,Competitor_B,3,9
H605,2025-08,Apexacare,19,71
H605,2025-08,Competitor_A,9,36
H605,2025-08,Competitor_B,9,29
H001,2025-09,Apexacare,15,72
H001,2025-09,Competitor_A,14,67
H001,2025-09,Competitor_B,14,59
H002,2025-09,Apexacare,16,65
H002,2025-09,Competitor_A,9,38
H002,2025-09,Competitor_B,9,30
H003,2025-09,Apexacare,1,8
H003,2025-09,Competitor_A,1,7
H003,2025-09,Competitor_B,3,7
H004,2025-09,Apexacare,26,93
H004,2025-09,Competitor_A,12,44
H004,2025-09,Competitor_B,10,31
H005,2025-09,Apexacare,6,32
H005,2025-09,Competitor_A,4,23
H005,2025-09,Competitor_B,5,20
H006,2025-09,Apexacare,15,68
H006,2025-09,Competitor_A,11,53
H006,2025-09,Competitor_B,12,50
H007,2025-09,Apexacare,4,18
H007,2025-09,Competitor_A,4,18
H007,2025-09,Competitor_B,5,18
H008,2025-09,Apexacare,13,49
H008,2025-09,Competitor_A,8,31
H008,2025-09,Competitor_B,7,25
H009,2025-09,Apexacare,15,62
H009,2025-09,Competitor_A,13,55
H009,2025-09,Competitor_B,13,51
H010,2025-09,Apexacare,12,47
H010,2025-09,Competitor_A,13,49
H010,2025-09,Competitor_B,13,44
H011,2025-09,Apexacare,10,41
H011,2025-09,Competitor_A,15,58
H011,2025-09,Competitor_B,13,45
H012,2025-09,Apexacare,8,40
H012,2025-09,Competitor_A,7,34
H012,2025-09,Competitor_B,8,34
H013,2025-09,Apexacare,7,35
H013,2025-09,Competitor_A,5,24
H013,2025-09,Competitor_B,5,21
H014,2025-09,Apexacare,19,67
H014,2025-09,Competitor_A,8,30
H014,2025-09,Competitor_B,7,23
H015,2025-09,Apexacare,8,31
H015,2025-09,Competitor_A,6,23
H015,2025-09,Competitor_B,6,21
H016,2025-09,Apexacare,9,46
H016,2025-09,Competitor_A,6,31
H016,2025-09,Competitor_B,8,31
H017,2025-09,Apexacare,24,99
H017,2025-09,Competitor_A,16,66
H017,2025-09,Competitor_B,12,45
H018,2025-09,Apexacare,6,25
H018,2025-09,Competitor_A,4,19
H018,2025-09,Competitor_B,5,19
H019,2025-09,Apexacare,8,29
H019,2025-09,Competitor_A,13,46
H019,2025-09,Competitor_B,12,37
H020,2025-09,Apexacare,4,14
H020,2025-09,Competitor_A,4,16
H020,2025-09,Competitor_B,4,14
H021,2025-09,Apexacare,8,28
H021,2025-09,Competitor_A,8,28
H021,2025-09,Competitor_B,7,24
H022,2025-09,Apexacare,13,44
H022,2025-09,Competitor_A,15,52
H022,2025-09,Competitor_B,15,51
H023,2025-09,Apexacare,15,53
H023,2025-09,Competitor_A,12,43
H023,2025-09,Competitor_B,9,30
H024,2025-09,Apexacare,16,73
H024,2025-09,Competitor_A,14,63
H024,2025-09,Competitor_B,12,53
H025,2025-09,Apexacare,8,43
H025,2025-09,Competitor_A,7,38
H025,2025-09,Competitor_B,8,31
H026,2025-09,Apexacare,11,45
H026,2025-09,Competitor_A,4,17
H026,2025-09,Competitor_B,5,18
H027,2025-09,Apexacare,7,26
H027,2025-09,Competitor_A,7,25
H027,2025-09,Competitor_B,6,17
H028,2025-09,Apexacare,8,37
H028,2025-09,Competitor_A,11,50
H028,2025-09,Competitor_B,9,41
H029,2025-09,Apexacare,12,46
H029,2025-09,Competitor_A,7,27
H029,2025-09,Competitor_B,7,23
H030,2025-09,Apexacare,12,56
H030,2025-09,Competitor_A,20,95
H030,2025-09,Competitor_B,15,69
H031,2025-09,Apexacare,9,34
H031,2025-09,Competitor_A,3,14
H031,2025-09,Competitor_B,5,16
H032,2025-09,Apexacare,11,53
H032,2025-09,Competitor_A,10,46
H032,2025-09,Competitor_B,11,45
H033,2025-09,Apexacare,16,64
H033,2025-09,Competitor_A,12,50
H033,2025-09,Competitor_B,13,48
H034,2025-09,Apexacare,11,46
H034,2025-09,Competitor_A,10,43
H034,2025-09,Competitor_B,8,31
H035,2025-09,Apexacare,8,38
H035,2025-09,Competitor_A,6,30
H035,2025-09,Competitor_B,7,27
H036,2025-09,Apexacare,11,47
H036,2025-09,Competitor_A,9,38
H036,2025-09,Competitor_B,9,35
H037,2025-09,Apexacare,10,36
H037,2025-09,Competitor_A,15,55
H037,2025-09,Competitor_B,14,49
H038,2025-09,Apexacare,11,46
H038,2025-09,Competitor_A,13,55
H038,2025-09,Competitor_B,14,52
H039,2025-09,Apexacare,23,86
H039,2025-09,Competitor_A,11,40
H039,2025-09,Competitor_B,10,36
H040,2025-09,Apexacare,13,45
H040,2025-09,Competitor_A,14,49
H040,2025-09,Competitor_B,13,41
H041,2025-09,Apexacare,5,24
H041,2025-09,Competitor_A,4,19
H041,2025-09,Competitor_B,5,20
H042,2025-09,Apexacare,5,27
H042,2025-09,Competitor_A,6,31
H042,2025-09,Competitor_B,6,30
H043,2025-09,Apexacare,12,48
H043,2025-09,Competitor_A,10,38
H043,2025-09,Competitor_B,9,33
H044,2025-09,Apexacare,7,28
H044,2025-09,Competitor_A,14,52
H044,2025-09,Competitor_B,16,52
H045,2025-09,Apexacare,13,51
H045,2025-09,Competitor_A,22,87
H045,2025-09,Competitor_B,17,60
H046,2025-09,Apexacare,22,77
H046,2025-09,Competitor_A,10,35
H046,2025-09,Competitor_B,11,35
H047,2025-09,Apexacare,1,7
H047,2025-09,Competitor_A,1,8
H047,2025-09,Competitor_B,3,7
H048,2025-09,Apexacare,5,22
H048,2025-09,Competitor_A,3,14
H048,2025-09,Competitor_B,5,15
H049,2025-09,Apexacare,10,44
H049,2025-09,Competitor_A,10,45
H049,2025-09,Competitor_B,9,37
H050,2025-09,Apexacare,6,24
H050,2025-09,Competitor_A,13,50
H050,2025-09,Competitor_B,12,46
H051,2025-09,Apexacare,26,104
H051,2025-09,Competitor_A,12,46
H051,2025-09,Competitor_B,13,48
H052,2025-09,Apexacare,4,17
H052,2025-09,Competitor_A,3,14
H052,2025-09,Competitor_B,5,14
H053,2025-09,Apexacare,16,56
H053,2025-09,Competitor_A,8,29
H053,2025-09,Competitor_B,8,25
H054,2025-09,Apexacare,8,42
H054,2025-09,Competitor_A,7,39
H054,2025-09,Competitor_B,8,33
H055,2025-09,Apexacare,9,38
H055,2025-09,Competitor_A,9,38
H055,2025-09,Competitor_B,9,29
H056,2025-09,Apexacare,20,68
H056,2025-09,Competitor_A,15,51
H056,2025-09,Competitor_B,15,51
H057,2025-09,Apexacare,13,48
H057,2025-09,Competitor_A,6,23
H057,2025-09,Competitor_B,6,19
H058,2025-09,Apexacare,9,42
H058,2025-09,Competitor_A,8,39
H058,2025-09,Competitor_B,9,38
H059,2025-09,Apexacare,9,40
H059,2025-09,Competitor_A,6,27
H059,2025-09,Competitor_B,6,23
H060,2025-09,Apexacare,14,70
H060,2025-09,Competitor_A,12,61
H060,2025-09,Competitor_B,11,49
H061,2025-09,Apexacare,13,54
H061,2025-09,Competitor_A,13,57
H061,2025-09,Competitor_B,11,42
H062,2025-09,Apexacare,8,31
H062,2025-09,Competitor_A,4,16
H062,2025-09,Competitor_B,5,16
H063,2025-09,Apexacare,5,18
H063,2025-09,Competitor_A,5,20
H063,2025-09,Competitor_B,7,22
H064,2025-09,Apexacare,22,93
H064,2025-09,Competitor_A,10,44
H064,2025-09,Competitor_B,11,39
H065,2025-09,Apexacare,11,45
H065,2025-09,Competitor_A,13,53
H065,2025-09,Competitor_B,11,37
H066,2025-09,Apexacare,10,37
H066,2025-09,Competitor_A,17,62
H066,2025-09,Competitor_B,18,63
H067,2025-09,Apexacare,5,25
H067,2025-09,Competitor_A,6,29
H067,2025-09,Competitor_B,6,26
H068,2025-09,Apexacare,2,10
H068,2025-09,Competitor_A,3,14
H068,2025-09,Competitor_B,4,16
H069,2025-09,Apexacare,11,44
H069,2025-09,Competitor_A,15,59
H069,2025-09,Competitor_B,14,50
H070,2025-09,Apexacare,22,89
H070,2025-09,Competitor_A,11,45
H070,2025-09,Competitor_B,10,34
H071,2025-09,Apexacare,8,35
H071,2025-09,Competitor_A,5,25
H071,2025-09,Competitor_B,5,20
H072,2025-09,Apexacare,6,25
H072,2025-09,Competitor_A,5,21
H072,2025-09,Competitor_B,7,22
H073,2025-09,Apexacare,5,21
H073,2025-09,Competitor_A,4,16
H073,2025-09,Competitor_B,5,14
H074,2025-09,Apexacare,21,78
H074,2025-09,Competitor_A,17,62
H074,2025-09,Competitor_B,17,58
H075,2025-09,Apexacare,6,29
H075,2025-09,Competitor_A,6,29
H075,2025-09,Competitor_B,6,22
H076,2025-09,Apexacare,6,27
H076,2025-09,Competitor_A,10,46
H076,2025-09,Competitor_B,8,32
H077,2025-09,Apexacare,8,31
H077,2025-09,Competitor_A,11,40
H077,2025-09,Competitor_B,10,31
H078,2025-09,Apexacare,4,15
H078,2025-09,Competitor_A,3,12
H078,2025-09,Competitor_B,3,11
H079,2025-09,Apexacare,4,18
H079,2025-09,Competitor_A,3,16
H079,2025-09,Competitor_B,5,17
H080,2025-09,Apexacare,19,83
H080,2025-09,Competitor_A,8,37
H080,2025-09,Competitor_B,9,34
H081,2025-09,Apexacare,12,44
H081,2025-09,Competitor_A,12,42
H081,2025-09,Competitor_B,13,42
H082,2025-09,Apexacare,20,95
H082,2025-09,Competitor_A,12,59
H082,2025-09,Competitor_B,13,56
H083,2025-09,Apexacare,20,79
H083,2025-09,Competitor_A,10,40
H083,2025-09,Competitor_B,9,34
H084,2025-09,Apexacare,2,8
H084,2025-09,Competitor_A,0,3
H084,2025-09,Competitor_B,2,4
H085,2025-09,Apexacare,7,31
H085,2025-09,Competitor_A,15,60
H085,2025-09,Competitor_B,11,41
H086,2025-09,Apexacare,11,44
H086,2025-09,Competitor_A,10,39
H086,2025-09,Competitor_B,10,36
H087,2025-09,Apexacare,9,41
H087,2025-09,Competitor_A,10,50
H087,2025-09,Competitor_B,9,37
H088,2025-09,Apexacare,13,54
H088,2025-09,Competitor_A,8,34
H088,2025-09,Competitor_B,8,32
H089,2025-09,Apexacare,15,56
H089,2025-09,Competitor_A,19,73
H089,2025-09,Competitor_B,17,60
H090,2025-09,Apexacare,11,42
H090,2025-09,Competitor_A,9,35
H090,2025-09,Competitor_B,10,35
H091,2025-09,Apexacare,18,70
H091,2025-09,Competitor_A,8,32
H091,2025-09,Competitor_B,9,33
H092,2025-09,Apexacare,11,41
H092,2025-09,Competitor_A,11,40
H092,2025-09,Competitor_B,10,31
H093,2025-09,Apexacare,15,61
H093,2025-09,Competitor_A,11,44
H093,2025-09,Competitor_B,9,35
H094,2025-09,Apexacare,3,18
H094,2025-09,Competitor_A,2,14
H094,2025-09,Competitor_B,4,16
H095,2025-09,Apexacare,12,41
H095,2025-09,Competitor_A,25,88
H095,2025-09,Competitor_B,18,60
H096,2025-09,Apexacare,5,29
H096,2025-09,Competitor_A,4,24
H096,2025-09,Competitor_B,6,22
H097,2025-09,Apexacare,1,6
H097,2025-09,Competitor_A,1,7
H097,2025-09,Competitor_B,2,7
H098,2025-09,Apexacare,8,29
H098,2025-09,Competitor_A,11,41
H098,2025-09,Competitor_B,9,32
H099,2025-09,Apexacare,11,49
H099,2025-09,Competitor_A,12,52
H099,2025-09,Competitor_B,11,39
H100,2025-09,Apexacare,10,50
H100,2025-09,Competitor_A,6,32
H100,2025-09,Competitor_B,7,26
H101,2025-09,Apexacare,10,52
H101,2025-09,Competitor_A,6,30
H101,2025-09,Competitor_B,7,32
H102,2025-09,Apexacare,11,40
H102,2025-09,Competitor_A,13,47
H102,2025-09,Competitor_B,9,33
H103,2025-09,Apexacare,3,15
H103,2025-09,Competitor_A,2,11
H103,2025-09,Competitor_B,4,10
H104,2025-09,Apexacare,10,41
H104,2025-09,Competitor_A,8,34
H104,2025-09,Competitor_B,9,30
H105,2025-09,Apexacare,20,80
H105,2025-09,Competitor_A,12,51
H105,2025-09,Competitor_B,12,45
H106,2025-09,Apexacare,8,34
H106,2025-09,Competitor_A,13,57
H106,2025-09,Competitor_B,11,42
H107,2025-09,Apexacare,6,29
H107,2025-09,Competitor_A,2,11
H107,2025-09,Competitor_B,3,11
H108,2025-09,Apexacare,8,37
H108,2025-09,Competitor_A,4,21
H108,2025-09,Competitor_B,5,18
H109,2025-09,Apexacare,11,43
H109,2025-09,Competitor_A,15,56
H109,2025-09,Competitor_B,12,45
H110,2025-09,Apexacare,7,31
H110,2025-09,Competitor_A,6,27
H110,2025-09,Competitor_B,5,22
H111,2025-09,Apexacare,13,65
H111,2025-09,Competitor_A,6,33
H111,2025-09,Competitor_B,7,28
H112,2025-09,Apexacare,7,36
H112,2025-09,Competitor_A,5,26
H112,2025-09,Competitor_B,4,22
H113,2025-09,Apexacare,0,4
H113,2025-09,Competitor_A,1,5
H113,2025-09,Competitor_B,2,7
H114,2025-09,Apexacare,9,31
H114,2025-09,Competitor_A,13,45
H114,2025-09,Competitor_B,13,44
H115,2025-09,Apexacare,14,63
H115,2025-09,Competitor_A,6,30
H115,2025-09,Competitor_B,6,21
H116,2025-09,Apexacare,19,94
H116,2025-09,Competitor_A,8,42
H116,2025-09,Competitor_B,9,34
H117,2025-09,Apexacare,2,10
H117,2025-09,Competitor_A,2,12
H117,2025-09,Competitor_B,4,14
H118,2025-09,Apexacare,14,49
H118,2025-09,Competitor_A,11,40
H118,2025-09,Competitor_B,12,39
H119,2025-09,Apexacare,15,71
H119,2025-09,Competitor_A,8,40
H119,2025-09,Competitor_B,10,41
H120,2025-09,Apexacare,12,44
H120,2025-09,Competitor_A,15,56
H120,2025-09,Competitor_B,15,50
H121,2025-09,Apexacare,16,69
H121,2025-09,Competitor_A,17,74
H121,2025-09,Competitor_B,14,57
H122,2025-09,Apexacare,8,37
H122,2025-09,Competitor_A,7,35
H122,2025-09,Competitor_B,8,33
H123,2025-09,Apexacare,8,40
H123,2025-09,Competitor_A,8,40
H123,2025-09,Competitor_B,8,34
H124,2025-09,Apexacare,3,14
H124,2025-09,Competitor_A,9,40
H124,2025-09,Competitor_B,9,36
H125,2025-09,Apexacare,10,44
H125,2025-09,Competitor_A,13,55
H125,2025-09,Competitor_B,14,53
H126,2025-09,Apexacare,6,21
H126,2025-09,Competitor_A,6,21
H126,2025-09,Competitor_B,6,22
H127,2025-09,Apexacare,15,53
H127,2025-09,Competitor_A,10,36
H127,2025-09,Competitor_B,11,37
H128,2025-09,Apexacare,6,25
H128,2025-09,Competitor_A,6,25
H128,2025-09,Competitor_B,6,18
H129,2025-09,Apexacare,16,56
H129,2025-09,Competitor_A,14,50
H129,2025-09,Competitor_B,12,41
H130,2025-09,Apexacare,7,34
H130,2025-09,Competitor_A,6,31
H130,2025-09,Competitor_B,6,25
H131,2025-09,Apexacare,3,13
H131,2025-09,Competitor_A,3,11
H131,2025-09,Competitor_B,4,12
H132,2025-09,Apexacare,10,35
H132,2025-09,Competitor_A,5,19
H132,2025-09,Competitor_B,6,21
H133,2025-09,Apexacare,11,40
H133,2025-09,Competitor_A,6,25
H133,2025-09,Competitor_B,6,19
H134,2025-09,Apexacare,5,23
H134,2025-09,Competitor_A,7,30
H134,2025-09,Competitor_B,5,22
H135,2025-09,Apexacare,3,14
H135,2025-09,Competitor_A,2,9
H135,2025-09,Competitor_B,2,9
H136,2025-09,Apexacare,7,37
H136,2025-09,Competitor_A,7,37
H136,2025-09,Competitor_B,9,36
H137,2025-09,Apexacare,13,59
H137,2025-09,Competitor_A,15,70
H137,2025-09,Competitor_B,17,69
H138,2025-09,Apexacare,16,68
H138,2025-09,Competitor_A,10,43
H138,2025-09,Competitor_B,8,33
H139,2025-09,Apexacare,9,46
H139,2025-09,Competitor_A,7,34
H139,2025-09,Competitor_B,8,34
H140,2025-09,Apexacare,4,23
H140,2025-09,Competitor_A,4,22
H140,2025-09,Competitor_B,5,23
H141,2025-09,Apexacare,10,51
H141,2025-09,Competitor_A,12,60
H141,2025-09,Competitor_B,12,51
H142,2025-09,Apexacare,10,35
H142,2025-09,Competitor_A,13,47
H142,2025-09,Competitor_B,12,38
H143,2025-09,Apexacare,12,64
H143,2025-09,Competitor_A,12,64
H143,2025-09,Competitor_B,11,48
H144,2025-09,Apexacare,8,29
H144,2025-09,Competitor_A,12,45
H144,2025-09,Competitor_B,13,46
H145,2025-09,Apexacare,2,8
H145,2025-09,Competitor_A,1,5
H145,2025-09,Competitor_B,2,6
H146,2025-09,Apexacare,12,62
H146,2025-09,Competitor_A,10,50
H146,2025-09,Competitor_B,8,35
H147,2025-09,Apexacare,3,18
H147,2025-09,Competitor_A,5,26
H147,2025-09,Competitor_B,4,19
H148,2025-09,Apexacare,8,30
H148,2025-09,Competitor_A,5,20
H148,2025-09,Competitor_B,5,16
H149,2025-09,Apexacare,0,3
H149,2025-09,Competitor_A,1,6
H149,2025-09,Competitor_B,3,7
H150,2025-09,Apexacare,16,57
H150,2025-09,Competitor_A,10,37
H150,2025-09,Competitor_B,11,38
H151,2025-09,Apexacare,14,65
H151,2025-09,Competitor_A,8,39
H151,2025-09,Competitor_B,8,36
H152,2025-09,Apexacare,14,62
H152,2025-09,Competitor_A,6,29
H152,2025-09,Competitor_B,6,23
H153,2025-09,Apexacare,6,27
H153,2025-09,Competitor_A,6,27
H153,2025-09,Competitor_B,6,21
H154,2025-09,Apexacare,10,42
H154,2025-09,Competitor_A,4,16
H154,2025-09,Competitor_B,5,17
H155,2025-09,Apexacare,7,25
H155,2025-09,Competitor_A,7,25
H155,2025-09,Competitor_B,8,25
H156,2025-09,Apexacare,13,56
H156,2025-09,Competitor_A,10,45
H156,2025-09,Competitor_B,12,43
H157,2025-09,Apexacare,3,13
H157,2025-09,Competitor_A,2,9
H157,2025-09,Competitor_B,2,8
H158,2025-09,Apexacare,10,50
H158,2025-09,Competitor_A,5,26
H158,2025-09,Competitor_B,5,20
H159,2025-09,Apexacare,7,30
H159,2025-09,Competitor_A,5,24
H159,2025-09,Competitor_B,6,21
H160,2025-09,Apexacare,12,51
H160,2025-09,Competitor_A,12,52
H160,2025-09,Competitor_B,11,44
H161,2025-09,Apexacare,15,52
H161,2025-09,Competitor_A,12,42
H161,2025-09,Competitor_B,13,41
H162,2025-09,Apexacare,2,12
H162,2025-09,Competitor_A,1,5
H162,2025-09,Competitor_B,2,5
H163,2025-09,Apexacare,5,22
H163,2025-09,Competitor_A,3,13
H163,2025-09,Competitor_B,3,13
H164,2025-09,Apexacare,13,49
H164,2025-09,Competitor_A,11,43
H164,2025-09,Competitor_B,10,34
H165,2025-09,Apexacare,14,64
H165,2025-09,Competitor_A,6,29
H165,2025-09,Competitor_B,6,26
H166,2025-09,Apexacare,4,21
H166,2025-09,Competitor_A,5,24
H166,2025-09,Competitor_B,5,18
H167,2025-09,Apexacare,11,38
H167,2025-09,Competitor_A,17,61
H167,2025-09,Competitor_B,16,53
H168,2025-09,Apexacare,19,91
H168,2025-09,Competitor_A,9,45
H168,2025-09,Competitor_B,8,32
H169,2025-09,Apexacare,2,9
H169,2025-09,Competitor_A,3,13
H169,2025-09,Competitor_B,4,12
H170,2025-09,Apexacare,12,51
H170,2025-09,Competitor_A,5,20
H170,2025-09,Competitor_B,5,19
H171,2025-09,Apexacare,13,65
H171,2025-09,Competitor_A,10,52
H171,2025-09,Competitor_B,11,53
H172,2025-09,Apexacare,15,55
H172,2025-09,Competitor_A,11,41
H172,2025-09,Competitor_B,10,37
H173,2025-09,Apexacare,16,54
H173,2025-09,Competitor_A,16,54
H173,2025-09,Competitor_B,13,44
H174,2025-09,Apexacare,18,76
H174,2025-09,Competitor_A,8,33
H174,2025-09,Competitor_B,8,31
H175,2025-09,Apexacare,15,61
H175,2025-09,Competitor_A,9,38
H175,2025-09,Competitor_B,9,34
H176,2025-09,Apexacare,15,65
H176,2025-09,Competitor_A,12,52
H176,2025-09,Competitor_B,12,51
H177,2025-09,Apexacare,1,6
H177,2025-09,Competitor_A,1,6
H177,2025-09,Competitor_B,3,6
H178,2025-09,Apexacare,11,45
H178,2025-09,Competitor_A,14,57
H178,2025-09,Competitor_B,12,45
H179,2025-09,Apexacare,14,62
H179,2025-09,Competitor_A,5,26
H179,2025-09,Competitor_B,6,24
H180,2025-09,Apexacare,11,47
H180,2025-09,Competitor_A,7,28
H180,2025-09,Competitor_B,6,21
H181,2025-09,Apexacare,7,34
H181,2025-09,Competitor_A,11,53
H181,2025-09,Competitor_B,10,39
H182,2025-09,Apexacare,14,56
H182,2025-09,Competitor_A,16,62
H182,2025-09,Competitor_B,13,44
H183,2025-09,Apexacare,3,15
H183,2025-09,Competitor_A,4,19
H183,2025-09,Competitor_B,4,17
H184,2025-09,Apexacare,14,62
H184,2025-09,Competitor_A,6,26
H184,2025-09,Competitor_B,5,20
H185,2025-09,Apexacare,7,33
H185,2025-09,Competitor_A,12,58
H185,2025-09,Competitor_B,11,49
H186,2025-09,Apexacare,8,37
H186,2025-09,Competitor_A,7,33
H186,2025-09,Competitor_B,9,32
H187,2025-09,Apexacare,6,30
H187,2025-09,Competitor_A,7,38
H187,2025-09,Competitor_B,8,37
H188,2025-09,Apexacare,9,33
H188,2025-09,Competitor_A,8,30
H188,2025-09,Competitor_B,8,25
H189,2025-09,Apexacare,5,22
H189,2025-09,Competitor_A,7,32
H189,2025-09,Competitor_B,6,26
H190,2025-09,Apexacare,15,56
H190,2025-09,Competitor_A,15,56
H190,2025-09,Competitor_B,17,56
H191,2025-09,Apexacare,7,26
H191,2025-09,Competitor_A,13,49
H191,2025-09,Competitor_B,13,44
H192,2025-09,Apexacare,10,48
H192,2025-09,Competitor_A,7,34
H192,2025-09,Competitor_B,7,32
H193,2025-09,Apexacare,8,38
H193,2025-09,Competitor_A,10,44
H193,2025-09,Competitor_B,8,32
H194,2025-09,Apexacare,7,30
H194,2025-09,Competitor_A,6,24
H194,2025-09,Competitor_B,6,22
H195,2025-09,Apexacare,15,60
H195,2025-09,Competitor_A,13,53
H195,2025-09,Competitor_B,11,41
H196,2025-09,Apexacare,9,38
H196,2025-09,Competitor_A,9,38
H196,2025-09,Competitor_B,9,32
H197,2025-09,Apexacare,3,13
H197,2025-09,Competitor_A,4,19
H197,2025-09,Competitor_B,4,13
H198,2025-09,Apexacare,8,31
H198,2025-09,Competitor_A,6,22
H198,2025-09,Competitor_B,6,22
H199,2025-09,Apexacare,5,24
H199,2025-09,Competitor_A,6,30
H199,2025-09,Competitor_B,6,26
H200,2025-09,Apexacare,12,54
H200,2025-09,Competitor_A,12,54
H200,2025-09,Competitor_B,10,39
H201,2025-09,Apexacare,1,9
H201,2025-09,Competitor_A,1,6
H201,2025-09,Competitor_B,2,7
H202,2025-09,Apexacare,8,33
H202,2025-09,Competitor_A,8,33
H202,2025-09,Competitor_B,8,29
H203,2025-09,Apexacare,9,47
H203,2025-09,Competitor_A,12,59
H203,2025-09,Competitor_B,9,41
H204,2025-09,Apexacare,11,51
H204,2025-09,Competitor_A,8,37
H204,2025-09,Competitor_B,6,26
H205,2025-09,Apexacare,13,64
H205,2025-09,Competitor_A,8,41
H205,2025-09,Competitor_B,10,39
H206,2025-09,Apexacare,11,42
H206,2025-09,Competitor_A,11,44
H206,2025-09,Competitor_B,11,40
H207,2025-09,Apexacare,8,32
H207,2025-09,Competitor_A,6,23
H207,2025-09,Competitor_B,6,21
H208,2025-09,Apexacare,5,26
H208,2025-09,Competitor_A,2,10
H208,2025-09,Competitor_B,2,9
H209,2025-09,Apexacare,11,46
H209,2025-09,Competitor_A,9,40
H209,2025-09,Competitor_B,9,34
H210,2025-09,Apexacare,4,20
H210,2025-09,Competitor_A,4,21
H210,2025-09,Competitor_B,4,16
H211,2025-09,Apexacare,14,65
H211,2025-09,Competitor_A,5,27
H211,2025-09,Competitor_B,6,22
H212,2025-09,Apexacare,15,60
H212,2025-09,Competitor_A,19,74
H212,2025-09,Competitor_B,15,56
H213,2025-09,Apexacare,4,22
H213,2025-09,Competitor_A,6,32
H213,2025-09,Competitor_B,8,30
H214,2025-09,Apexacare,8,30
H214,2025-09,Competitor_A,3,13
H214,2025-09,Competitor_B,4,14
H215,2025-09,Apexacare,6,23
H215,2025-09,Competitor_A,4,16
H215,2025-09,Competitor_B,4,15
H216,2025-09,Apexacare,12,54
H216,2025-09,Competitor_A,5,24
H216,2025-09,Competitor_B,7,24
H217,2025-09,Apexacare,6,23
H217,2025-09,Competitor_A,3,11
H217,2025-09,Competitor_B,3,10
H218,2025-09,Apexacare,16,57
H218,2025-09,Competitor_A,20,69
H218,2025-09,Competitor_B,19,63
H219,2025-09,Apexacare,13,55
H219,2025-09,Competitor_A,13,53
H219,2025-09,Competitor_B,11,44
H220,2025-09,Apexacare,1,8
H220,2025-09,Competitor_A,0,4
H220,2025-09,Competitor_B,2,5
H221,2025-09,Apexacare,14,49
H221,2025-09,Competitor_A,14,48
H221,2025-09,Competitor_B,11,35
H222,2025-09,Apexacare,18,90
H222,2025-09,Competitor_A,11,58
H222,2025-09,Competitor_B,9,42
H223,2025-09,Apexacare,19,80
H223,2025-09,Competitor_A,14,62
H223,2025-09,Competitor_B,12,47
H224,2025-09,Apexacare,5,22
H224,2025-09,Competitor_A,2,10
H224,2025-09,Competitor_B,3,10
H225,2025-09,Apexacare,15,62
H225,2025-09,Competitor_A,10,40
H225,2025-09,Competitor_B,10,38
H226,2025-09,Apexacare,3,15
H226,2025-09,Competitor_A,5,21
H226,2025-09,Competitor_B,5,15
H227,2025-09,Apexacare,16,63
H227,2025-09,Competitor_A,13,51
H227,2025-09,Competitor_B,12,48
H228,2025-09,Apexacare,10,45
H228,2025-09,Competitor_A,4,19
H228,2025-09,Competitor_B,5,16
H229,2025-09,Apexacare,6,27
H229,2025-09,Competitor_A,6,29
H229,2025-09,Competitor_B,6,24
H230,2025-09,Apexacare,14,49
H230,2025-09,Competitor_A,15,52
H230,2025-09,Competitor_B,16,53
H231,2025-09,Apexacare,3,17
H231,2025-09,Competitor_A,10,49
H231,2025-09,Competitor_B,9,34
H232,2025-09,Apexacare,17,62
H232,2025-09,Competitor_A,10,36
H232,2025-09,Competitor_B,11,35
H233,2025-09,Apexacare,12,54
H233,2025-09,Competitor_A,9,42
H233,2025-09,Competitor_B,7,30
H234,2025-09,Apexacare,24,84
H234,2025-09,Competitor_A,17,61
H234,2025-09,Competitor_B,17,55
H235,2025-09,Apexacare,15,68
H235,2025-09,Competitor_A,9,42
H235,2025-09,Competitor_B,10,42
H236,2025-09,Apexacare,4,18
H236,2025-09,Competitor_A,8,37
H236,2025-09,Competitor_B,8,33
H237,2025-09,Apexacare,4,21
H237,2025-09,Competitor_A,5,23
H237,2025-09,Competitor_B,5,20
H238,2025-09,Apexacare,4,14
H238,2025-09,Competitor_A,5,19
H238,2025-09,Competitor_B,5,15
H239,2025-09,Apexacare,5,29
H239,2025-09,Competitor_A,7,38
H239,2025-09,Competitor_B,9,38
H240,2025-09,Apexacare,1,5
H240,2025-09,Competitor_A,1,5
H240,2025-09,Competitor_B,1,5
H241,2025-09,Apexacare,7,27
H241,2025-09,Competitor_A,4,17
H241,2025-09,Competitor_B,5,16
H242,2025-09,Apexacare,3,16
H242,2025-09,Competitor_A,2,13
H242,2025-09,Competitor_B,3,11
H243,2025-09,Apexacare,8,37
H243,2025-09,Competitor_A,4,19
H243,2025-09,Competitor_B,5,16
H244,2025-09,Apexacare,11,50
H244,2025-09,Competitor_A,10,45
H244,2025-09,Competitor_B,9,38
H245,2025-09,Apexacare,2,10
H245,2025-09,Competitor_A,4,21
H245,2025-09,Competitor_B,4,17
H246,2025-09,Apexacare,12,43
H246,2025-09,Competitor_A,5,18
H246,2025-09,Competitor_B,6,19
H247,2025-09,Apexacare,10,37
H247,2025-09,Competitor_A,4,15
H247,2025-09,Competitor_B,4,16
H248,2025-09,Apexacare,5,25
H248,2025-09,Competitor_A,2,10
H248,2025-09,Competitor_B,2,10
H249,2025-09,Apexacare,14,66
H249,2025-09,Competitor_A,13,60
H249,2025-09,Competitor_B,12,50
H250,2025-09,Apexacare,8,28
H250,2025-09,Competitor_A,9,32
H250,2025-09,Competitor_B,8,28
H251,2025-09,Apexacare,20,76
H251,2025-09,Competitor_A,12,45
H251,2025-09,Competitor_B,9,33
H252,2025-09,Apexacare,12,55
H252,2025-09,Competitor_A,11,50
H252,2025-09,Competitor_B,12,48
H253,2025-09,Apexacare,7,29
H253,2025-09,Competitor_A,8,30
H253,2025-09,Competitor_B,9,31
H254,2025-09,Apexacare,2,10
H254,2025-09,Competitor_A,0,4
H254,2025-09,Competitor_B,2,5
H255,2025-09,Apexacare,14,49
H255,2025-09,Competitor_A,9,31
H255,2025-09,Competitor_B,7,25
H256,2025-09,Apexacare,3,13
H256,2025-09,Competitor_A,2,9
H256,2025-09,Competitor_B,4,10
H257,2025-09,Apexacare,10,46
H257,2025-09,Competitor_A,13,57
H257,2025-09,Competitor_B,13,49
H258,2025-09,Apexacare,9,32
H258,2025-09,Competitor_A,18,65
H258,2025-09,Competitor_B,19,63
H259,2025-09,Apexacare,5,20
H259,2025-09,Competitor_A,13,49
H259,2025-09,Competitor_B,11,36
H260,2025-09,Apexacare,1,8
H260,2025-09,Competitor_A,1,5
H260,2025-09,Competitor_B,2,5
H261,2025-09,Apexacare,14,51
H261,2025-09,Competitor_A,10,39
H261,2025-09,Competitor_B,11,36
H262,2025-09,Apexacare,4,17
H262,2025-09,Competitor_A,7,27
H262,2025-09,Competitor_B,7,19
H263,2025-09,Apexacare,10,39
H263,2025-09,Competitor_A,11,43
H263,2025-09,Competitor_B,10,37
H264,2025-09,Apexacare,3,20
H264,2025-09,Competitor_A,2,11
H264,2025-09,Competitor_B,3,11
H265,2025-09,Apexacare,12,40
H265,2025-09,Competitor_A,9,31
H265,2025-09,Competitor_B,7,24
H266,2025-09,Apexacare,7,36
H266,2025-09,Competitor_A,14,70
H266,2025-09,Competitor_B,15,65
H267,2025-09,Apexacare,13,49
H267,2025-09,Competitor_A,11,40
H267,2025-09,Competitor_B,11,37
H268,2025-09,Apexacare,11,55
H268,2025-09,Competitor_A,12,61
H268,2025-09,Competitor_B,11,55
H269,2025-09,Apexacare,13,47
H269,2025-09,Competitor_A,14,49
H269,2025-09,Competitor_B,11,36
H270,2025-09,Apexacare,8,32
H270,2025-09,Competitor_A,8,33
H270,2025-09,Competitor_B,7,25
H271,2025-09,Apexacare,14,65
H271,2025-09,Competitor_A,16,76
H271,2025-09,Competitor_B,14,59
H272,2025-09,Apexacare,10,44
H272,2025-09,Competitor_A,9,41
H272,2025-09,Competitor_B,9,35
H273,2025-09,Apexacare,9,32
H273,2025-09,Competitor_A,11,38
H273,2025-09,Competitor_B,11,35
H274,2025-09,Apexacare,5,28
H274,2025-09,Competitor_A,6,29
H274,2025-09,Competitor_B,6,23
H275,2025-09,Apexacare,15,55
H275,2025-09,Competitor_A,8,28
H275,2025-09,Competitor_B,7,22
H276,2025-09,Apexacare,14,49
H276,2025-09,Competitor_A,14,49
H276,2025-09,Competitor_B,10,35
H277,2025-09,Apexacare,4,19
H277,2025-09,Competitor_A,4,22
H277,2025-09,Competitor_B,6,23
H278,2025-09,Apexacare,10,38
H278,2025-09,Competitor_A,4,16
H278,2025-09,Competitor_B,5,14
H279,2025-09,Apexacare,3,19
H279,2025-09,Competitor_A,8,45
H279,2025-09,Competitor_B,8,32
H280,2025-09,Apexacare,10,51
H280,2025-09,Competitor_A,5,29
H280,2025-09,Competitor_B,6,25
H281,2025-09,Apexacare,6,30
H281,2025-09,Competitor_A,9,42
H281,2025-09,Competitor_B,9,33
H282,2025-09,Apexacare,2,8
H282,2025-09,Competitor_A,1,6
H282,2025-09,Competitor_B,2,6
H283,2025-09,Apexacare,5,26
H283,2025-09,Competitor_A,7,32
H283,2025-09,Competitor_B,7,30
H284,2025-09,Apexacare,2,12
H284,2025-09,Competitor_A,2,9
H284,2025-09,Competitor_B,3,9
H285,2025-09,Apexacare,10,42
H285,2025-09,Competitor_A,14,58
H285,2025-09,Competitor_B,12,47
H286,2025-09,Apexacare,22,108
H286,2025-09,Competitor_A,9,45
H286,2025-09,Competitor_B,10,45
H287,2025-09,Apexacare,9,44
H287,2025-09,Competitor_A,7,36
H287,2025-09,Competitor_B,7,32
H288,2025-09,Apexacare,12,47
H288,2025-09,Competitor_A,12,44
H288,2025-09,Competitor_B,10,35
H289,2025-09,Apexacare,12,56
H289,2025-09,Competitor_A,9,40
H289,2025-09,Competitor_B,8,30
H290,2025-09,Apexacare,6,25
H290,2025-09,Competitor_A,3,15
H290,2025-09,Competitor_B,4,14
H291,2025-09,Apexacare,12,63
H291,2025-09,Competitor_A,13,65
H291,2025-09,Competitor_B,11,48
H292,2025-09,Apexacare,3,13
H292,2025-09,Competitor_A,3,10
H292,2025-09,Competitor_B,3,9
H293,2025-09,Apexacare,11,50
H293,2025-09,Competitor_A,12,54
H293,2025-09,Competitor_B,9,40
H294,2025-09,Apexacare,13,47
H294,2025-09,Competitor_A,15,55
H294,2025-09,Competitor_B,12,42
H295,2025-09,Apexacare,9,35
H295,2025-09,Competitor_A,8,29
H295,2025-09,Competitor_B,7,24
H296,2025-09,Apexacare,10,51
H296,2025-09,Competitor_A,11,58
H296,2025-09,Competitor_B,9,45
H297,2025-09,Apexacare,8,38
H297,2025-09,Competitor_A,7,36
H297,2025-09,Competitor_B,8,34
H298,2025-09,Apexacare,19,70
H298,2025-09,Competitor_A,9,33
H298,2025-09,Competitor_B,8,29
H299,2025-09,Apexacare,12,49
H299,2025-09,Competitor_A,9,36
H299,2025-09,Competitor_B,9,35
H300,2025-09,Apexacare,6,23
H300,2025-09,Competitor_A,11,41
H300,2025-09,Competitor_B,9,32
H301,2025-09,Apexacare,5,19
H301,2025-09,Competitor_A,3,14
H301,2025-09,Competitor_B,4,12
H302,2025-09,Apexacare,9,36
H302,2025-09,Competitor_A,10,40
H302,2025-09,Competitor_B,11,36
H303,2025-09,Apexacare,12,62
H303,2025-09,Competitor_A,10,53
H303,2025-09,Competitor_B,11,53
H304,2025-09,Apexacare,24,87
H304,2025-09,Competitor_A,12,42
H304,2025-09,Competitor_B,9,31
H305,2025-09,Apexacare,10,42
H305,2025-09,Competitor_A,13,57
H305,2025-09,Competitor_B,11,45
H306,2025-09,Apexacare,8,41
H306,2025-09,Competitor_A,7,37
H306,2025-09,Competitor_B,8,34
H307,2025-09,Apexacare,14,49
H307,2025-09,Competitor_A,27,95
H307,2025-09,Competitor_B,23,76
H308,2025-09,Apexacare,0,4
H308,2025-09,Competitor_A,1,5
H308,2025-09,Competitor_B,2,6
H309,2025-09,Apexacare,8,38
H309,2025-09,Competitor_A,9,42
H309,2025-09,Competitor_B,7,32
H310,2025-09,Apexacare,10,38
H310,2025-09,Competitor_A,8,28
H310,2025-09,Competitor_B,9,30
H311,2025-09,Apexacare,12,45
H311,2025-09,Competitor_A,13,48
H311,2025-09,Competitor_B,11,33
H312,2025-09,Apexacare,7,30
H312,2025-09,Competitor_A,8,31
H312,2025-09,Competitor_B,7,24
H313,2025-09,Apexacare,5,25
H313,2025-09,Competitor_A,4,21
H313,2025-09,Competitor_B,4,20
H314,2025-09,Apexacare,14,67
H314,2025-09,Competitor_A,13,60
H314,2025-09,Competitor_B,12,53
H315,2025-09,Apexacare,10,40
H315,2025-09,Competitor_A,12,46
H315,2025-09,Competitor_B,9,33
H316,2025-09,Apexacare,14,55
H316,2025-09,Competitor_A,18,69
H316,2025-09,Competitor_B,17,65
H317,2025-09,Apexacare,11,52
H317,2025-09,Competitor_A,12,56
H317,2025-09,Competitor_B,14,54
H318,2025-09,Apexacare,8,37
H318,2025-09,Competitor_A,6,29
H318,2025-09,Competitor_B,8,29
H319,2025-09,Apexacare,11,51
H319,2025-09,Competitor_A,12,57
H319,2025-09,Competitor_B,12,52
H320,2025-09,Apexacare,0,3
H320,2025-09,Competitor_A,1,6
H320,2025-09,Competitor_B,3,7
H321,2025-09,Apexacare,13,66
H321,2025-09,Competitor_A,5,28
H321,2025-09,Competitor_B,7,25
H322,2025-09,Apexacare,15,56
H322,2025-09,Competitor_A,14,55
H322,2025-09,Competitor_B,11,39
H323,2025-09,Apexacare,2,12
H323,2025-09,Competitor_A,2,11
H323,2025-09,Competitor_B,4,11
H324,2025-09,Apexacare,12,57
H324,2025-09,Competitor_A,11,53
H324,2025-09,Competitor_B,12,52
H325,2025-09,Apexacare,12,53
H325,2025-09,Competitor_A,7,32
H325,2025-09,Competitor_B,7,27
H326,2025-09,Apexacare,0,2
H326,2025-09,Competitor_A,1,7
H326,2025-09,Competitor_B,3,8
H327,2025-09,Apexacare,5,25
H327,2025-09,Competitor_A,6,29
H327,2025-09,Competitor_B,5,22
H328,2025-09,Apexacare,5,23
H328,2025-09,Competitor_A,5,21
H328,2025-09,Competitor_B,4,16
H329,2025-09,Apexacare,10,50
H329,2025-09,Competitor_A,7,39
H329,2025-09,Competitor_B,8,37
H330,2025-09,Apexacare,2,11
H330,2025-09,Competitor_A,4,20
H330,2025-09,Competitor_B,5,20
H331,2025-09,Apexacare,27,105
H331,2025-09,Competitor_A,12,49
H331,2025-09,Competitor_B,13,44
H332,2025-09,Apexacare,4,20
H332,2025-09,Competitor_A,5,28
H332,2025-09,Competitor_B,7,28
H333,2025-09,Apexacare,4,18
H333,2025-09,Competitor_A,5,22
H333,2025-09,Competitor_B,5,17
H334,2025-09,Apexacare,9,38
H334,2025-09,Competitor_A,7,28
H334,2025-09,Competitor_B,6,22
H335,2025-09,Apexacare,1,7
H335,2025-09,Competitor_A,1,7
H335,2025-09,Competitor_B,3,8
H336,2025-09,Apexacare,12,53
H336,2025-09,Competitor_A,12,55
H336,2025-09,Competitor_B,12,46
H337,2025-09,Apexacare,13,65
H337,2025-09,Competitor_A,5,28
H337,2025-09,Competitor_B,5,21
H338,2025-09,Apexacare,12,43
H338,2025-09,Competitor_A,10,36
H338,2025-09,Competitor_B,9,26
H339,2025-09,Apexacare,6,24
H339,2025-09,Competitor_A,12,47
H339,2025-09,Competitor_B,11,37
H340,2025-09,Apexacare,19,68
H340,2025-09,Competitor_A,18,64
H340,2025-09,Competitor_B,14,44
H341,2025-09,Apexacare,11,54
H341,2025-09,Competitor_A,6,29
H341,2025-09,Competitor_B,5,22
H342,2025-09,Apexacare,8,30
H342,2025-09,Competitor_A,4,17
H342,2025-09,Competitor_B,5,17
H343,2025-09,Apexacare,14,49
H343,2025-09,Competitor_A,13,47
H343,2025-09,Competitor_B,11,37
H344,2025-09,Apexacare,5,26
H344,2025-09,Competitor_A,4,22
H344,2025-09,Competitor_B,4,20
H345,2025-09,Apexacare,13,47
H345,2025-09,Competitor_A,13,47
H345,2025-09,Competitor_B,12,39
H346,2025-09,Apexacare,6,34
H346,2025-09,Competitor_A,6,35
H346,2025-09,Competitor_B,8,33
H347,2025-09,Apexacare,13,61
H347,2025-09,Competitor_A,13,60
H347,2025-09,Competitor_B,11,47
H348,2025-09,Apexacare,22,80
H348,2025-09,Competitor_A,10,36
H348,2025-09,Competitor_B,10,31
H349,2025-09,Apexacare,18,64
H349,2025-09,Competitor_A,14,51
H349,2025-09,Competitor_B,11,38
H350,2025-09,Apexacare,12,48
H350,2025-09,Competitor_A,16,62
H350,2025-09,Competitor_B,16,58
H351,2025-09,Apexacare,9,41
H351,2025-09,Competitor_A,7,34
H351,2025-09,Competitor_B,8,35
H352,2025-09,Apexacare,9,40
H352,2025-09,Competitor_A,8,36
H352,2025-09,Competitor_B,8,36
H353,2025-09,Apexacare,8,33
H353,2025-09,Competitor_A,16,65
H353,2025-09,Competitor_B,12,49
H354,2025-09,Apexacare,7,33
H354,2025-09,Competitor_A,9,40
H354,2025-09,Competitor_B,9,39
H355,2025-09,Apexacare,8,38
H355,2025-09,Competitor_A,7,34
H355,2025-09,Competitor_B,8,33
H356,2025-09,Apexacare,10,37
H356,2025-09,Competitor_A,7,26
H356,2025-09,Competitor_B,8,27
H357,2025-09,Apexacare,10,53
H357,2025-09,Competitor_A,9,49
H357,2025-09,Competitor_B,11,50
H358,2025-09,Apexacare,8,30
H358,2025-09,Competitor_A,6,22
H358,2025-09,Competitor_B,6,20
H359,2025-09,Apexacare,4,18
H359,2025-09,Competitor_A,4,18
H359,2025-09,Competitor_B,4,18
H360,2025-09,Apexacare,13,59
H360,2025-09,Competitor_A,6,28
H360,2025-09,Competitor_B,6,21
H361,2025-09,Apexacare,9,37
H361,2025-09,Competitor_A,9,37
H361,2025-09,Competitor_B,8,28
H362,2025-09,Apexacare,8,34
H362,2025-09,Competitor_A,17,73
H362,2025-09,Competitor_B,15,61
H363,2025-09,Apexacare,17,66
H363,2025-09,Competitor_A,11,43
H363,2025-09,Competitor_B,12,43
H364,2025-09,Apexacare,17,62
H364,2025-09,Competitor_A,12,44
H364,2025-09,Competitor_B,10,38
H365,2025-09,Apexacare,7,30
H365,2025-09,Competitor_A,6,27
H365,2025-09,Competitor_B,7,23
H366,2025-09,Apexacare,2,12
H366,2025-09,Competitor_A,1,9
H366,2025-09,Competitor_B,3,9
H367,2025-09,Apexacare,7,25
H367,2025-09,Competitor_A,8,31
H367,2025-09,Competitor_B,8,28
H368,2025-09,Apexacare,16,61
H368,2025-09,Competitor_A,14,52
H368,2025-09,Competitor_B,12,41
H369,2025-09,Apexacare,7,36
H369,2025-09,Competitor_A,11,54
H369,2025-09,Competitor_B,9,38
H370,2025-09,Apexacare,2,11
H370,2025-09,Competitor_A,2,12
H370,2025-09,Competitor_B,4,13
H371,2025-09,Apexacare,8,31
H371,2025-09,Competitor_A,6,23
H371,2025-09,Competitor_B,6,18
H372,2025-09,Apexacare,14,50
H372,2025-09,Competitor_A,7,26
H372,2025-09,Competitor_B,7,24
H373,2025-09,Apexacare,4,16
H373,2025-09,Competitor_A,7,27
H373,2025-09,Competitor_B,7,21
H374,2025-09,Apexacare,7,31
H374,2025-09,Competitor_A,14,59
H374,2025-09,Competitor_B,11,43
H375,2025-09,Apexacare,18,65
H375,2025-09,Competitor_A,11,40
H375,2025-09,Competitor_B,11,35
H376,2025-09,Apexacare,17,66
H376,2025-09,Competitor_A,10,38
H376,2025-09,Competitor_B,9,36
H377,2025-09,Apexacare,9,38
H377,2025-09,Competitor_A,9,37
H377,2025-09,Competitor_B,10,35
H378,2025-09,Apexacare,7,34
H378,2025-09,Competitor_A,9,44
H378,2025-09,Competitor_B,7,34
H379,2025-09,Apexacare,6,24
H379,2025-09,Competitor_A,10,40
H379,2025-09,Competitor_B,8,31
H380,2025-09,Apexacare,5,22
H380,2025-09,Competitor_A,3,14
H380,2025-09,Competitor_B,3,12
H381,2025-09,Apexacare,6,28
H381,2025-09,Competitor_A,6,27
H381,2025-09,Competitor_B,6,20
H382,2025-09,Apexacare,2,10
H382,2025-09,Competitor_A,3,11
H382,2025-09,Competitor_B,4,11
H383,2025-09,Apexacare,2,10
H383,2025-09,Competitor_A,5,24
H383,2025-09,Competitor_B,5,17
H384,2025-09,Apexacare,17,60
H384,2025-09,Competitor_A,9,33
H384,2025-09,Competitor_B,11,33
H385,2025-09,Apexacare,10,42
H385,2025-09,Competitor_A,16,66
H385,2025-09,Competitor_B,13,54
H386,2025-09,Apexacare,12,62
H386,2025-09,Competitor_A,12,61
H386,2025-09,Competitor_B,10,45
H387,2025-09,Apexacare,12,45
H387,2025-09,Competitor_A,7,26
H387,2025-09,Competitor_B,6,19
H388,2025-09,Apexacare,13,46
H388,2025-09,Competitor_A,7,24
H388,2025-09,Competitor_B,6,20
H389,2025-09,Apexacare,21,74
H389,2025-09,Competitor_A,14,50
H389,2025-09,Competitor_B,11,36
H390,2025-09,Apexacare,9,46
H390,2025-09,Competitor_A,6,33
H390,2025-09,Competitor_B,8,31
H391,2025-09,Apexacare,19,74
H391,2025-09,Competitor_A,18,71
H391,2025-09,Competitor_B,15,55
H392,2025-09,Apexacare,3,15
H392,2025-09,Competitor_A,3,14
H392,2025-09,Competitor_B,4,13
H393,2025-09,Apexacare,7,30
H393,2025-09,Competitor_A,8,37
H393,2025-09,Competitor_B,9,35
H394,2025-09,Apexacare,9,34
H394,2025-09,Competitor_A,8,29
H394,2025-09,Competitor_B,7,22
H395,2025-09,Apexacare,9,48
H395,2025-09,Competitor_A,11,56
H395,2025-09,Competitor_B,11,46
H396,2025-09,Apexacare,15,54
H396,2025-09,Competitor_A,19,67
H396,2025-09,Competitor_B,16,55
H397,2025-09,Apexacare,6,31
H397,2025-09,Competitor_A,3,16
H397,2025-09,Competitor_B,5,17
H398,2025-09,Apexacare,9,49
H398,2025-09,Competitor_A,10,52
H398,2025-09,Competitor_B,11,49
H399,2025-09,Apexacare,9,42
H399,2025-09,Competitor_A,4,21
H399,2025-09,Competitor_B,5,17
H400,2025-09,Apexacare,14,64
H400,2025-09,Competitor_A,10,48
H400,2025-09,Competitor_B,11,48
H401,2025-09,Apexacare,17,62
H401,2025-09,Competitor_A,11,38
H401,2025-09,Competitor_B,11,36
H402,2025-09,Apexacare,12,44
H402,2025-09,Competitor_A,17,60
H402,2025-09,Competitor_B,14,43
H403,2025-09,Apexacare,5,19
H403,2025-09,Competitor_A,9,36
H403,2025-09,Competitor_B,9,33
H404,2025-09,Apexacare,6,32
H404,2025-09,Competitor_A,12,56
H404,2025-09,Competitor_B,9,40
H405,2025-09,Apexacare,4,21
H405,2025-09,Competitor_A,6,27
H405,2025-09,Competitor_B,6,24
H406,2025-09,Apexacare,8,41
H406,2025-09,Competitor_A,12,59
H406,2025-09,Competitor_B,12,50
H407,2025-09,Apexacare,13,51
H407,2025-09,Competitor_A,11,44
H407,2025-09,Competitor_B,10,33
H408,2025-09,Apexacare,22,92
H408,2025-09,Competitor_A,9,37
H408,2025-09,Competitor_B,8,33
H409,2025-09,Apexacare,10,50
H409,2025-09,Competitor_A,6,31
H409,2025-09,Competitor_B,6,24
H410,2025-09,Apexacare,6,29
H410,2025-09,Competitor_A,12,53
H410,2025-09,Competitor_B,12,44
H411,2025-09,Apexacare,3,16
H411,2025-09,Competitor_A,2,11
H411,2025-09,Competitor_B,3,11
H412,2025-09,Apexacare,8,28
H412,2025-09,Competitor_A,10,34
H412,2025-09,Competitor_B,8,28
H413,2025-09,Apexacare,11,40
H413,2025-09,Competitor_A,10,37
H413,2025-09,Competitor_B,8,25
H414,2025-09,Apexacare,11,43
H414,2025-09,Competitor_A,10,38
H414,2025-09,Competitor_B,11,39
H415,2025-09,Apexacare,12,57
H415,2025-09,Competitor_A,5,24
H415,2025-09,Competitor_B,5,21
H416,2025-09,Apexacare,0,5
H416,2025-09,Competitor_A,1,7
H416,2025-09,Competitor_B,2,7
H417,2025-09,Apexacare,13,66
H417,2025-09,Competitor_A,10,54
H417,2025-09,Competitor_B,11,51
H418,2025-09,Apexacare,13,53
H418,2025-09,Competitor_A,9,39
H418,2025-09,Competitor_B,10,40
H419,2025-09,Apexacare,2,9
H419,2025-09,Competitor_A,2,10
H419,2025-09,Competitor_B,4,11
H420,2025-09,Apexacare,7,34
H420,2025-09,Competitor_A,5,23
H420,2025-09,Competitor_B,6,23
H421,2025-09,Apexacare,8,35
H421,2025-09,Competitor_A,10,41
H421,2025-09,Competitor_B,9,32
H422,2025-09,Apexacare,2,10
H422,2025-09,Competitor_A,3,16
H422,2025-09,Competitor_B,3,14
H423,2025-09,Apexacare,15,62
H423,2025-09,Competitor_A,12,50
H423,2025-09,Competitor_B,10,35
H424,2025-09,Apexacare,19,75
H424,2025-09,Competitor_A,11,42
H424,2025-09,Competitor_B,10,37
H425,2025-09,Apexacare,6,26
H425,2025-09,Competitor_A,9,41
H425,2025-09,Competitor_B,9,38
H426,2025-09,Apexacare,10,46
H426,2025-09,Competitor_A,7,30
H426,2025-09,Competitor_B,8,29
H427,2025-09,Apexacare,13,56
H427,2025-09,Competitor_A,8,34
H427,2025-09,Competitor_B,10,36
H428,2025-09,Apexacare,14,60
H428,2025-09,Competitor_A,9,37
H428,2025-09,Competitor_B,8,31
H429,2025-09,Apexacare,16,63
H429,2025-09,Competitor_A,8,33
H429,2025-09,Competitor_B,8,30
H430,2025-09,Apexacare,6,31
H430,2025-09,Competitor_A,10,52
H430,2025-09,Competitor_B,8,37
H431,2025-09,Apexacare,13,45
H431,2025-09,Competitor_A,12,41
H431,2025-09,Competitor_B,10,34
H432,2025-09,Apexacare,6,32
H432,2025-09,Competitor_A,5,28
H432,2025-09,Competitor_B,7,25
H433,2025-09,Apexacare,6,28
H433,2025-09,Competitor_A,9,41
H433,2025-09,Competitor_B,8,36
H434,2025-09,Apexacare,8,33
H434,2025-09,Competitor_A,8,32
H434,2025-09,Competitor_B,8,25
H435,2025-09,Apexacare,7,25
H435,2025-09,Competitor_A,5,18
H435,2025-09,Competitor_B,5,17
H436,2025-09,Apexacare,15,54
H436,2025-09,Competitor_A,12,42
H436,2025-09,Competitor_B,11,37
H437,2025-09,Apexacare,12,55
H437,2025-09,Competitor_A,11,52
H437,2025-09,Competitor_B,10,37
H438,2025-09,Apexacare,3,14
H438,2025-09,Competitor_A,2,13
H438,2025-09,Competitor_B,3,11
H439,2025-09,Apexacare,13,53
H439,2025-09,Competitor_A,12,46
H439,2025-09,Competitor_B,10,37
H440,2025-09,Apexacare,12,45
H440,2025-09,Competitor_A,11,40
H440,2025-09,Competitor_B,11,34
H441,2025-09,Apexacare,10,43
H441,2025-09,Competitor_A,8,34
H441,2025-09,Competitor_B,9,33
H442,2025-09,Apexacare,15,51
H442,2025-09,Competitor_A,6,21
H442,2025-09,Competitor_B,7,23
H443,2025-09,Apexacare,8,33
H443,2025-09,Competitor_A,16,68
H443,2025-09,Competitor_B,13,51
H444,2025-09,Apexacare,11,41
H444,2025-09,Competitor_A,14,50
H444,2025-09,Competitor_B,11,37
H445,2025-09,Apexacare,10,42
H445,2025-09,Competitor_A,13,52
H445,2025-09,Competitor_B,15,53
H446,2025-09,Apexacare,13,52
H446,2025-09,Competitor_A,9,38
H446,2025-09,Competitor_B,9,36
H447,2025-09,Apexacare,16,80
H447,2025-09,Competitor_A,6,34
H447,2025-09,Competitor_B,6,26
H448,2025-09,Apexacare,4,17
H448,2025-09,Competitor_A,2,10
H448,2025-09,Competitor_B,3,11
H449,2025-09,Apexacare,7,29
H449,2025-09,Competitor_A,10,40
H449,2025-09,Competitor_B,11,36
H450,2025-09,Apexacare,7,32
H450,2025-09,Competitor_A,12,53
H450,2025-09,Competitor_B,11,41
H451,2025-09,Apexacare,20,70
H451,2025-09,Competitor_A,15,53
H451,2025-09,Competitor_B,15,53
H452,2025-09,Apexacare,12,54
H452,2025-09,Competitor_A,13,60
H452,2025-09,Competitor_B,13,54
H453,2025-09,Apexacare,7,30
H453,2025-09,Competitor_A,10,38
H453,2025-09,Competitor_B,8,28
H454,2025-09,Apexacare,12,53
H454,2025-09,Competitor_A,11,50
H454,2025-09,Competitor_B,10,37
H455,2025-09,Apexacare,1,5
H455,2025-09,Competitor_A,1,6
H455,2025-09,Competitor_B,2,6
H456,2025-09,Apexacare,15,55
H456,2025-09,Competitor_A,14,51
H456,2025-09,Competitor_B,14,46
H457,2025-09,Apexacare,6,27
H457,2025-09,Competitor_A,6,25
H457,2025-09,Competitor_B,7,23
H458,2025-09,Apexacare,4,22
H458,2025-09,Competitor_A,3,17
H458,2025-09,Competitor_B,4,15
H459,2025-09,Apexacare,2,10
H459,2025-09,Competitor_A,3,15
H459,2025-09,Competitor_B,5,13
H460,2025-09,Apexacare,12,59
H460,2025-09,Competitor_A,18,87
H460,2025-09,Competitor_B,15,64
H461,2025-09,Apexacare,14,51
H461,2025-09,Competitor_A,10,39
H461,2025-09,Competitor_B,9,30
H462,2025-09,Apexacare,11,40
H462,2025-09,Competitor_A,7,25
H462,2025-09,Competitor_B,7,25
H463,2025-09,Apexacare,11,56
H463,2025-09,Competitor_A,6,30
H463,2025-09,Competitor_B,6,24
H464,2025-09,Apexacare,18,75
H464,2025-09,Competitor_A,12,52
H464,2025-09,Competitor_B,12,44
H465,2025-09,Apexacare,12,57
H465,2025-09,Competitor_A,11,54
H465,2025-09,Competitor_B,10,42
H466,2025-09,Apexacare,21,86
H466,2025-09,Competitor_A,9,36
H466,2025-09,Competitor_B,8,30
H467,2025-09,Apexacare,3,14
H467,2025-09,Competitor_A,1,8
H467,2025-09,Competitor_B,3,8
H468,2025-09,Apexacare,9,39
H468,2025-09,Competitor_A,10,43
H468,2025-09,Competitor_B,9,32
H469,2025-09,Apexacare,8,34
H469,2025-09,Competitor_A,7,29
H469,2025-09,Competitor_B,8,27
H470,2025-09,Apexacare,3,13
H470,2025-09,Competitor_A,3,12
H470,2025-09,Competitor_B,4,13
H471,2025-09,Apexacare,6,22
H471,2025-09,Competitor_A,7,27
H471,2025-09,Competitor_B,6,19
H472,2025-09,Apexacare,8,40
H472,2025-09,Competitor_A,8,39
H472,2025-09,Competitor_B,8,35
H473,2025-09,Apexacare,1,5
H473,2025-09,Competitor_A,1,6
H473,2025-09,Competitor_B,2,5
H474,2025-09,Apexacare,8,38
H474,2025-09,Competitor_A,12,57
H474,2025-09,Competitor_B,11,45
H475,2025-09,Apexacare,7,35
H475,2025-09,Competitor_A,5,26
H475,2025-09,Competitor_B,4,19
H476,2025-09,Apexacare,5,25
H476,2025-09,Competitor_A,2,12
H476,2025-09,Competitor_B,4,14
H477,2025-09,Apexacare,9,34
H477,2025-09,Competitor_A,5,20
H477,2025-09,Competitor_B,6,21
H478,2025-09,Apexacare,18,69
H478,2025-09,Competitor_A,10,38
H478,2025-09,Competitor_B,10,37
H479,2025-09,Apexacare,5,28
H479,2025-09,Competitor_A,5,25
H479,2025-09,Competitor_B,5,22
H480,2025-09,Apexacare,9,43
H480,2025-09,Competitor_A,9,45
H480,2025-09,Competitor_B,11,44
H481,2025-09,Apexacare,12,59
H481,2025-09,Competitor_A,9,47
H481,2025-09,Competitor_B,10,46
H482,2025-09,Apexacare,27,107
H482,2025-09,Competitor_A,13,53
H482,2025-09,Competitor_B,11,38
H483,2025-09,Apexacare,2,9
H483,2025-09,Competitor_A,1,5
H483,2025-09,Competitor_B,2,6
H484,2025-09,Apexacare,7,35
H484,2025-09,Competitor_A,13,68
H484,2025-09,Competitor_B,11,51
H485,2025-09,Apexacare,6,25
H485,2025-09,Competitor_A,13,53
H485,2025-09,Competitor_B,13,48
H486,2025-09,Apexacare,3,12
H486,2025-09,Competitor_A,2,10
H486,2025-09,Competitor_B,3,10
H487,2025-09,Apexacare,7,26
H487,2025-09,Competitor_A,9,34
H487,2025-09,Competitor_B,8,25
H488,2025-09,Apexacare,7,37
H488,2025-09,Competitor_A,9,48
H488,2025-09,Competitor_B,9,41
H489,2025-09,Apexacare,10,43
H489,2025-09,Competitor_A,13,55
H489,2025-09,Competitor_B,11,46
H490,2025-09,Apexacare,11,53
H490,2025-09,Competitor_A,8,41
H490,2025-09,Competitor_B,10,42
H491,2025-09,Apexacare,20,68
H491,2025-09,Competitor_A,11,40
H491,2025-09,Competitor_B,10,32
H492,2025-09,Apexacare,7,24
H492,2025-09,Competitor_A,12,45
H492,2025-09,Competitor_B,12,41
H493,2025-09,Apexacare,4,19
H493,2025-09,Competitor_A,8,35
H493,2025-09,Competitor_B,10,36
H494,2025-09,Apexacare,2,12
H494,2025-09,Competitor_A,4,19
H494,2025-09,Competitor_B,6,20
H495,2025-09,Apexacare,2,13
H495,2025-09,Competitor_A,3,17
H495,2025-09,Competitor_B,4,14
H496,2025-09,Apexacare,12,49
H496,2025-09,Competitor_A,16,66
H496,2025-09,Competitor_B,18,65
H497,2025-09,Apexacare,11,39
H497,2025-09,Competitor_A,18,65
H497,2025-09,Competitor_B,13,46
H498,2025-09,Apexacare,2,10
H498,2025-09,Competitor_A,4,18
H498,2025-09,Competitor_B,4,17
H499,2025-09,Apexacare,4,23
H499,2025-09,Competitor_A,5,27
H499,2025-09,Competitor_B,6,22
H500,2025-09,Apexacare,6,28
H500,2025-09,Competitor_A,4,20
H500,2025-09,Competitor_B,5,15
H501,2025-09,Apexacare,2,7
H501,2025-09,Competitor_A,6,21
H501,2025-09,Competitor_B,5,16
H502,2025-09,Apexacare,2,10
H502,2025-09,Competitor_A,14,54
H502,2025-09,Competitor_B,12,41
H503,2025-09,Apexacare,8,32
H503,2025-09,Competitor_A,9,34
H503,2025-09,Competitor_B,7,24
H504,2025-09,Apexacare,5,24
H504,2025-09,Competitor_A,10,46
H504,2025-09,Competitor_B,11,42
H505,2025-09,Apexacare,7,34
H505,2025-09,Competitor_A,14,62
H505,2025-09,Competitor_B,14,58
H506,2025-09,Apexacare,4,20
H506,2025-09,Competitor_A,8,34
H506,2025-09,Competitor_B,8,31
H507,2025-09,Apexacare,3,16
H507,2025-09,Competitor_A,7,32
H507,2025-09,Competitor_B,7,27
H508,2025-09,Apexacare,10,38
H508,2025-09,Competitor_A,13,51
H508,2025-09,Competitor_B,13,43
H509,2025-09,Apexacare,7,40
H509,2025-09,Competitor_A,9,50
H509,2025-09,Competitor_B,9,38
H510,2025-09,Apexacare,5,19
H510,2025-09,Competitor_A,10,36
H510,2025-09,Competitor_B,8,25
H511,2025-09,Apexacare,13,47
H511,2025-09,Competitor_A,9,31
H511,2025-09,Competitor_B,7,24
H512,2025-09,Apexacare,23,80
H512,2025-09,Competitor_A,13,45
H512,2025-09,Competitor_B,12,43
H513,2025-09,Apexacare,19,97
H513,2025-09,Competitor_A,11,57
H513,2025-09,Competitor_B,10,44
H514,2025-09,Apexacare,11,38
H514,2025-09,Competitor_A,16,58
H514,2025-09,Competitor_B,17,58
H515,2025-09,Apexacare,3,11
H515,2025-09,Competitor_A,16,57
H515,2025-09,Competitor_B,12,40
H516,2025-09,Apexacare,13,50
H516,2025-09,Competitor_A,18,67
H516,2025-09,Competitor_B,15,51
H517,2025-09,Apexacare,6,26
H517,2025-09,Competitor_A,10,41
H517,2025-09,Competitor_B,9,35
H518,2025-09,Apexacare,7,26
H518,2025-09,Competitor_A,11,41
H518,2025-09,Competitor_B,12,38
H519,2025-09,Apexacare,5,22
H519,2025-09,Competitor_A,8,34
H519,2025-09,Competitor_B,8,34
H520,2025-09,Apexacare,3,13
H520,2025-09,Competitor_A,2,9
H520,2025-09,Competitor_B,2,8
H521,2025-09,Apexacare,24,84
H521,2025-09,Competitor_A,17,61
H521,2025-09,Competitor_B,17,53
H522,2025-09,Apexacare,6,22
H522,2025-09,Competitor_A,11,42
H522,2025-09,Competitor_B,12,41
H523,2025-09,Apexacare,3,14
H523,2025-09,Competitor_A,7,27
H523,2025-09,Competitor_B,7,22
H524,2025-09,Apexacare,8,34
H524,2025-09,Competitor_A,10,39
H524,2025-09,Competitor_B,8,29
H525,2025-09,Apexacare,7,26
H525,2025-09,Competitor_A,19,66
H525,2025-09,Competitor_B,15,48
H526,2025-09,Apexacare,8,38
H526,2025-09,Competitor_A,14,64
H526,2025-09,Competitor_B,14,60
H527,2025-09,Apexacare,16,58
H527,2025-09,Competitor_A,14,52
H527,2025-09,Competitor_B,14,50
H528,2025-09,Apexacare,1,5
H528,2025-09,Competitor_A,5,20
H528,2025-09,Competitor_B,6,17
H529,2025-09,Apexacare,7,29
H529,2025-09,Competitor_A,9,35
H529,2025-09,Competitor_B,9,31
H530,2025-09,Apexacare,7,25
H530,2025-09,Competitor_A,11,39
H530,2025-09,Competitor_B,9,32
H531,2025-09,Apexacare,5,21
H531,2025-09,Competitor_A,9,35
H531,2025-09,Competitor_B,10,32
H532,2025-09,Apexacare,12,55
H532,2025-09,Competitor_A,17,74
H532,2025-09,Competitor_B,15,61
H533,2025-09,Apexacare,2,10
H533,2025-09,Competitor_A,7,29
H533,2025-09,Competitor_B,8,24
H534,2025-09,Apexacare,12,48
H534,2025-09,Competitor_A,11,42
H534,2025-09,Competitor_B,10,36
H535,2025-09,Apexacare,5,21
H535,2025-09,Competitor_A,9,39
H535,2025-09,Competitor_B,9,30
H536,2025-09,Apexacare,7,33
H536,2025-09,Competitor_A,13,62
H536,2025-09,Competitor_B,13,59
H537,2025-09,Apexacare,12,53
H537,2025-09,Competitor_A,7,34
H537,2025-09,Competitor_B,8,32
H538,2025-09,Apexacare,12,55
H538,2025-09,Competitor_A,7,35
H538,2025-09,Competitor_B,8,30
H539,2025-09,Apexacare,7,25
H539,2025-09,Competitor_A,10,35
H539,2025-09,Competitor_B,7,25
H540,2025-09,Apexacare,10,53
H540,2025-09,Competitor_A,7,35
H540,2025-09,Competitor_B,7,31
H541,2025-09,Apexacare,15,56
H541,2025-09,Competitor_A,13,48
H541,2025-09,Competitor_B,13,43
H542,2025-09,Apexacare,0,4
H542,2025-09,Competitor_A,1,6
H542,2025-09,Competitor_B,2,6
H543,2025-09,Apexacare,9,37
H543,2025-09,Competitor_A,16,62
H543,2025-09,Competitor_B,15,51
H544,2025-09,Apexacare,7,38
H544,2025-09,Competitor_A,15,77
H544,2025-09,Competitor_B,11,53
H545,2025-09,Apexacare,13,59
H545,2025-09,Competitor_A,12,54
H545,2025-09,Competitor_B,12,47
H546,2025-09,Apexacare,5,26
H546,2025-09,Competitor_A,4,22
H546,2025-09,Competitor_B,5,20
H547,2025-09,Apexacare,4,18
H547,2025-09,Competitor_A,8,39
H547,2025-09,Competitor_B,8,33
H548,2025-09,Apexacare,3,17
H548,2025-09,Competitor_A,17,79
H548,2025-09,Competitor_B,15,64
H549,2025-09,Apexacare,7,28
H549,2025-09,Competitor_A,13,52
H549,2025-09,Competitor_B,11,39
H550,2025-09,Apexacare,4,21
H550,2025-09,Competitor_A,9,44
H550,2025-09,Competitor_B,10,40
H551,2025-09,Apexacare,2,10
H551,2025-09,Competitor_A,6,28
H551,2025-09,Competitor_B,6,25
H552,2025-09,Apexacare,9,41
H552,2025-09,Competitor_A,8,35
H552,2025-09,Competitor_B,8,29
H553,2025-09,Apexacare,12,43
H553,2025-09,Competitor_A,17,60
H553,2025-09,Competitor_B,18,59
H554,2025-09,Apexacare,1,4
H554,2025-09,Competitor_A,1,7
H554,2025-09,Competitor_B,3,9
H555,2025-09,Apexacare,6,32
H555,2025-09,Competitor_A,13,63
H555,2025-09,Competitor_B,12,52
H556,2025-09,Apexacare,6,27
H556,2025-09,Competitor_A,9,42
H556,2025-09,Competitor_B,9,36
H557,2025-09,Apexacare,7,27
H557,2025-09,Competitor_A,15,53
H557,2025-09,Competitor_B,12,40
H558,2025-09,Apexacare,7,25
H558,2025-09,Competitor_A,9,32
H558,2025-09,Competitor_B,8,28
H559,2025-09,Apexacare,5,20
H559,2025-09,Competitor_A,9,34
H559,2025-09,Competitor_B,11,36
H560,2025-09,Apexacare,6,23
H560,2025-09,Competitor_A,7,27
H560,2025-09,Competitor_B,8,25
H561,2025-09,Apexacare,10,34
H561,2025-09,Competitor_A,18,64
H561,2025-09,Competitor_B,16,52
H562,2025-09,Apexacare,5,21
H562,2025-09,Competitor_A,6,29
H562,2025-09,Competitor_B,7,26
H563,2025-09,Apexacare,6,23
H563,2025-09,Competitor_A,16,57
H563,2025-09,Competitor_B,13,40
H564,2025-09,Apexacare,9,40
H564,2025-09,Competitor_A,10,47
H564,2025-09,Competitor_B,12,49
H565,2025-09,Apexacare,1,5
H565,2025-09,Competitor_A,5,20
H565,2025-09,Competitor_B,6,20
H566,2025-09,Apexacare,7,27
H566,2025-09,Competitor_A,11,45
H566,2025-09,Competitor_B,11,40
H567,2025-09,Apexacare,10,35
H567,2025-09,Competitor_A,13,47
H567,2025-09,Competitor_B,13,44
H568,2025-09,Apexacare,14,67
H568,2025-09,Competitor_A,9,43
H568,2025-09,Competitor_B,7,34
H569,2025-09,Apexacare,5,18
H569,2025-09,Competitor_A,9,35
H569,2025-09,Competitor_B,11,35
H570,2025-09,Apexacare,4,18
H570,2025-09,Competitor_A,6,27
H570,2025-09,Competitor_B,7,23
H571,2025-09,Apexacare,4,16
H571,2025-09,Competitor_A,8,28
H571,2025-09,Competitor_B,7,22
H572,2025-09,Apexacare,16,64
H572,2025-09,Competitor_A,14,55
H572,2025-09,Competitor_B,14,52
H573,2025-09,Apexacare,6,30
H573,2025-09,Competitor_A,15,75
H573,2025-09,Competitor_B,12,57
H574,2025-09,Apexacare,4,20
H574,2025-09,Competitor_A,11,52
H574,2025-09,Competitor_B,10,38
H575,2025-09,Apexacare,2,11
H575,2025-09,Competitor_A,7,33
H575,2025-09,Competitor_B,8,31
H576,2025-09,Apexacare,2,13
H576,2025-09,Competitor_A,3,15
H576,2025-09,Competitor_B,4,14
H577,2025-09,Apexacare,9,38
H577,2025-09,Competitor_A,5,21
H577,2025-09,Competitor_B,6,21
H578,2025-09,Apexacare,8,35
H578,2025-09,Competitor_A,10,41
H578,2025-09,Competitor_B,12,43
H579,2025-09,Apexacare,3,10
H579,2025-09,Competitor_A,6,21
H579,2025-09,Competitor_B,6,23
H580,2025-09,Apexacare,15,61
H580,2025-09,Competitor_A,14,59
H580,2025-09,Competitor_B,16,60
H581,2025-09,Apexacare,9,42
H581,2025-09,Competitor_A,16,75
H581,2025-09,Competitor_B,14,59
H582,2025-09,Apexacare,4,18
H582,2025-09,Competitor_A,13,60
H582,2025-09,Competitor_B,13,54
H583,2025-09,Apexacare,11,48
H583,2025-09,Competitor_A,14,62
H583,2025-09,Competitor_B,12,52
H584,2025-09,Apexacare,10,37
H584,2025-09,Competitor_A,5,19
H584,2025-09,Competitor_B,6,20
H585,2025-09,Apexacare,13,46
H585,2025-09,Competitor_A,19,67
H585,2025-09,Competitor_B,18,58
H586,2025-09,Apexacare,5,22
H586,2025-09,Competitor_A,9,40
H586,2025-09,Competitor_B,9,40
H587,2025-09,Apexacare,3,15
H587,2025-09,Competitor_A,5,28
H587,2025-09,Competitor_B,5,21
H588,2025-09,Apexacare,8,37
H588,2025-09,Competitor_A,6,30
H588,2025-09,Competitor_B,8,28
H589,2025-09,Apexacare,10,35
H589,2025-09,Competitor_A,15,54
H589,2025-09,Competitor_B,13,43
H590,2025-09,Apexacare,16,67
H590,2025-09,Competitor_A,10,43
H590,2025-09,Competitor_B,9,34
H591,2025-09,Apexacare,0,3
H591,2025-09,Competitor_A,1,8
H591,2025-09,Competitor_B,3,8
H592,2025-09,Apexacare,4,22
H592,2025-09,Competitor_A,5,26
H592,2025-09,Competitor_B,6,24
H593,2025-09,Apexacare,10,42
H593,2025-09,Competitor_A,9,37
H593,2025-09,Competitor_B,9,29
H594,2025-09,Apexacare,4,18
H594,2025-09,Competitor_A,5,24
H594,2025-09,Competitor_B,5,18
H595,2025-09,Apexacare,4,24
H595,2025-09,Competitor_A,13,67
H595,2025-09,Competitor_B,11,49
H596,2025-09,Apexacare,21,96
H596,2025-09,Competitor_A,14,67
H596,2025-09,Competitor_B,11,47
H597,2025-09,Apexacare,12,46
H597,2025-09,Competitor_A,8,31
H597,2025-09,Competitor_B,7,25
H598,2025-09,Apexacare,11,37
H598,2025-09,Competitor_A,22,74
H598,2025-09,Competitor_B,17,59
H599,2025-09,Apexacare,3,14
H599,2025-09,Competitor_A,10,42
H599,2025-09,Competitor_B,10,34
H600,2025-09,Apexacare,13,58
H600,2025-09,Competitor_A,13,57
H600,2025-09,Competitor_B,10,39
H601,2025-09,Apexacare,3,15
H601,2025-09,Competitor_A,3,15
H601,2025-09,Competitor_B,5,15
H602,2025-09,Apexacare,1,6
H602,2025-09,Competitor_A,2,8
H602,2025-09,Competitor_B,3,8
H603,2025-09,Apexacare,21,109
H603,2025-09,Competitor_A,11,55
H603,2025-09,Competitor_B,10,46
H604,2025-09,Apexacare,2,9
H604,2025-09,Competitor_A,3,12
H604,2025-09,Competitor_B,4,11
H605,2025-09,Apexacare,16,63
H605,2025-09,Competitor_A,8,33
H605,2025-09,Competitor_B,7,24
H001,2025-10,Apexacare,16,58
H001,2025-10,Competitor_A,14,49
H001,2025-10,Competitor_B,11,37
H002,2025-10,Apexacare,14,54
H002,2025-10,Competitor_A,11,44
H002,2025-10,Competitor_B,12,42
H003,2025-10,Apexacare,1,5
H003,2025-10,Competitor_A,2,8
H003,2025-10,Competitor_B,3,9
H004,2025-10,Apexacare,16,68
H004,2025-10,Competitor_A,6,27
H004,2025-10,Competitor_B,6,25
H005,2025-10,Apexacare,12,51
H005,2025-10,Competitor_A,5,22
H005,2025-10,Competitor_B,5,17
H006,2025-10,Apexacare,13,49
H006,2025-10,Competitor_A,19,72
H006,2025-10,Competitor_B,15,50
H007,2025-10,Apexacare,3,20
H007,2025-10,Competitor_A,3,18
H007,2025-10,Competitor_B,5,19
H008,2025-10,Apexacare,12,56
H008,2025-10,Competitor_A,5,24
H008,2025-10,Competitor_B,6,20
H009,2025-10,Apexacare,10,43
H009,2025-10,Competitor_A,9,39
H009,2025-10,Competitor_B,9,38
H010,2025-10,Apexacare,14,57
H010,2025-10,Competitor_A,8,35
H010,2025-10,Competitor_B,9,34
H011,2025-10,Apexacare,14,50
H011,2025-10,Competitor_A,11,41
H011,2025-10,Competitor_B,11,37
H012,2025-10,Apexacare,9,41
H012,2025-10,Competitor_A,9,40
H012,2025-10,Competitor_B,9,39
H013,2025-10,Apexacare,9,34
H013,2025-10,Competitor_A,4,17
H013,2025-10,Competitor_B,6,17
H014,2025-10,Apexacare,9,44
H014,2025-10,Competitor_A,9,46
H014,2025-10,Competitor_B,10,46
H015,2025-10,Apexacare,13,47
H015,2025-10,Competitor_A,7,24
H015,2025-10,Competitor_B,6,19
H016,2025-10,Apexacare,14,63
H016,2025-10,Competitor_A,6,26
H016,2025-10,Competitor_B,6,25
H017,2025-10,Apexacare,19,81
H017,2025-10,Competitor_A,14,57
H017,2025-10,Competitor_B,11,42
H018,2025-10,Apexacare,6,26
H018,2025-10,Competitor_A,5,20
H018,2025-10,Competitor_B,6,20
H019,2025-10,Apexacare,8,42
H019,2025-10,Competitor_A,8,40
H019,2025-10,Competitor_B,8,37
H020,2025-10,Apexacare,3,15
H020,2025-10,Competitor_A,2,12
H020,2025-10,Competitor_B,3,9
H021,2025-10,Apexacare,5,22
H021,2025-10,Competitor_A,5,22
H021,2025-10,Competitor_B,4,16
H022,2025-10,Apexacare,4,22
H022,2025-10,Competitor_A,9,49
H022,2025-10,Competitor_B,9,41
H023,2025-10,Apexacare,16,68
H023,2025-10,Competitor_A,11,45
H023,2025-10,Competitor_B,11,41
H024,2025-10,Apexacare,7,27
H024,2025-10,Competitor_A,17,65
H024,2025-10,Competitor_B,15,52
H025,2025-10,Apexacare,12,51
H025,2025-10,Competitor_A,9,39
H025,2025-10,Competitor_B,9,36
H026,2025-10,Apexacare,11,46
H026,2025-10,Competitor_A,6,25
H026,2025-10,Competitor_B,6,19
H027,2025-10,Apexacare,6,21
H027,2025-10,Competitor_A,7,26
H027,2025-10,Competitor_B,7,25
H028,2025-10,Apexacare,12,55
H028,2025-10,Competitor_A,8,38
H028,2025-10,Competitor_B,9,35
H029,2025-10,Apexacare,7,37
H029,2025-10,Competitor_A,5,30
H029,2025-10,Competitor_B,7,29
H030,2025-10,Apexacare,8,38
H030,2025-10,Competitor_A,15,69
H030,2025-10,Competitor_B,13,53
H031,2025-10,Apexacare,10,42
H031,2025-10,Competitor_A,5,20
H031,2025-10,Competitor_B,4,14
H032,2025-10,Apexacare,17,70
H032,2025-10,Competitor_A,15,64
H032,2025-10,Competitor_B,17,64
H033,2025-10,Apexacare,14,59
H033,2025-10,Competitor_A,17,71
H033,2025-10,Competitor_B,15,59
H034,2025-10,Apexacare,11,49
H034,2025-10,Competitor_A,8,35
H034,2025-10,Competitor_B,8,30
H035,2025-10,Apexacare,5,17
H035,2025-10,Competitor_A,11,38
H035,2025-10,Competitor_B,9,30
H036,2025-10,Apexacare,14,50
H036,2025-10,Competitor_A,18,63
H036,2025-10,Competitor_B,20,63
H037,2025-10,Apexacare,5,24
H037,2025-10,Competitor_A,12,50
H037,2025-10,Competitor_B,12,45
H038,2025-10,Apexacare,17,58
H038,2025-10,Competitor_A,13,43
H038,2025-10,Competitor_B,13,43
H039,2025-10,Apexacare,19,79
H039,2025-10,Competitor_A,9,39
H039,2025-10,Competitor_B,10,35
H040,2025-10,Apexacare,20,84
H040,2025-10,Competitor_A,14,59
H040,2025-10,Competitor_B,14,55
H041,2025-10,Apexacare,5,23
H041,2025-10,Competitor_A,4,21
H041,2025-10,Competitor_B,6,22
H042,2025-10,Apexacare,6,30
H042,2025-10,Competitor_A,4,21
H042,2025-10,Competitor_B,5,21
H043,2025-10,Apexacare,15,53
H043,2025-10,Competitor_A,9,33
H043,2025-10,Competitor_B,8,26
H044,2025-10,Apexacare,9,39
H044,2025-10,Competitor_A,10,40
H044,2025-10,Competitor_B,9,35
H045,2025-10,Apexacare,20,72
H045,2025-10,Competitor_A,13,49
H045,2025-10,Competitor_B,15,50
H046,2025-10,Apexacare,15,54
H046,2025-10,Competitor_A,11,40
H046,2025-10,Competitor_B,11,32
H047,2025-10,Apexacare,0,4
H047,2025-10,Competitor_A,1,8
H047,2025-10,Competitor_B,3,7
H048,2025-10,Apexacare,7,27
H048,2025-10,Competitor_A,4,16
H048,2025-10,Competitor_B,5,14
H049,2025-10,Apexacare,11,47
H049,2025-10,Competitor_A,7,31
H049,2025-10,Competitor_B,6,24
H050,2025-10,Apexacare,6,26
H050,2025-10,Competitor_A,12,48
H050,2025-10,Competitor_B,13,46
H051,2025-10,Apexacare,15,65
H051,2025-10,Competitor_A,9,39
H051,2025-10,Competitor_B,11,40
H052,2025-10,Apexacare,1,6
H052,2025-10,Competitor_A,4,22
H052,2025-10,Competitor_B,4,17
H053,2025-10,Apexacare,9,42
H053,2025-10,Competitor_A,5,25
H053,2025-10,Competitor_B,7,23
H054,2025-10,Apexacare,9,34
H054,2025-10,Competitor_A,10,37
H054,2025-10,Competitor_B,12,37
H055,2025-10,Apexacare,13,49
H055,2025-10,Competitor_A,6,23
H055,2025-10,Competitor_B,5,18
H056,2025-10,Apexacare,15,72
H056,2025-10,Competitor_A,12,58
H056,2025-10,Competitor_B,12,50
H057,2025-10,Apexacare,10,42
H057,2025-10,Competitor_A,4,17
H057,2025-10,Competitor_B,4,16
H058,2025-10,Apexacare,9,46
H058,2025-10,Competitor_A,8,40
H058,2025-10,Competitor_B,7,33
H059,2025-10,Apexacare,17,62
H059,2025-10,Competitor_A,10,36
H059,2025-10,Competitor_B,10,34
H060,2025-10,Apexacare,16,61
H060,2025-10,Competitor_A,17,64
H060,2025-10,Competitor_B,13,45
H061,2025-10,Apexacare,15,63
H061,2025-10,Competitor_A,16,65
H061,2025-10,Competitor_B,16,61
H062,2025-10,Apexacare,6,27
H062,2025-10,Competitor_A,3,15
H062,2025-10,Competitor_B,5,15
H063,2025-10,Apexacare,4,20
H063,2025-10,Competitor_A,3,18
H063,2025-10,Competitor_B,4,16
H064,2025-10,Apexacare,16,66
H064,2025-10,Competitor_A,8,33
H064,2025-10,Competitor_B,7,29
H065,2025-10,Apexacare,16,72
H065,2025-10,Competitor_A,12,55
H065,2025-10,Competitor_B,12,53
H066,2025-10,Apexacare,15,52
H066,2025-10,Competitor_A,15,51
H066,2025-10,Competitor_B,15,50
H067,2025-10,Apexacare,3,17
H067,2025-10,Competitor_A,7,37
H067,2025-10,Competitor_B,7,30
H068,2025-10,Apexacare,2,11
H068,2025-10,Competitor_A,1,9
H068,2025-10,Competitor_B,3,10
H069,2025-10,Apexacare,18,69
H069,2025-10,Competitor_A,15,59
H069,2025-10,Competitor_B,14,52
H070,2025-10,Apexacare,11,58
H070,2025-10,Competitor_A,7,38
H070,2025-10,Competitor_B,7,32
H071,2025-10,Apexacare,6,33
H071,2025-10,Competitor_A,4,23
H071,2025-10,Competitor_B,6,24
H072,2025-10,Apexacare,7,32
H072,2025-10,Competitor_A,5,26
H072,2025-10,Competitor_B,6,26
H073,2025-10,Apexacare,6,22
H073,2025-10,Competitor_A,4,16
H073,2025-10,Competitor_B,4,13
H074,2025-10,Apexacare,20,72
H074,2025-10,Competitor_A,18,65
H074,2025-10,Competitor_B,18,61
H075,2025-10,Apexacare,7,31
H075,2025-10,Competitor_A,6,27
H075,2025-10,Competitor_B,8,26
H076,2025-10,Apexacare,4,17
H076,2025-10,Competitor_A,8,34
H076,2025-10,Competitor_B,10,34
H077,2025-10,Apexacare,8,32
H077,2025-10,Competitor_A,12,44
H077,2025-10,Competitor_B,9,32
H078,2025-10,Apexacare,3,14
H078,2025-10,Competitor_A,2,11
H078,2025-10,Competitor_B,3,11
H079,2025-10,Apexacare,4,17
H079,2025-10,Competitor_A,4,19
H079,2025-10,Competitor_B,4,15
H080,2025-10,Apexacare,10,54
H080,2025-10,Competitor_A,5,27
H080,2025-10,Competitor_B,6,24
H081,2025-10,Apexacare,15,61
H081,2025-10,Competitor_A,14,58
H081,2025-10,Competitor_B,11,41
H082,2025-10,Apexacare,24,84
H082,2025-10,Competitor_A,17,61
H082,2025-10,Competitor_B,17,55
H083,2025-10,Apexacare,21,89
H083,2025-10,Competitor_A,8,37
H083,2025-10,Competitor_B,10,36
H084,2025-10,Apexacare,2,9
H084,2025-10,Competitor_A,0,4
H084,2025-10,Competitor_B,2,4
H085,2025-10,Apexacare,14,59
H085,2025-10,Competitor_A,8,36
H085,2025-10,Competitor_B,9,31
H086,2025-10,Apexacare,8,43
H086,2025-10,Competitor_A,9,44
H086,2025-10,Competitor_B,9,39
H087,2025-10,Apexacare,12,57
H087,2025-10,Competitor_A,12,57
H087,2025-10,Competitor_B,12,46
H088,2025-10,Apexacare,10,48
H088,2025-10,Competitor_A,4,23
H088,2025-10,Competitor_B,5,19
H089,2025-10,Apexacare,13,46
H089,2025-10,Competitor_A,20,72
H089,2025-10,Competitor_B,18,62
H090,2025-10,Apexacare,15,55
H090,2025-10,Competitor_A,13,49
H090,2025-10,Competitor_B,10,36
H091,2025-10,Apexacare,25,94
H091,2025-10,Competitor_A,14,55
H091,2025-10,Competitor_B,14,49
H092,2025-10,Apexacare,11,51
H092,2025-10,Competitor_A,11,51
H092,2025-10,Competitor_B,9,38
H093,2025-10,Apexacare,15,55
H093,2025-10,Competitor_A,13,49
H093,2025-10,Competitor_B,13,43
H094,2025-10,Apexacare,4,19
H094,2025-10,Competitor_A,6,25
H094,2025-10,Competitor_B,7,22
H095,2025-10,Apexacare,11,41
H095,2025-10,Competitor_A,21,80
H095,2025-10,Competitor_B,22,77
H096,2025-10,Apexacare,6,26
H096,2025-10,Competitor_A,9,40
H096,2025-10,Competitor_B,8,29
H097,2025-10,Apexacare,1,6
H097,2025-10,Competitor_A,1,6
H097,2025-10,Competitor_B,3,7
H098,2025-10,Apexacare,14,52
H098,2025-10,Competitor_A,9,35
H098,2025-10,Competitor_B,9,27
H099,2025-10,Apexacare,8,34
H099,2025-10,Competitor_A,13,53
H099,2025-10,Competitor_B,14,53
H100,2025-10,Apexacare,7,34
H100,2025-10,Competitor_A,8,37
H100,2025-10,Competitor_B,8,31
H101,2025-10,Apexacare,11,45
H101,2025-10,Competitor_A,10,41
H101,2025-10,Competitor_B,9,34
H102,2025-10,Apexacare,9,45
H102,2025-10,Competitor_A,8,41
H102,2025-10,Competitor_B,9,42
H103,2025-10,Apexacare,6,24
H103,2025-10,Competitor_A,2,10
H103,2025-10,Competitor_B,3,10
H104,2025-10,Apexacare,9,48
H104,2025-10,Competitor_A,10,52
H104,2025-10,Competitor_B,9,40
H105,2025-10,Apexacare,21,81
H105,2025-10,Competitor_A,14,53
H105,2025-10,Competitor_B,12,42
H106,2025-10,Apexacare,12,50
H106,2025-10,Competitor_A,12,48
H106,2025-10,Competitor_B,10,35
H107,2025-10,Apexacare,4,20
H107,2025-10,Competitor_A,2,14
H107,2025-10,Competitor_B,3,11
H108,2025-10,Apexacare,9,34
H108,2025-10,Competitor_A,5,21
H108,2025-10,Competitor_B,5,17
H109,2025-10,Apexacare,14,55
H109,2025-10,Competitor_A,17,66
H109,2025-10,Competitor_B,12,47
H110,2025-10,Apexacare,10,51
H110,2025-10,Competitor_A,4,22
H110,2025-10,Competitor_B,6,22
H111,2025-10,Apexacare,10,43
H111,2025-10,Competitor_A,9,41
H111,2025-10,Competitor_B,9,35
H112,2025-10,Apexacare,9,35
H112,2025-10,Competitor_A,6,26
H112,2025-10,Competitor_B,7,23
H113,2025-10,Apexacare,1,6
H113,2025-10,Competitor_A,1,6
H113,2025-10,Competitor_B,1,5
H114,2025-10,Apexacare,12,43
H114,2025-10,Competitor_A,16,59
H114,2025-10,Competitor_B,13,42
H115,2025-10,Apexacare,12,48
H115,2025-10,Competitor_A,6,24
H115,2025-10,Competitor_B,6,18
H116,2025-10,Apexacare,26,89
H116,2025-10,Competitor_A,12,40
H116,2025-10,Competitor_B,9,31
H117,2025-10,Apexacare,2,13
H117,2025-10,Competitor_A,3,15
H117,2025-10,Competitor_B,4,12
H118,2025-10,Apexacare,15,69
H118,2025-10,Competitor_A,8,38
H118,2025-10,Competitor_B,10,37
H119,2025-10,Apexacare,14,49
H119,2025-10,Competitor_A,11,38
H119,2025-10,Competitor_B,9,33
H120,2025-10,Apexacare,10,37
H120,2025-10,Competitor_A,24,86
H120,2025-10,Competitor_B,24,77
H121,2025-10,Apexacare,15,68
H121,2025-10,Competitor_A,13,59
H121,2025-10,Competitor_B,10,43
H122,2025-10,Apexacare,13,51
H122,2025-10,Competitor_A,10,38
H122,2025-10,Competitor_B,10,37
H123,2025-10,Apexacare,9,33
H123,2025-10,Competitor_A,13,48
H123,2025-10,Competitor_B,14,45
H124,2025-10,Apexacare,8,37
H124,2025-10,Competitor_A,9,41
H124,2025-10,Competitor_B,8,30
H125,2025-10,Apexacare,6,28
H125,2025-10,Competitor_A,12,54
H125,2025-10,Competitor_B,14,54
H126,2025-10,Apexacare,6,33
H126,2025-10,Competitor_A,4,21
H126,2025-10,Competitor_B,4,18
H127,2025-10,Apexacare,11,45
H127,2025-10,Competitor_A,8,36
H127,2025-10,Competitor_B,8,31
H128,2025-10,Apexacare,6,28
H128,2025-10,Competitor_A,7,33
H128,2025-10,Competitor_B,7,27
H129,2025-10,Apexacare,10,44
H129,2025-10,Competitor_A,13,58
H129,2025-10,Competitor_B,13,52
H130,2025-10,Apexacare,9,45
H130,2025-10,Competitor_A,6,27
H130,2025-10,Competitor_B,6,23
H131,2025-10,Apexacare,1,6
H131,2025-10,Competitor_A,3,11
H131,2025-10,Competitor_B,4,13
H132,2025-10,Apexacare,8,42
H132,2025-10,Competitor_A,5,27
H132,2025-10,Competitor_B,6,26
H133,2025-10,Apexacare,10,43
H133,2025-10,Competitor_A,4,19
H133,2025-10,Competitor_B,5,18
H134,2025-10,Apexacare,7,36
H134,2025-10,Competitor_A,4,22
H134,2025-10,Competitor_B,5,22
H135,2025-10,Apexacare,4,18
H135,2025-10,Competitor_A,3,12
H135,2025-10,Competitor_B,3,10
H136,2025-10,Apexacare,4,18
H136,2025-10,Competitor_A,6,28
H136,2025-10,Competitor_B,8,29
H137,2025-10,Apexacare,12,49
H137,2025-10,Competitor_A,16,67
H137,2025-10,Competitor_B,16,64
H138,2025-10,Apexacare,17,62
H138,2025-10,Competitor_A,13,48
H138,2025-10,Competitor_B,11,34
H139,2025-10,Apexacare,10,35
H139,2025-10,Competitor_A,12,42
H139,2025-10,Competitor_B,9,31
H140,2025-10,Apexacare,2,10
H140,2025-10,Competitor_A,5,26
H140,2025-10,Competitor_B,5,24
H141,2025-10,Apexacare,19,67
H141,2025-10,Competitor_A,18,65
H141,2025-10,Competitor_B,14,48
H142,2025-10,Apexacare,9,43
H142,2025-10,Competitor_A,8,36
H142,2025-10,Competitor_B,9,35
H143,2025-10,Apexacare,14,61
H143,2025-10,Competitor_A,12,51
H143,2025-10,Competitor_B,11,40
H144,2025-10,Apexacare,6,30
H144,2025-10,Competitor_A,8,41
H144,2025-10,Competitor_B,8,31
H145,2025-10,Apexacare,1,6
H145,2025-10,Competitor_A,1,4
H145,2025-10,Competitor_B,2,6
H146,2025-10,Apexacare,12,61
H146,2025-10,Competitor_A,7,39
H146,2025-10,Competitor_B,9,40
H147,2025-10,Apexacare,3,17
H147,2025-10,Competitor_A,4,20
H147,2025-10,Competitor_B,5,17
H148,2025-10,Apexacare,5,25
H148,2025-10,Competitor_A,4,20
H148,2025-10,Competitor_B,4,18
H149,2025-10,Apexacare,0,3
H149,2025-10,Competitor_A,1,5
H149,2025-10,Competitor_B,2,7
H150,2025-10,Apexacare,9,41
H150,2025-10,Competitor_A,6,25
H150,2025-10,Competitor_B,6,24
H151,2025-10,Apexacare,14,51
H151,2025-10,Competitor_A,8,30
H151,2025-10,Competitor_B,7,24
H152,2025-10,Apexacare,13,60
H152,2025-10,Competitor_A,6,26
H152,2025-10,Competitor_B,6,22
H153,2025-10,Apexacare,11,48
H153,2025-10,Competitor_A,6,28
H153,2025-10,Competitor_B,6,19
H154,2025-10,Apexacare,8,35
H154,2025-10,Competitor_A,5,25
H154,2025-10,Competitor_B,7,25
H155,2025-10,Apexacare,4,24
H155,2025-10,Competitor_A,5,29
H155,2025-10,Competitor_B,7,27
H156,2025-10,Apexacare,16,61
H156,2025-10,Competitor_A,14,54
H156,2025-10,Competitor_B,15,53
H157,2025-10,Apexacare,3,14
H157,2025-10,Competitor_A,3,15
H157,2025-10,Competitor_B,3,15
H158,2025-10,Apexacare,16,65
H158,2025-10,Competitor_A,8,34
H158,2025-10,Competitor_B,8,27
H159,2025-10,Apexacare,8,41
H159,2025-10,Competitor_A,6,32
H159,2025-10,Competitor_B,8,32
H160,2025-10,Apexacare,10,40
H160,2025-10,Competitor_A,8,33
H160,2025-10,Competitor_B,9,32
H161,2025-10,Apexacare,12,58
H161,2025-10,Competitor_A,10,52
H161,2025-10,Competitor_B,10,43
H162,2025-10,Apexacare,2,10
H162,2025-10,Competitor_A,1,4
H162,2025-10,Competitor_B,2,5
H163,2025-10,Apexacare,5,24
H163,2025-10,Competitor_A,4,19
H163,2025-10,Competitor_B,4,14
H164,2025-10,Apexacare,10,41
H164,2025-10,Competitor_A,8,35
H164,2025-10,Competitor_B,8,32
H165,2025-10,Apexacare,18,69
H165,2025-10,Competitor_A,11,40
H165,2025-10,Competitor_B,11,38
H166,2025-10,Apexacare,2,10
H166,2025-10,Competitor_A,6,23
H166,2025-10,Competitor_B,6,18
H167,2025-10,Apexacare,11,40
H167,2025-10,Competitor_A,15,57
H167,2025-10,Competitor_B,16,55
H168,2025-10,Apexacare,12,51
H168,2025-10,Competitor_A,8,35
H168,2025-10,Competitor_B,10,34
H169,2025-10,Apexacare,2,8
H169,2025-10,Competitor_A,3,14
H169,2025-10,Competitor_B,3,10
H170,2025-10,Apexacare,9,41
H170,2025-10,Competitor_A,7,35
H170,2025-10,Competitor_B,7,29
H171,2025-10,Apexacare,15,58
H171,2025-10,Competitor_A,12,47
H171,2025-10,Competitor_B,12,45
H172,2025-10,Apexacare,11,50
H172,2025-10,Competitor_A,7,35
H172,2025-10,Competitor_B,8,34
H173,2025-10,Apexacare,12,59
H173,2025-10,Competitor_A,9,49
H173,2025-10,Competitor_B,10,44
H174,2025-10,Apexacare,21,71
H174,2025-10,Competitor_A,9,31
H174,2025-10,Competitor_B,7,24
H175,2025-10,Apexacare,18,73
H175,2025-10,Competitor_A,11,45
H175,2025-10,Competitor_B,9,36
H176,2025-10,Apexacare,15,70
H176,2025-10,Competitor_A,12,59
H176,2025-10,Competitor_B,11,47
H177,2025-10,Apexacare,1,6
H177,2025-10,Competitor_A,1,7
H177,2025-10,Competitor_B,2,7
H178,2025-10,Apexacare,8,36
H178,2025-10,Competitor_A,9,36
H178,2025-10,Competitor_B,9,33
H179,2025-10,Apexacare,12,60
H179,2025-10,Competitor_A,5,26
H179,2025-10,Competitor_B,5,19
H180,2025-10,Apexacare,14,51
H180,2025-10,Competitor_A,9,31
H180,2025-10,Competitor_B,8,26
H181,2025-10,Apexacare,11,43
H181,2025-10,Competitor_A,10,37
H181,2025-10,Competitor_B,10,34
H182,2025-10,Apexacare,16,58
H182,2025-10,Competitor_A,11,41
H182,2025-10,Competitor_B,11,36
H183,2025-10,Apexacare,6,22
H183,2025-10,Competitor_A,3,12
H183,2025-10,Competitor_B,4,14
H184,2025-10,Apexacare,10,40
H184,2025-10,Competitor_A,12,47
H184,2025-10,Competitor_B,10,39
H185,2025-10,Apexacare,10,40
H185,2025-10,Competitor_A,9,36
H185,2025-10,Competitor_B,9,29
H186,2025-10,Apexacare,9,38
H186,2025-10,Competitor_A,11,45
H186,2025-10,Competitor_B,11,43
H187,2025-10,Apexacare,6,25
H187,2025-10,Competitor_A,14,57
H187,2025-10,Competitor_B,12,44
H188,2025-10,Apexacare,4,19
H188,2025-10,Competitor_A,5,25
H188,2025-10,Competitor_B,5,20
H189,2025-10,Apexacare,5,26
H189,2025-10,Competitor_A,5,25
H189,2025-10,Competitor_B,6,25
H190,2025-10,Apexacare,18,61
H190,2025-10,Competitor_A,15,51
H190,2025-10,Competitor_B,14,48
H191,2025-10,Apexacare,12,41
H191,2025-10,Competitor_A,11,39
H191,2025-10,Competitor_B,12,39
H192,2025-10,Apexacare,13,45
H192,2025-10,Competitor_A,12,41
H192,2025-10,Competitor_B,10,34
H193,2025-10,Apexacare,9,41
H193,2025-10,Competitor_A,7,33
H193,2025-10,Competitor_B,7,28
H194,2025-10,Apexacare,8,32
H194,2025-10,Competitor_A,7,30
H194,2025-10,Competitor_B,8,26
H195,2025-10,Apexacare,13,59
H195,2025-10,Competitor_A,7,34
H195,2025-10,Competitor_B,9,33
H196,2025-10,Apexacare,7,30
H196,2025-10,Competitor_A,9,38
H196,2025-10,Competitor_B,7,28
H197,2025-10,Apexacare,3,15
H197,2025-10,Competitor_A,4,17
H197,2025-10,Competitor_B,5,16
H198,2025-10,Apexacare,8,29
H198,2025-10,Competitor_A,8,30
H198,2025-10,Competitor_B,7,21
H199,2025-10,Apexacare,4,17
H199,2025-10,Competitor_A,7,27
H199,2025-10,Competitor_B,8,24
H200,2025-10,Apexacare,8,39
H200,2025-10,Competitor_A,7,34
H200,2025-10,Competitor_B,8,32
H201,2025-10,Apexacare,1,6
H201,2025-10,Competitor_A,1,5
H201,2025-10,Competitor_B,2,7
H202,2025-10,Apexacare,8,30
H202,2025-10,Competitor_A,8,29
H202,2025-10,Competitor_B,8,26
H203,2025-10,Apexacare,12,53
H203,2025-10,Competitor_A,12,54
H203,2025-10,Competitor_B,12,47
H204,2025-10,Apexacare,14,56
H204,2025-10,Competitor_A,9,36
H204,2025-10,Competitor_B,8,28
H205,2025-10,Apexacare,13,62
H205,2025-10,Competitor_A,9,43
H205,2025-10,Competitor_B,7,31
H206,2025-10,Apexacare,11,47
H206,2025-10,Competitor_A,13,54
H206,2025-10,Competitor_B,11,39
H207,2025-10,Apexacare,9,38
H207,2025-10,Competitor_A,6,24
H207,2025-10,Competitor_B,6,22
H208,2025-10,Apexacare,7,25
H208,2025-10,Competitor_A,4,15
H208,2025-10,Competitor_B,4,14
H209,2025-10,Apexacare,12,58
H209,2025-10,Competitor_A,6,29
H209,2025-10,Competitor_B,5,21
H210,2025-10,Apexacare,5,19
H210,2025-10,Competitor_A,4,17
H210,2025-10,Competitor_B,5,18
H211,2025-10,Apexacare,16,67
H211,2025-10,Competitor_A,7,30
H211,2025-10,Competitor_B,6,23
H212,2025-10,Apexacare,15,61
H212,2025-10,Competitor_A,18,72
H212,2025-10,Competitor_B,18,67
H213,2025-10,Apexacare,6,30
H213,2025-10,Competitor_A,5,25
H213,2025-10,Competitor_B,5,21
H214,2025-10,Apexacare,7,29
H214,2025-10,Competitor_A,3,13
H214,2025-10,Competitor_B,4,15
H215,2025-10,Apexacare,8,28
H215,2025-10,Competitor_A,4,15
H215,2025-10,Competitor_B,4,11
H216,2025-10,Apexacare,17,73
H216,2025-10,Competitor_A,8,35
H216,2025-10,Competitor_B,6,24
H217,2025-10,Apexacare,3,16
H217,2025-10,Competitor_A,2,10
H217,2025-10,Competitor_B,3,8
H218,2025-10,Apexacare,20,69
H218,2025-10,Competitor_A,14,47
H218,2025-10,Competitor_B,11,37
H219,2025-10,Apexacare,12,60
H219,2025-10,Competitor_A,11,52
H219,2025-10,Competitor_B,11,48
H220,2025-10,Apexacare,2,10
H220,2025-10,Competitor_A,1,5
H220,2025-10,Competitor_B,2,4
H221,2025-10,Apexacare,11,46
H221,2025-10,Competitor_A,10,44
H221,2025-10,Competitor_B,11,42
H222,2025-10,Apexacare,15,74
H222,2025-10,Competitor_A,10,49
H222,2025-10,Competitor_B,8,37
H223,2025-10,Apexacare,21,80
H223,2025-10,Competitor_A,13,50
H223,2025-10,Competitor_B,12,41
H224,2025-10,Apexacare,4,14
H224,2025-10,Competitor_A,3,12
H224,2025-10,Competitor_B,3,10
H225,2025-10,Apexacare,10,42
H225,2025-10,Competitor_A,10,40
H225,2025-10,Competitor_B,8,30
H226,2025-10,Apexacare,4,18
H226,2025-10,Competitor_A,3,16
H226,2025-10,Competitor_B,5,17
H227,2025-10,Apexacare,14,64
H227,2025-10,Competitor_A,15,68
H227,2025-10,Competitor_B,13,57
H228,2025-10,Apexacare,8,34
H228,2025-10,Competitor_A,4,17
H228,2025-10,Competitor_B,5,17
H229,2025-10,Apexacare,9,42
H229,2025-10,Competitor_A,7,34
H229,2025-10,Competitor_B,8,29
H230,2025-10,Apexacare,10,45
H230,2025-10,Competitor_A,10,44
H230,2025-10,Competitor_B,10,37
H231,2025-10,Apexacare,5,23
H231,2025-10,Competitor_A,8,37
H231,2025-10,Competitor_B,10,35
H232,2025-10,Apexacare,16,61
H232,2025-10,Competitor_A,11,43
H232,2025-10,Competitor_B,10,36
H233,2025-10,Apexacare,13,49
H233,2025-10,Competitor_A,9,33
H233,2025-10,Competitor_B,10,32
H234,2025-10,Apexacare,25,100
H234,2025-10,Competitor_A,13,54
H234,2025-10,Competitor_B,13,46
H235,2025-10,Apexacare,18,67
H235,2025-10,Competitor_A,13,47
H235,2025-10,Competitor_B,11,38
H236,2025-10,Apexacare,6,32
H236,2025-10,Competitor_A,5,25
H236,2025-10,Competitor_B,6,23
H237,2025-10,Apexacare,6,26
H237,2025-10,Competitor_A,4,17
H237,2025-10,Competitor_B,5,17
H238,2025-10,Apexacare,4,16
H238,2025-10,Competitor_A,5,21
H238,2025-10,Competitor_B,4,17
H239,2025-10,Apexacare,8,33
H239,2025-10,Competitor_A,9,40
H239,2025-10,Competitor_B,8,32
H240,2025-10,Apexacare,1,6
H240,2025-10,Competitor_A,1,5
H240,2025-10,Competitor_B,2,6
H241,2025-10,Apexacare,9,36
H241,2025-10,Competitor_A,6,26
H241,2025-10,Competitor_B,8,26
H242,2025-10,Apexacare,2,11
H242,2025-10,Competitor_A,2,12
H242,2025-10,Competitor_B,3,11
H243,2025-10,Apexacare,9,40
H243,2025-10,Competitor_A,6,26
H243,2025-10,Competitor_B,5,18
H244,2025-10,Apexacare,13,46
H244,2025-10,Competitor_A,13,48
H244,2025-10,Competitor_B,13,46
H245,2025-10,Apexacare,3,19
H245,2025-10,Competitor_A,3,19
H245,2025-10,Competitor_B,5,16
H246,2025-10,Apexacare,7,35
H246,2025-10,Competitor_A,3,16
H246,2025-10,Competitor_B,4,17
H247,2025-10,Apexacare,7,33
H247,2025-10,Competitor_A,6,29
H247,2025-10,Competitor_B,5,22
H248,2025-10,Apexacare,5,27
H248,2025-10,Competitor_A,3,17
H248,2025-10,Competitor_B,5,16
H249,2025-10,Apexacare,17,70
H249,2025-10,Competitor_A,12,48
H249,2025-10,Competitor_B,12,42
H250,2025-10,Apexacare,7,34
H250,2025-10,Competitor_A,6,29
H250,2025-10,Competitor_B,7,25
H251,2025-10,Apexacare,10,51
H251,2025-10,Competitor_A,5,26
H251,2025-10,Competitor_B,6,28
H252,2025-10,Apexacare,19,68
H252,2025-10,Competitor_A,15,55
H252,2025-10,Competitor_B,15,48
H253,2025-10,Apexacare,10,48
H253,2025-10,Competitor_A,10,49
H253,2025-10,Competitor_B,9,35
H254,2025-10,Apexacare,1,9
H254,2025-10,Competitor_A,1,5
H254,2025-10,Competitor_B,2,6
H255,2025-10,Apexacare,7,31
H255,2025-10,Competitor_A,7,31
H255,2025-10,Competitor_B,8,33
H256,2025-10,Apexacare,3,16
H256,2025-10,Competitor_A,2,14
H256,2025-10,Competitor_B,3,10
H257,2025-10,Apexacare,10,35
H257,2025-10,Competitor_A,14,49
H257,2025-10,Competitor_B,11,36
H258,2025-10,Apexacare,14,54
H258,2025-10,Competitor_A,19,74
H258,2025-10,Competitor_B,15,52
H259,2025-10,Apexacare,9,42
H259,2025-10,Competitor_A,10,47
H259,2025-10,Competitor_B,9,37
H260,2025-10,Apexacare,1,9
H260,2025-10,Competitor_A,1,5
H260,2025-10,Competitor_B,2,6
H261,2025-10,Apexacare,7,30
H261,2025-10,Competitor_A,11,46
H261,2025-10,Competitor_B,11,38
H262,2025-10,Apexacare,3,11
H262,2025-10,Competitor_A,5,19
H262,2025-10,Competitor_B,5,15
H263,2025-10,Apexacare,5,21
H263,2025-10,Competitor_A,9,42
H263,2025-10,Competitor_B,10,42
H264,2025-10,Apexacare,2,11
H264,2025-10,Competitor_A,2,11
H264,2025-10,Competitor_B,3,10
H265,2025-10,Apexacare,6,30
H265,2025-10,Competitor_A,5,26
H265,2025-10,Competitor_B,6,24
H266,2025-10,Apexacare,17,72
H266,2025-10,Competitor_A,13,57
H266,2025-10,Competitor_B,13,51
H267,2025-10,Apexacare,7,36
H267,2025-10,Competitor_A,7,35
H267,2025-10,Competitor_B,9,34
H268,2025-10,Apexacare,7,37
H268,2025-10,Competitor_A,10,50
H268,2025-10,Competitor_B,11,48
H269,2025-10,Apexacare,5,21
H269,2025-10,Competitor_A,15,60
H269,2025-10,Competitor_B,13,45
H270,2025-10,Apexacare,8,35
H270,2025-10,Competitor_A,5,22
H270,2025-10,Competitor_B,6,18
H271,2025-10,Apexacare,21,83
H271,2025-10,Competitor_A,13,53
H271,2025-10,Competitor_B,15,54
H272,2025-10,Apexacare,9,33
H272,2025-10,Competitor_A,9,33
H272,2025-10,Competitor_B,9,30
H273,2025-10,Apexacare,13,51
H273,2025-10,Competitor_A,12,47
H273,2025-10,Competitor_B,10,35
H274,2025-10,Apexacare,6,31
H274,2025-10,Competitor_A,7,34
H274,2025-10,Competitor_B,6,25
H275,2025-10,Apexacare,11,51
H275,2025-10,Competitor_A,5,22
H275,2025-10,Competitor_B,5,22
H276,2025-10,Apexacare,10,36
H276,2025-10,Competitor_A,13,47
H276,2025-10,Competitor_B,11,36
H277,2025-10,Apexacare,4,22
H277,2025-10,Competitor_A,6,29
H277,2025-10,Competitor_B,8,29
H278,2025-10,Apexacare,6,31
H278,2025-10,Competitor_A,3,16
H278,2025-10,Competitor_B,4,13
H279,2025-10,Apexacare,7,29
H279,2025-10,Competitor_A,8,33
H279,2025-10,Competitor_B,7,28
H280,2025-10,Apexacare,17,73
H280,2025-10,Competitor_A,9,37
H280,2025-10,Competitor_B,8,30
H281,2025-10,Apexacare,16,57
H281,2025-10,Competitor_A,13,46
H281,2025-10,Competitor_B,14,44
H282,2025-10,Apexacare,1,6
H282,2025-10,Competitor_A,1,7
H282,2025-10,Competitor_B,2,7
H283,2025-10,Apexacare,6,22
H283,2025-10,Competitor_A,6,21
H283,2025-10,Competitor_B,5,17
H284,2025-10,Apexacare,3,16
H284,2025-10,Competitor_A,3,14
H284,2025-10,Competitor_B,4,12
H285,2025-10,Apexacare,14,60
H285,2025-10,Competitor_A,11,48
H285,2025-10,Competitor_B,12,46
H286,2025-10,Apexacare,18,64
H286,2025-10,Competitor_A,11,40
H286,2025-10,Competitor_B,10,31
H287,2025-10,Apexacare,9,45
H287,2025-10,Competitor_A,9,48
H287,2025-10,Competitor_B,9,40
H288,2025-10,Apexacare,10,42
H288,2025-10,Competitor_A,6,26
H288,2025-10,Competitor_B,7,22
H289,2025-10,Apexacare,7,33
H289,2025-10,Competitor_A,8,37
H289,2025-10,Competitor_B,7,26
H290,2025-10,Apexacare,4,20
H290,2025-10,Competitor_A,3,17
H290,2025-10,Competitor_B,5,17
H291,2025-10,Apexacare,11,47
H291,2025-10,Competitor_A,15,65
H291,2025-10,Competitor_B,12,48
H292,2025-10,Apexacare,3,16
H292,2025-10,Competitor_A,2,11
H292,2025-10,Competitor_B,2,11
H293,2025-10,Apexacare,18,80
H293,2025-10,Competitor_A,15,67
H293,2025-10,Competitor_B,12,51
H294,2025-10,Apexacare,17,62
H294,2025-10,Competitor_A,16,57
H294,2025-10,Competitor_B,12,41
H295,2025-10,Apexacare,6,29
H295,2025-10,Competitor_A,6,29
H295,2025-10,Competitor_B,6,26
H296,2025-10,Apexacare,14,61
H296,2025-10,Competitor_A,11,50
H296,2025-10,Competitor_B,11,43
H297,2025-10,Apexacare,13,49
H297,2025-10,Competitor_A,11,45
H297,2025-10,Competitor_B,9,32
H298,2025-10,Apexacare,12,47
H298,2025-10,Competitor_A,6,25
H298,2025-10,Competitor_B,8,24
H299,2025-10,Apexacare,10,42
H299,2025-10,Competitor_A,11,47
H299,2025-10,Competitor_B,9,37
H300,2025-10,Apexacare,7,38
H300,2025-10,Competitor_A,7,37
H300,2025-10,Competitor_B,7,33
H301,2025-10,Apexacare,3,18
H301,2025-10,Competitor_A,3,16
H301,2025-10,Competitor_B,3,14
H302,2025-10,Apexacare,7,27
H302,2025-10,Competitor_A,12,43
H302,2025-10,Competitor_B,11,35
H303,2025-10,Apexacare,16,65
H303,2025-10,Competitor_A,15,60
H303,2025-10,Competitor_B,11,43
H304,2025-10,Apexacare,23,96
H304,2025-10,Competitor_A,9,40
H304,2025-10,Competitor_B,9,32
H305,2025-10,Apexacare,9,32
H305,2025-10,Competitor_A,13,46
H305,2025-10,Competitor_B,13,42
H306,2025-10,Apexacare,11,39
H306,2025-10,Competitor_A,10,38
H306,2025-10,Competitor_B,9,28
H307,2025-10,Apexacare,12,53
H307,2025-10,Competitor_A,13,54
H307,2025-10,Competitor_B,11,43
H308,2025-10,Apexacare,1,5
H308,2025-10,Competitor_A,1,5
H308,2025-10,Competitor_B,2,6
H309,2025-10,Apexacare,9,40
H309,2025-10,Competitor_A,8,38
H309,2025-10,Competitor_B,9,34
H310,2025-10,Apexacare,9,40
H310,2025-10,Competitor_A,12,53
H310,2025-10,Competitor_B,11,39
H311,2025-10,Apexacare,8,40
H311,2025-10,Competitor_A,8,39
H311,2025-10,Competitor_B,8,35
H312,2025-10,Apexacare,7,32
H312,2025-10,Competitor_A,7,33
H312,2025-10,Competitor_B,6,25
H313,2025-10,Apexacare,6,22
H313,2025-10,Competitor_A,5,19
H313,2025-10,Competitor_B,6,19
H314,2025-10,Apexacare,17,74
H314,2025-10,Competitor_A,15,66
H314,2025-10,Competitor_B,14,60
H315,2025-10,Apexacare,11,48
H315,2025-10,Competitor_A,6,29
H315,2025-10,Competitor_B,7,28
H316,2025-10,Apexacare,8,42
H316,2025-10,Competitor_A,11,54
H316,2025-10,Competitor_B,11,48
H317,2025-10,Apexacare,9,46
H317,2025-10,Competitor_A,11,56
H317,2025-10,Competitor_B,12,51
H318,2025-10,Apexacare,14,50
H318,2025-10,Competitor_A,8,29
H318,2025-10,Competitor_B,10,31
H319,2025-10,Apexacare,6,31
H319,2025-10,Competitor_A,15,70
H319,2025-10,Competitor_B,16,67
H320,2025-10,Apexacare,1,5
H320,2025-10,Competitor_A,1,5
H320,2025-10,Competitor_B,1,5
H321,2025-10,Apexacare,20,73
H321,2025-10,Competitor_A,9,34
H321,2025-10,Competitor_B,8,26
H322,2025-10,Apexacare,20,87
H322,2025-10,Competitor_A,17,75
H322,2025-10,Competitor_B,14,58
H323,2025-10,Apexacare,4,18
H323,2025-10,Competitor_A,2,12
H323,2025-10,Competitor_B,3,10
H324,2025-10,Apexacare,9,33
H324,2025-10,Competitor_A,14,52
H324,2025-10,Competitor_B,14,50
H325,2025-10,Apexacare,13,48
H325,2025-10,Competitor_A,10,37
H325,2025-10,Competitor_B,8,27
H326,2025-10,Apexacare,1,4
H326,2025-10,Competitor_A,1,7
H326,2025-10,Competitor_B,2,6
H327,2025-10,Apexacare,5,19
H327,2025-10,Competitor_A,6,22
H327,2025-10,Competitor_B,5,19
H328,2025-10,Apexacare,4,19
H328,2025-10,Competitor_A,3,13
H328,2025-10,Competitor_B,3,13
H329,2025-10,Apexacare,7,33
H329,2025-10,Competitor_A,6,29
H329,2025-10,Competitor_B,8,28
H330,2025-10,Apexacare,5,24
H330,2025-10,Competitor_A,5,23
H330,2025-10,Competitor_B,5,19
H331,2025-10,Apexacare,13,57
H331,2025-10,Competitor_A,13,55
H331,2025-10,Competitor_B,11,41
H332,2025-10,Apexacare,7,28
H332,2025-10,Competitor_A,9,34
H332,2025-10,Competitor_B,7,26
H333,2025-10,Apexacare,5,22
H333,2025-10,Competitor_A,5,22
H333,2025-10,Competitor_B,5,19
H334,2025-10,Apexacare,5,26
H334,2025-10,Competitor_A,4,21
H334,2025-10,Competitor_B,6,21
H335,2025-10,Apexacare,1,6
H335,2025-10,Competitor_A,0,5
H335,2025-10,Competitor_B,2,7
H336,2025-10,Apexacare,9,48
H336,2025-10,Competitor_A,9,49
H336,2025-10,Competitor_B,10,43
H337,2025-10,Apexacare,14,64
H337,2025-10,Competitor_A,6,29
H337,2025-10,Competitor_B,7,27
H338,2025-10,Apexacare,13,64
H338,2025-10,Competitor_A,10,48
H338,2025-10,Competitor_B,8,35
H339,2025-10,Apexacare,5,22
H339,2025-10,Competitor_A,10,40
H339,2025-10,Competitor_B,10,34
H340,2025-10,Apexacare,16,64
H340,2025-10,Competitor_A,11,46
H340,2025-10,Competitor_B,10,34
H341,2025-10,Apexacare,12,51
H341,2025-10,Competitor_A,6,25
H341,2025-10,Competitor_B,7,24
H342,2025-10,Apexacare,5,20
H342,2025-10,Competitor_A,8,31
H342,2025-10,Competitor_B,8,25
H343,2025-10,Apexacare,10,49
H343,2025-10,Competitor_A,11,53
H343,2025-10,Competitor_B,13,52
H344,2025-10,Apexacare,8,32
H344,2025-10,Competitor_A,7,28
H344,2025-10,Competitor_B,7,28
H345,2025-10,Apexacare,8,38
H345,2025-10,Competitor_A,9,45
H345,2025-10,Competitor_B,8,36
H346,2025-10,Apexacare,9,48
H346,2025-10,Competitor_A,7,36
H346,2025-10,Competitor_B,7,30
H347,2025-10,Apexacare,15,53
H347,2025-10,Competitor_A,15,54
H347,2025-10,Competitor_B,14,45
H348,2025-10,Apexacare,16,75
H348,2025-10,Competitor_A,7,32
H348,2025-10,Competitor_B,7,33
H349,2025-10,Apexacare,16,73
H349,2025-10,Competitor_A,11,51
H349,2025-10,Competitor_B,12,47
H350,2025-10,Apexacare,15,57
H350,2025-10,Competitor_A,12,44
H350,2025-10,Competitor_B,10,35
H351,2025-10,Apexacare,6,26
H351,2025-10,Competitor_A,7,29
H351,2025-10,Competitor_B,8,30
H352,2025-10,Apexacare,14,54
H352,2025-10,Competitor_A,14,54
H352,2025-10,Competitor_B,14,46
H353,2025-10,Apexacare,14,51
H353,2025-10,Competitor_A,16,57
H353,2025-10,Competitor_B,14,46
H354,2025-10,Apexacare,6,26
H354,2025-10,Competitor_A,11,47
H354,2025-10,Competitor_B,13,46
H355,2025-10,Apexacare,11,41
H355,2025-10,Competitor_A,10,35
H355,2025-10,Competitor_B,9,29
H356,2025-10,Apexacare,12,48
H356,2025-10,Competitor_A,9,33
H356,2025-10,Competitor_B,8,27
H357,2025-10,Apexacare,13,66
H357,2025-10,Competitor_A,13,64
H357,2025-10,Competitor_B,10,46
H358,2025-10,Apexacare,5,25
H358,2025-10,Competitor_A,4,19
H358,2025-10,Competitor_B,5,16
H359,2025-10,Apexacare,6,21
H359,2025-10,Competitor_A,4,17
H359,2025-10,Competitor_B,5,16
H360,2025-10,Apexacare,17,63
H360,2025-10,Competitor_A,9,33
H360,2025-10,Competitor_B,7,24
H361,2025-10,Apexacare,10,43
H361,2025-10,Competitor_A,9,40
H361,2025-10,Competitor_B,9,31
H362,2025-10,Apexacare,12,47
H362,2025-10,Competitor_A,10,37
H362,2025-10,Competitor_B,10,36
H363,2025-10,Apexacare,18,67
H363,2025-10,Competitor_A,10,39
H363,2025-10,Competitor_B,11,38
H364,2025-10,Apexacare,23,83
H364,2025-10,Competitor_A,15,55
H364,2025-10,Competitor_B,11,38
H365,2025-10,Apexacare,7,26
H365,2025-10,Competitor_A,7,28
H365,2025-10,Competitor_B,6,21
H366,2025-10,Apexacare,2,13
H366,2025-10,Competitor_A,1,9
H366,2025-10,Competitor_B,3,8
H367,2025-10,Apexacare,4,20
H367,2025-10,Competitor_A,6,30
H367,2025-10,Competitor_B,6,26
H368,2025-10,Apexacare,5,25
H368,2025-10,Competitor_A,11,51
H368,2025-10,Competitor_B,8,36
H369,2025-10,Apexacare,16,67
H369,2025-10,Competitor_A,12,52
H369,2025-10,Competitor_B,13,49
H370,2025-10,Apexacare,3,15
H370,2025-10,Competitor_A,3,14
H370,2025-10,Competitor_B,4,11
H371,2025-10,Apexacare,4,21
H371,2025-10,Competitor_A,4,22
H371,2025-10,Competitor_B,4,17
H372,2025-10,Apexacare,11,40
H372,2025-10,Competitor_A,7,25
H372,2025-10,Competitor_B,7,20
H373,2025-10,Apexacare,5,23
H373,2025-10,Competitor_A,5,22
H373,2025-10,Competitor_B,6,19
H374,2025-10,Apexacare,11,46
H374,2025-10,Competitor_A,14,56
H374,2025-10,Competitor_B,14,52
H375,2025-10,Apexacare,10,39
H375,2025-10,Competitor_A,9,35
H375,2025-10,Competitor_B,10,31
H376,2025-10,Apexacare,12,56
H376,2025-10,Competitor_A,11,49
H376,2025-10,Competitor_B,9,35
H377,2025-10,Apexacare,11,40
H377,2025-10,Competitor_A,10,35
H377,2025-10,Competitor_B,10,30
H378,2025-10,Apexacare,12,42
H378,2025-10,Competitor_A,13,46
H378,2025-10,Competitor_B,11,38
H379,2025-10,Apexacare,6,24
H379,2025-10,Competitor_A,12,46
H379,2025-10,Competitor_B,11,40
H380,2025-10,Apexacare,5,21
H380,2025-10,Competitor_A,6,23
H380,2025-10,Competitor_B,7,22
H381,2025-10,Apexacare,5,24
H381,2025-10,Competitor_A,7,32
H381,2025-10,Competitor_B,6,24
H382,2025-10,Apexacare,4,18
H382,2025-10,Competitor_A,3,12
H382,2025-10,Competitor_B,3,10
H383,2025-10,Apexacare,5,21
H383,2025-10,Competitor_A,4,18
H383,2025-10,Competitor_B,6,18
H384,2025-10,Apexacare,12,48
H384,2025-10,Competitor_A,10,41
H384,2025-10,Competitor_B,11,37
H385,2025-10,Apexacare,16,78
H385,2025-10,Competitor_A,12,61
H385,2025-10,Competitor_B,14,59
H386,2025-10,Apexacare,14,54
H386,2025-10,Competitor_A,12,46
H386,2025-10,Competitor_B,11,36
H387,2025-10,Apexacare,14,54
H387,2025-10,Competitor_A,8,31
H387,2025-10,Competitor_B,7,25
H388,2025-10,Apexacare,10,43
H388,2025-10,Competitor_A,7,31
H388,2025-10,Competitor_B,8,28
H389,2025-10,Apexacare,24,105
H389,2025-10,Competitor_A,14,61
H389,2025-10,Competitor_B,13,54
H390,2025-10,Apexacare,5,28
H390,2025-10,Competitor_A,4,24
H390,2025-10,Competitor_B,6,23
H391,2025-10,Apexacare,13,66
H391,2025-10,Competitor_A,18,88
H391,2025-10,Competitor_B,15,66
H392,2025-10,Apexacare,2,10
H392,2025-10,Competitor_A,4,16
H392,2025-10,Competitor_B,4,14
H393,2025-10,Apexacare,10,40
H393,2025-10,Competitor_A,11,42
H393,2025-10,Competitor_B,10,32
H394,2025-10,Apexacare,6,25
H394,2025-10,Competitor_A,8,33
H394,2025-10,Competitor_B,9,32
H395,2025-10,Apexacare,17,78
H395,2025-10,Competitor_A,17,78
H395,2025-10,Competitor_B,16,64
H396,2025-10,Apexacare,7,31
H396,2025-10,Competitor_A,12,53
H396,2025-10,Competitor_B,10,44
H397,2025-10,Apexacare,13,47
H397,2025-10,Competitor_A,5,20
H397,2025-10,Competitor_B,6,17
H398,2025-10,Apexacare,14,58
H398,2025-10,Competitor_A,11,46
H398,2025-10,Competitor_B,11,46
H399,2025-10,Apexacare,12,56
H399,2025-10,Competitor_A,5,24
H399,2025-10,Competitor_B,7,25
H400,2025-10,Apexacare,12,46
H400,2025-10,Competitor_A,10,38
H400,2025-10,Competitor_B,10,36
H401,2025-10,Apexacare,19,79
H401,2025-10,Competitor_A,11,47
H401,2025-10,Competitor_B,10,34
H402,2025-10,Apexacare,7,33
H402,2025-10,Competitor_A,10,45
H402,2025-10,Competitor_B,10,41
H403,2025-10,Apexacare,4,21
H403,2025-10,Competitor_A,5,26
H403,2025-10,Competitor_B,6,21
H404,2025-10,Apexacare,17,59
H404,2025-10,Competitor_A,17,60
H404,2025-10,Competitor_B,15,49
H405,2025-10,Apexacare,4,19
H405,2025-10,Competitor_A,8,37
H405,2025-10,Competitor_B,8,28
H406,2025-10,Apexacare,15,56
H406,2025-10,Competitor_A,13,49
H406,2025-10,Competitor_B,12,45
H407,2025-10,Apexacare,7,33
H407,2025-10,Competitor_A,15,65
H407,2025-10,Competitor_B,16,62
H408,2025-10,Apexacare,26,94
H408,2025-10,Competitor_A,13,46
H408,2025-10,Competitor_B,12,40
H409,2025-10,Apexacare,10,41
H409,2025-10,Competitor_A,5,20
H409,2025-10,Competitor_B,6,19
H410,2025-10,Apexacare,10,42
H410,2025-10,Competitor_A,16,65
H410,2025-10,Competitor_B,12,47
H411,2025-10,Apexacare,3,17
H411,2025-10,Competitor_A,2,12
H411,2025-10,Competitor_B,3,9
H412,2025-10,Apexacare,6,27
H412,2025-10,Competitor_A,10,41
H412,2025-10,Competitor_B,11,40
H413,2025-10,Apexacare,14,49
H413,2025-10,Competitor_A,12,44
H413,2025-10,Competitor_B,12,39
H414,2025-10,Apexacare,9,43
H414,2025-10,Competitor_A,9,40
H414,2025-10,Competitor_B,9,37
H415,2025-10,Apexacare,16,65
H415,2025-10,Competitor_A,7,30
H415,2025-10,Competitor_B,9,31
H416,2025-10,Apexacare,1,5
H416,2025-10,Competitor_A,1,5
H416,2025-10,Competitor_B,2,5
H417,2025-10,Apexacare,17,78
H417,2025-10,Competitor_A,15,68
H417,2025-10,Competitor_B,13,52
H418,2025-10,Apexacare,10,48
H418,2025-10,Competitor_A,10,49
H418,2025-10,Competitor_B,8,35
H419,2025-10,Apexacare,3,17
H419,2025-10,Competitor_A,2,14
H419,2025-10,Competitor_B,4,13
H420,2025-10,Apexacare,9,33
H420,2025-10,Competitor_A,9,33
H420,2025-10,Competitor_B,7,24
H421,2025-10,Apexacare,9,37
H421,2025-10,Competitor_A,10,41
H421,2025-10,Competitor_B,11,42
H422,2025-10,Apexacare,3,13
H422,2025-10,Competitor_A,4,17
H422,2025-10,Competitor_B,5,14
H423,2025-10,Apexacare,15,69
H423,2025-10,Competitor_A,6,30
H423,2025-10,Competitor_B,7,27
H424,2025-10,Apexacare,14,66
H424,2025-10,Competitor_A,8,39
H424,2025-10,Competitor_B,8,35
H425,2025-10,Apexacare,14,52
H425,2025-10,Competitor_A,13,50
H425,2025-10,Competitor_B,11,38
H426,2025-10,Apexacare,12,45
H426,2025-10,Competitor_A,10,40
H426,2025-10,Competitor_B,8,27
H427,2025-10,Apexacare,11,39
H427,2025-10,Competitor_A,9,32
H427,2025-10,Competitor_B,7,25
H428,2025-10,Apexacare,20,71
H428,2025-10,Competitor_A,15,54
H428,2025-10,Competitor_B,15,51
H429,2025-10,Apexacare,16,71
H429,2025-10,Competitor_A,9,41
H429,2025-10,Competitor_B,8,35
H430,2025-10,Apexacare,7,30
H430,2025-10,Competitor_A,9,40
H430,2025-10,Competitor_B,9,32
H431,2025-10,Apexacare,12,45
H431,2025-10,Competitor_A,11,43
H431,2025-10,Competitor_B,10,32
H432,2025-10,Apexacare,9,35
H432,2025-10,Competitor_A,7,28
H432,2025-10,Competitor_B,9,27
H433,2025-10,Apexacare,7,37
H433,2025-10,Competitor_A,6,31
H433,2025-10,Competitor_B,6,27
H434,2025-10,Apexacare,10,35
H434,2025-10,Competitor_A,8,28
H434,2025-10,Competitor_B,8,27
H435,2025-10,Apexacare,7,27
H435,2025-10,Competitor_A,6,23
H435,2025-10,Competitor_B,6,18
H436,2025-10,Apexacare,15,58
H436,2025-10,Competitor_A,13,49
H436,2025-10,Competitor_B,11,40
H437,2025-10,Apexacare,13,46
H437,2025-10,Competitor_A,11,39
H437,2025-10,Competitor_B,10,35
H438,2025-10,Apexacare,2,9
H438,2025-10,Competitor_A,2,12
H438,2025-10,Competitor_B,3,9
H439,2025-10,Apexacare,16,56
H439,2025-10,Competitor_A,17,59
H439,2025-10,Competitor_B,13,45
H440,2025-10,Apexacare,10,37
H440,2025-10,Competitor_A,17,65
H440,2025-10,Competitor_B,14,52
H441,2025-10,Apexacare,6,27
H441,2025-10,Competitor_A,7,31
H441,2025-10,Competitor_B,6,27
H442,2025-10,Apexacare,15,53
H442,2025-10,Competitor_A,6,24
H442,2025-10,Competitor_B,6,18
H443,2025-10,Apexacare,8,38
H443,2025-10,Competitor_A,11,52
H443,2025-10,Competitor_B,12,46
H444,2025-10,Apexacare,13,58
H444,2025-10,Competitor_A,12,52
H444,2025-10,Competitor_B,12,50
H445,2025-10,Apexacare,8,30
H445,2025-10,Competitor_A,14,56
H445,2025-10,Competitor_B,11,40
H446,2025-10,Apexacare,12,46
H446,2025-10,Competitor_A,11,43
H446,2025-10,Competitor_B,11,37
H447,2025-10,Apexacare,18,78
H447,2025-10,Competitor_A,10,42
H447,2025-10,Competitor_B,9,34
H448,2025-10,Apexacare,3,15
H448,2025-10,Competitor_A,3,12
H448,2025-10,Competitor_B,4,13
H449,2025-10,Apexacare,6,32
H449,2025-10,Competitor_A,7,34
H449,2025-10,Competitor_B,8,34
H450,2025-10,Apexacare,12,54
H450,2025-10,Competitor_A,11,49
H450,2025-10,Competitor_B,9,37
H451,2025-10,Apexacare,12,42
H451,2025-10,Competitor_A,18,65
H451,2025-10,Competitor_B,18,61
H452,2025-10,Apexacare,17,60
H452,2025-10,Competitor_A,14,51
H452,2025-10,Competitor_B,13,41
H453,2025-10,Apexacare,14,48
H453,2025-10,Competitor_A,13,46
H453,2025-10,Competitor_B,12,38
H454,2025-10,Apexacare,13,48
H454,2025-10,Competitor_A,15,53
H454,2025-10,Competitor_B,11,39
H455,2025-10,Apexacare,0,4
H455,2025-10,Competitor_A,1,5
H455,2025-10,Competitor_B,2,6
H456,2025-10,Apexacare,15,64
H456,2025-10,Competitor_A,10,44
H456,2025-10,Competitor_B,11,44
H457,2025-10,Apexacare,8,34
H457,2025-10,Competitor_A,10,41
H457,2025-10,Competitor_B,10,35
H458,2025-10,Apexacare,5,22
H458,2025-10,Competitor_A,3,17
H458,2025-10,Competitor_B,4,15
H459,2025-10,Apexacare,2,9
H459,2025-10,Competitor_A,4,16
H459,2025-10,Competitor_B,5,17
H460,2025-10,Apexacare,15,79
H460,2025-10,Competitor_A,13,69
H460,2025-10,Competitor_B,12,52
H461,2025-10,Apexacare,15,59
H461,2025-10,Competitor_A,7,29
H461,2025-10,Competitor_B,7,26
H462,2025-10,Apexacare,7,38
H462,2025-10,Competitor_A,6,30
H462,2025-10,Competitor_B,5,22
H463,2025-10,Apexacare,13,56
H463,2025-10,Competitor_A,6,28
H463,2025-10,Competitor_B,7,26
H464,2025-10,Apexacare,12,53
H464,2025-10,Competitor_A,11,50
H464,2025-10,Competitor_B,13,50
H465,2025-10,Apexacare,15,54
H465,2025-10,Competitor_A,15,55
H465,2025-10,Competitor_B,14,44
H466,2025-10,Apexacare,16,57
H466,2025-10,Competitor_A,11,41
H466,2025-10,Competitor_B,11,38
H467,2025-10,Apexacare,5,22
H467,2025-10,Competitor_A,2,9
H467,2025-10,Competitor_B,2,9
H468,2025-10,Apexacare,9,49
H468,2025-10,Competitor_A,6,33
H468,2025-10,Competitor_B,8,32
H469,2025-10,Apexacare,10,36
H469,2025-10,Competitor_A,9,33
H469,2025-10,Competitor_B,10,31
H470,2025-10,Apexacare,2,8
H470,2025-10,Competitor_A,2,10
H470,2025-10,Competitor_B,3,12
H471,2025-10,Apexacare,6,24
H471,2025-10,Competitor_A,5,22
H471,2025-10,Competitor_B,5,18
H472,2025-10,Apexacare,9,41
H472,2025-10,Competitor_A,9,41
H472,2025-10,Competitor_B,8,32
H473,2025-10,Apexacare,0,3
H473,2025-10,Competitor_A,1,10
H473,2025-10,Competitor_B,3,9
H474,2025-10,Apexacare,11,53
H474,2025-10,Competitor_A,8,37
H474,2025-10,Competitor_B,8,36
H475,2025-10,Apexacare,10,42
H475,2025-10,Competitor_A,6,24
H475,2025-10,Competitor_B,5,19
H476,2025-10,Apexacare,6,29
H476,2025-10,Competitor_A,3,19
H476,2025-10,Competitor_B,4,15
H477,2025-10,Apexacare,6,31
H477,2025-10,Competitor_A,4,24
H477,2025-10,Competitor_B,5,20
H478,2025-10,Apexacare,15,58
H478,2025-10,Competitor_A,9,34
H478,2025-10,Competitor_B,8,28
H479,2025-10,Apexacare,12,52
H479,2025-10,Competitor_A,6,25
H479,2025-10,Competitor_B,6,23
H480,2025-10,Apexacare,12,45
H480,2025-10,Competitor_A,13,50
H480,2025-10,Competitor_B,10,37
H481,2025-10,Apexacare,13,53
H481,2025-10,Competitor_A,16,64
H481,2025-10,Competitor_B,13,51
H482,2025-10,Apexacare,21,101
H482,2025-10,Competitor_A,8,40
H482,2025-10,Competitor_B,9,39
H483,2025-10,Apexacare,1,8
H483,2025-10,Competitor_A,1,5
H483,2025-10,Competitor_B,2,6
H484,2025-10,Apexacare,4,18
H484,2025-10,Competitor_A,11,47
H484,2025-10,Competitor_B,10,40
H485,2025-10,Apexacare,3,17
H485,2025-10,Competitor_A,10,46
H485,2025-10,Competitor_B,11,42
H486,2025-10,Apexacare,3,17
H486,2025-10,Competitor_A,3,13
H486,2025-10,Competitor_B,4,14
H487,2025-10,Apexacare,7,28
H487,2025-10,Competitor_A,7,29
H487,2025-10,Competitor_B,6,23
H488,2025-10,Apexacare,8,39
H488,2025-10,Competitor_A,12,56
H488,2025-10,Competitor_B,13,52
H489,2025-10,Apexacare,8,33
H489,2025-10,Competitor_A,15,56
H489,2025-10,Competitor_B,13,46
H490,2025-10,Apexacare,23,83
H490,2025-10,Competitor_A,14,52
H490,2025-10,Competitor_B,12,41
H491,2025-10,Apexacare,11,50
H491,2025-10,Competitor_A,7,32
H491,2025-10,Competitor_B,8,30
H492,2025-10,Apexacare,4,20
H492,2025-10,Competitor_A,6,30
H492,2025-10,Competitor_B,7,30
H493,2025-10,Apexacare,4,16
H493,2025-10,Competitor_A,11,39
H493,2025-10,Competitor_B,9,30
H494,2025-10,Apexacare,2,12
H494,2025-10,Competitor_A,3,18
H494,2025-10,Competitor_B,4,15
H495,2025-10,Apexacare,2,9
H495,2025-10,Competitor_A,3,13
H495,2025-10,Competitor_B,3,12
H496,2025-10,Apexacare,10,44
H496,2025-10,Competitor_A,16,66
H496,2025-10,Competitor_B,13,52
H497,2025-10,Apexacare,15,72
H497,2025-10,Competitor_A,14,70
H497,2025-10,Competitor_B,13,58
H498,2025-10,Apexacare,3,11
H498,2025-10,Competitor_A,5,19
H498,2025-10,Competitor_B,6,21
H499,2025-10,Apexacare,6,29
H499,2025-10,Competitor_A,5,23
H499,2025-10,Competitor_B,5,20
H500,2025-10,Apexacare,3,15
H500,2025-10,Competitor_A,4,18
H500,2025-10,Competitor_B,5,15
H501,2025-10,Apexacare,1,5
H501,2025-10,Competitor_A,4,19
H501,2025-10,Competitor_B,5,18
H502,2025-10,Apexacare,4,20
H502,2025-10,Competitor_A,12,59
H502,2025-10,Competitor_B,11,54
H503,2025-10,Apexacare,8,33
H503,2025-10,Competitor_A,7,30
H503,2025-10,Competitor_B,7,27
H504,2025-10,Apexacare,7,27
H504,2025-10,Competitor_A,13,52
H504,2025-10,Competitor_B,11,40
H505,2025-10,Apexacare,4,22
H505,2025-10,Competitor_A,12,55
H505,2025-10,Competitor_B,10,42
H506,2025-10,Apexacare,5,17
H506,2025-10,Competitor_A,9,31
H506,2025-10,Competitor_B,9,32
H507,2025-10,Apexacare,8,28
H507,2025-10,Competitor_A,9,32
H507,2025-10,Competitor_B,9,30
H508,2025-10,Apexacare,9,45
H508,2025-10,Competitor_A,10,50
H508,2025-10,Competitor_B,8,37
H509,2025-10,Apexacare,5,25
H509,2025-10,Competitor_A,14,66
H509,2025-10,Competitor_B,12,53
H510,2025-10,Apexacare,4,16
H510,2025-10,Competitor_A,9,35
H510,2025-10,Competitor_B,10,34
H511,2025-10,Apexacare,10,34
H511,2025-10,Competitor_A,12,42
H511,2025-10,Competitor_B,13,44
H512,2025-10,Apexacare,11,55
H512,2025-10,Competitor_A,7,37
H512,2025-10,Competitor_B,6,28
H513,2025-10,Apexacare,19,79
H513,2025-10,Competitor_A,13,54
H513,2025-10,Competitor_B,10,38
H514,2025-10,Apexacare,4,20
H514,2025-10,Competitor_A,10,49
H514,2025-10,Competitor_B,12,50
H515,2025-10,Apexacare,5,24
H515,2025-10,Competitor_A,8,36
H515,2025-10,Competitor_B,9,30
H516,2025-10,Apexacare,4,19
H516,2025-10,Competitor_A,19,77
H516,2025-10,Competitor_B,17,64
H517,2025-10,Apexacare,4,16
H517,2025-10,Competitor_A,12,48
H517,2025-10,Competitor_B,10,38
H518,2025-10,Apexacare,3,15
H518,2025-10,Competitor_A,11,51
H518,2025-10,Competitor_B,11,46
H519,2025-10,Apexacare,4,22
H519,2025-10,Competitor_A,10,47
H519,2025-10,Competitor_B,9,39
H520,2025-10,Apexacare,3,19
H520,2025-10,Competitor_A,2,10
H520,2025-10,Competitor_B,3,11
H521,2025-10,Apexacare,18,76
H521,2025-10,Competitor_A,11,47
H521,2025-10,Competitor_B,13,48
H522,2025-10,Apexacare,15,58
H522,2025-10,Competitor_A,13,49
H522,2025-10,Competitor_B,12,40
H523,2025-10,Apexacare,5,17
H523,2025-10,Competitor_A,6,21
H523,2025-10,Competitor_B,5,19
H524,2025-10,Apexacare,10,42
H524,2025-10,Competitor_A,6,28
H524,2025-10,Competitor_B,7,26
H525,2025-10,Apexacare,6,30
H525,2025-10,Competitor_A,9,43
H525,2025-10,Competitor_B,7,32
H526,2025-10,Apexacare,15,55
H526,2025-10,Competitor_A,16,57
H526,2025-10,Competitor_B,15,50
H527,2025-10,Apexacare,9,40
H527,2025-10,Competitor_A,13,53
H527,2025-10,Competitor_B,11,43
H528,2025-10,Apexacare,2,13
H528,2025-10,Competitor_A,3,16
H528,2025-10,Competitor_B,4,15
H529,2025-10,Apexacare,3,14
H529,2025-10,Competitor_A,9,35
H529,2025-10,Competitor_B,10,31
H530,2025-10,Apexacare,9,34
H530,2025-10,Competitor_A,15,58
H530,2025-10,Competitor_B,11,40
H531,2025-10,Apexacare,3,15
H531,2025-10,Competitor_A,6,29
H531,2025-10,Competitor_B,6,24
H532,2025-10,Apexacare,11,41
H532,2025-10,Competitor_A,30,106
H532,2025-10,Competitor_B,22,73
H533,2025-10,Apexacare,2,12
H533,2025-10,Competitor_A,6,30
H533,2025-10,Competitor_B,5,21
H534,2025-10,Apexacare,10,47
H534,2025-10,Competitor_A,13,59
H534,2025-10,Competitor_B,12,48
H535,2025-10,Apexacare,5,18
H535,2025-10,Competitor_A,13,49
H535,2025-10,Competitor_B,12,43
H536,2025-10,Apexacare,4,16
H536,2025-10,Competitor_A,16,60
H536,2025-10,Competitor_B,15,50
H537,2025-10,Apexacare,12,53
H537,2025-10,Competitor_A,9,41
H537,2025-10,Competitor_B,9,39
H538,2025-10,Apexacare,12,52
H538,2025-10,Competitor_A,7,31
H538,2025-10,Competitor_B,6,25
H539,2025-10,Apexacare,4,21
H539,2025-10,Competitor_A,8,40
H539,2025-10,Competitor_B,7,29
H540,2025-10,Apexacare,10,44
H540,2025-10,Competitor_A,8,37
H540,2025-10,Competitor_B,8,31
H541,2025-10,Apexacare,6,25
H541,2025-10,Competitor_A,10,41
H541,2025-10,Competitor_B,12,39
H542,2025-10,Apexacare,0,4
H542,2025-10,Competitor_A,1,7
H542,2025-10,Competitor_B,2,6
H543,2025-10,Apexacare,12,52
H543,2025-10,Competitor_A,22,99
H543,2025-10,Competitor_B,16,69
H544,2025-10,Apexacare,12,49
H544,2025-10,Competitor_A,14,59
H544,2025-10,Competitor_B,16,60
H545,2025-10,Apexacare,20,82
H545,2025-10,Competitor_A,15,62
H545,2025-10,Competitor_B,11,46
H546,2025-10,Apexacare,5,23
H546,2025-10,Competitor_A,4,18
H546,2025-10,Competitor_B,6,19
H547,2025-10,Apexacare,7,27
H547,2025-10,Competitor_A,16,58
H547,2025-10,Competitor_B,13,41
H548,2025-10,Apexacare,8,28
H548,2025-10,Competitor_A,23,82
H548,2025-10,Competitor_B,16,58
H549,2025-10,Apexacare,4,22
H549,2025-10,Competitor_A,14,67
H549,2025-10,Competitor_B,12,51
H550,2025-10,Apexacare,4,21
H550,2025-10,Competitor_A,15,70
H550,2025-10,Competitor_B,14,63
H551,2025-10,Apexacare,1,8
H551,2025-10,Competitor_A,5,27
H551,2025-10,Competitor_B,6,22
H552,2025-10,Apexacare,18,68
H552,2025-10,Competitor_A,13,49
H552,2025-10,Competitor_B,10,37
H553,2025-10,Apexacare,11,54
H553,2025-10,Competitor_A,18,85
H553,2025-10,Competitor_B,13,59
H554,2025-10,Apexacare,1,4
H554,2025-10,Competitor_A,1,7
H554,2025-10,Competitor_B,2,8
H555,2025-10,Apexacare,9,41
H555,2025-10,Competitor_A,7,31
H555,2025-10,Competitor_B,8,33
H556,2025-10,Apexacare,6,30
H556,2025-10,Competitor_A,12,60
H556,2025-10,Competitor_B,9,43
H557,2025-10,Apexacare,11,42
H557,2025-10,Competitor_A,13,48
H557,2025-10,Competitor_B,14,46
H558,2025-10,Apexacare,4,15
H558,2025-10,Competitor_A,14,51
H558,2025-10,Competitor_B,11,39
H559,2025-10,Apexacare,6,27
H559,2025-10,Competitor_A,13,54
H559,2025-10,Competitor_B,13,51
H560,2025-10,Apexacare,3,14
H560,2025-10,Competitor_A,9,40
H560,2025-10,Competitor_B,9,36
H561,2025-10,Apexacare,9,46
H561,2025-10,Competitor_A,15,75
H561,2025-10,Competitor_B,12,59
H562,2025-10,Apexacare,6,22
H562,2025-10,Competitor_A,7,28
H562,2025-10,Competitor_B,8,26
H563,2025-10,Apexacare,8,31
H563,2025-10,Competitor_A,9,35
H563,2025-10,Competitor_B,8,24
H564,2025-10,Apexacare,11,42
H564,2025-10,Competitor_A,12,43
H564,2025-10,Competitor_B,13,43
H565,2025-10,Apexacare,4,20
H565,2025-10,Competitor_A,5,22
H565,2025-10,Competitor_B,6,21
H566,2025-10,Apexacare,10,47
H566,2025-10,Competitor_A,11,50
H566,2025-10,Competitor_B,12,50
H567,2025-10,Apexacare,4,23
H567,2025-10,Competitor_A,11,54
H567,2025-10,Competitor_B,10,43
H568,2025-10,Apexacare,13,46
H568,2025-10,Competitor_A,11,42
H568,2025-10,Competitor_B,12,40
H569,2025-10,Apexacare,3,14
H569,2025-10,Competitor_A,5,27
H569,2025-10,Competitor_B,6,27
H570,2025-10,Apexacare,3,15
H570,2025-10,Competitor_A,8,39
H570,2025-10,Competitor_B,7,34
H571,2025-10,Apexacare,1,7
H571,2025-10,Competitor_A,6,28
H571,2025-10,Competitor_B,7,25
H572,2025-10,Apexacare,11,46
H572,2025-10,Competitor_A,10,46
H572,2025-10,Competitor_B,11,43
H573,2025-10,Apexacare,7,29
H573,2025-10,Competitor_A,23,91
H573,2025-10,Competitor_B,21,78
H574,2025-10,Apexacare,1,5
H574,2025-10,Competitor_A,8,44
H574,2025-10,Competitor_B,8,36
H575,2025-10,Apexacare,5,22
H575,2025-10,Competitor_A,7,27
H575,2025-10,Competitor_B,7,26
H576,2025-10,Apexacare,1,7
H576,2025-10,Competitor_A,3,15
H576,2025-10,Competitor_B,4,16
H577,2025-10,Apexacare,8,33
H577,2025-10,Competitor_A,5,21
H577,2025-10,Competitor_B,7,21
H578,2025-10,Apexacare,20,70
H578,2025-10,Competitor_A,12,43
H578,2025-10,Competitor_B,13,41
H579,2025-10,Apexacare,2,10
H579,2025-10,Competitor_A,4,18
H579,2025-10,Competitor_B,6,20
H580,2025-10,Apexacare,10,45
H580,2025-10,Competitor_A,18,78
H580,2025-10,Competitor_B,15,57
H581,2025-10,Apexacare,12,52
H581,2025-10,Competitor_A,11,48
H581,2025-10,Competitor_B,11,44
H582,2025-10,Apexacare,7,29
H582,2025-10,Competitor_A,9,40
H582,2025-10,Competitor_B,8,33
H583,2025-10,Apexacare,6,29
H583,2025-10,Competitor_A,20,87
H583,2025-10,Competitor_B,21,82
H584,2025-10,Apexacare,7,28
H584,2025-10,Competitor_A,6,27
H584,2025-10,Competitor_B,6,21
H585,2025-10,Apexacare,19,69
H585,2025-10,Competitor_A,11,39
H585,2025-10,Competitor_B,11,36
H586,2025-10,Apexacare,6,25
H586,2025-10,Competitor_A,12,47
H586,2025-10,Competitor_B,11,36
H587,2025-10,Apexacare,3,12
H587,2025-10,Competitor_A,11,43
H587,2025-10,Competitor_B,10,33
H588,2025-10,Apexacare,7,33
H588,2025-10,Competitor_A,8,37
H588,2025-10,Competitor_B,8,30
H589,2025-10,Apexacare,6,30
H589,2025-10,Competitor_A,7,34
H589,2025-10,Competitor_B,7,32
H590,2025-10,Apexacare,24,86
H590,2025-10,Competitor_A,15,55
H590,2025-10,Competitor_B,14,48
H591,2025-10,Apexacare,1,6
H591,2025-10,Competitor_A,1,7
H591,2025-10,Competitor_B,2,8
H592,2025-10,Apexacare,3,13
H592,2025-10,Competitor_A,10,43
H592,2025-10,Competitor_B,9,32
H593,2025-10,Apexacare,11,44
H593,2025-10,Competitor_A,6,25
H593,2025-10,Competitor_B,7,21
H594,2025-10,Apexacare,4,20
H594,2025-10,Competitor_A,7,30
H594,2025-10,Competitor_B,6,22
H595,2025-10,Apexacare,9,45
H595,2025-10,Competitor_A,11,54
H595,2025-10,Competitor_B,12,55
H596,2025-10,Apexacare,19,93
H596,2025-10,Competitor_A,14,69
H596,2025-10,Competitor_B,10,48
H597,2025-10,Apexacare,11,43
H597,2025-10,Competitor_A,11,44
H597,2025-10,Competitor_B,9,33
H598,2025-10,Apexacare,13,54
H598,2025-10,Competitor_A,16,68
H598,2025-10,Competitor_B,17,68
H599,2025-10,Apexacare,5,20
H599,2025-10,Competitor_A,9,37
H599,2025-10,Competitor_B,9,33
H600,2025-10,Apexacare,10,39
H600,2025-10,Competitor_A,15,58
H600,2025-10,Competitor_B,15,57
H601,2025-10,Apexacare,3,15
H601,2025-10,Competitor_A,4,17
H601,2025-10,Competitor_B,4,13
H602,2025-10,Apexacare,1,7
H602,2025-10,Competitor_A,1,5
H602,2025-10,Competitor_B,2,7
H603,2025-10,Apexacare,19,94
H603,2025-10,Competitor_A,9,43
H603,2025-10,Competitor_B,10,43
H604,2025-10,Apexacare,3,13
H604,2025-10,Competitor_A,2,10
H604,2025-10,Competitor_B,4,9
H605,2025-10,Apexacare,11,47
H605,2025-10,Competitor_A,11,50
H605,2025-10,Competitor_B,12,47
H001,2025-11,Apexacare,10,47
H001,2025-11,Competitor_A,16,73
H001,2025-11,Competitor_B,14,60
H002,2025-11,Apexacare,22,87
H002,2025-11,Competitor_A,9,37
H002,2025-11,Competitor_B,8,30
H003,2025-11,Apexacare,1,6
H003,2025-11,Competitor_A,1,5
H003,2025-11,Competitor_B,2,6
H004,2025-11,Apexacare,11,52
H004,2025-11,Competitor_A,8,38
H004,2025-11,Competitor_B,8,30
H005,2025-11,Apexacare,8,37
H005,2025-11,Competitor_A,5,25
H005,2025-11,Competitor_B,4,18
H006,2025-11,Apexacare,13,60
H006,2025-11,Competitor_A,9,41
H006,2025-11,Competitor_B,11,43
H007,2025-11,Apexacare,3,14
H007,2025-11,Competitor_A,5,23
H007,2025-11,Competitor_B,6,20
H008,2025-11,Apexacare,9,41
H008,2025-11,Competitor_A,5,22
H008,2025-11,Competitor_B,6,22
H009,2025-11,Apexacare,14,55
H009,2025-11,Competitor_A,14,53
H009,2025-11,Competitor_B,13,44
H010,2025-11,Apexacare,12,58
H010,2025-11,Competitor_A,8,42
H010,2025-11,Competitor_B,9,40
H011,2025-11,Apexacare,8,41
H011,2025-11,Competitor_A,10,47
H011,2025-11,Competitor_B,11,48
H012,2025-11,Apexacare,9,45
H012,2025-11,Competitor_A,10,49
H012,2025-11,Competitor_B,9,38
H013,2025-11,Apexacare,11,44
H013,2025-11,Competitor_A,6,23
H013,2025-11,Competitor_B,5,17
H014,2025-11,Apexacare,18,66
H014,2025-11,Competitor_A,9,35
H014,2025-11,Competitor_B,8,27
H015,2025-11,Apexacare,8,40
H015,2025-11,Competitor_A,3,18
H015,2025-11,Competitor_B,5,17
H016,2025-11,Apexacare,11,45
H016,2025-11,Competitor_A,8,33
H016,2025-11,Competitor_B,6,24
H017,2025-11,Apexacare,24,86
H017,2025-11,Competitor_A,13,46
H017,2025-11,Competitor_B,11,38
H018,2025-11,Apexacare,6,22
H018,2025-11,Competitor_A,4,15
H018,2025-11,Competitor_B,4,14
H019,2025-11,Apexacare,8,43
H019,2025-11,Competitor_A,10,52
H019,2025-11,Competitor_B,8,38
H020,2025-11,Apexacare,3,18
H020,2025-11,Competitor_A,1,8
H020,2025-11,Competitor_B,3,8
H021,2025-11,Apexacare,7,28
H021,2025-11,Competitor_A,7,25
H021,2025-11,Competitor_B,8,27
H022,2025-11,Apexacare,8,29
H022,2025-11,Competitor_A,14,53
H022,2025-11,Competitor_B,12,44
H023,2025-11,Apexacare,6,32
H023,2025-11,Competitor_A,8,40
H023,2025-11,Competitor_B,7,33
H024,2025-11,Apexacare,11,48
H024,2025-11,Competitor_A,18,76
H024,2025-11,Competitor_B,19,74
H025,2025-11,Apexacare,16,63
H025,2025-11,Competitor_A,6,24
H025,2025-11,Competitor_B,8,25
H026,2025-11,Apexacare,9,42
H026,2025-11,Competitor_A,7,33
H026,2025-11,Competitor_B,7,30
H027,2025-11,Apexacare,4,18
H027,2025-11,Competitor_A,8,30
H027,2025-11,Competitor_B,7,24
H028,2025-11,Apexacare,18,75
H028,2025-11,Competitor_A,12,50
H028,2025-11,Competitor_B,10,35
H029,2025-11,Apexacare,15,60
H029,2025-11,Competitor_A,8,31
H029,2025-11,Competitor_B,7,23
H030,2025-11,Apexacare,21,89
H030,2025-11,Competitor_A,18,76
H030,2025-11,Competitor_B,13,55
H031,2025-11,Apexacare,6,30
H031,2025-11,Competitor_A,4,18
H031,2025-11,Competitor_B,4,16
H032,2025-11,Apexacare,10,43
H032,2025-11,Competitor_A,10,47
H032,2025-11,Competitor_B,11,45
H033,2025-11,Apexacare,9,48
H033,2025-11,Competitor_A,10,48
H033,2025-11,Competitor_B,9,39
H034,2025-11,Apexacare,13,50
H034,2025-11,Competitor_A,8,31
H034,2025-11,Competitor_B,7,27
H035,2025-11,Apexacare,4,24
H035,2025-11,Competitor_A,9,47
H035,2025-11,Competitor_B,9,39
H036,2025-11,Apexacare,12,48
H036,2025-11,Competitor_A,12,51
H036,2025-11,Competitor_B,10,37
H037,2025-11,Apexacare,5,28
H037,2025-11,Competitor_A,11,55
H037,2025-11,Competitor_B,13,57
H038,2025-11,Apexacare,13,56
H038,2025-11,Competitor_A,10,45
H038,2025-11,Competitor_B,12,43
H039,2025-11,Apexacare,21,89
H039,2025-11,Competitor_A,13,55
H039,2025-11,Competitor_B,14,54
H040,2025-11,Apexacare,16,63
H040,2025-11,Competitor_A,19,75
H040,2025-11,Competitor_B,16,60
H041,2025-11,Apexacare,2,11
H041,2025-11,Competitor_A,4,21
H041,2025-11,Competitor_B,5,16
H042,2025-11,Apexacare,5,22
H042,2025-11,Competitor_A,4,19
H042,2025-11,Competitor_B,5,19
H043,2025-11,Apexacare,10,37
H043,2025-11,Competitor_A,10,38
H043,2025-11,Competitor_B,8,30
H044,2025-11,Apexacare,10,37
H044,2025-11,Competitor_A,10,36
H044,2025-11,Competitor_B,10,29
H045,2025-11,Apexacare,17,63
H045,2025-11,Competitor_A,15,57
H045,2025-11,Competitor_B,15,51
H046,2025-11,Apexacare,21,73
H046,2025-11,Competitor_A,12,41
H046,2025-11,Competitor_B,12,40
H047,2025-11,Apexacare,1,5
H047,2025-11,Competitor_A,1,5
H047,2025-11,Competitor_B,2,6
H048,2025-11,Apexacare,3,15
H048,2025-11,Competitor_A,4,22
H048,2025-11,Competitor_B,5,17
H049,2025-11,Apexacare,15,58
H049,2025-11,Competitor_A,6,22
H049,2025-11,Competitor_B,6,22
H050,2025-11,Apexacare,11,45
H050,2025-11,Competitor_A,9,40
H050,2025-11,Competitor_B,8,29
H051,2025-11,Apexacare,22,82
H051,2025-11,Competitor_A,11,41
H051,2025-11,Competitor_B,8,30
H052,2025-11,Apexacare,3,15
H052,2025-11,Competitor_A,4,18
H052,2025-11,Competitor_B,5,15
H053,2025-11,Apexacare,7,33
H053,2025-11,Competitor_A,6,27
H053,2025-11,Competitor_B,5,20
H054,2025-11,Apexacare,13,47
H054,2025-11,Competitor_A,12,44
H054,2025-11,Competitor_B,10,35
H055,2025-11,Apexacare,13,49
H055,2025-11,Competitor_A,6,22
H055,2025-11,Competitor_B,6,19
H056,2025-11,Apexacare,17,68
H056,2025-11,Competitor_A,15,63
H056,2025-11,Competitor_B,13,49
H057,2025-11,Apexacare,11,41
H057,2025-11,Competitor_A,6,22
H057,2025-11,Competitor_B,5,17
H058,2025-11,Apexacare,4,21
H058,2025-11,Competitor_A,10,50
H058,2025-11,Competitor_B,11,48
H059,2025-11,Apexacare,6,31
H059,2025-11,Competitor_A,8,41
H059,2025-11,Competitor_B,8,36
H060,2025-11,Apexacare,8,40
H060,2025-11,Competitor_A,12,60
H060,2025-11,Competitor_B,12,60
H061,2025-11,Apexacare,16,67
H061,2025-11,Competitor_A,14,60
H061,2025-11,Competitor_B,15,62
H062,2025-11,Apexacare,8,35
H062,2025-11,Competitor_A,4,16
H062,2025-11,Competitor_B,4,15
H063,2025-11,Apexacare,6,26
H063,2025-11,Competitor_A,4,21
H063,2025-11,Competitor_B,5,19
H064,2025-11,Apexacare,17,77
H064,2025-11,Competitor_A,10,48
H064,2025-11,Competitor_B,8,35
H065,2025-11,Apexacare,13,57
H065,2025-11,Competitor_A,10,44
H065,2025-11,Competitor_B,8,34
H066,2025-11,Apexacare,9,32
H066,2025-11,Competitor_A,17,63
H066,2025-11,Competitor_B,14,49
H067,2025-11,Apexacare,5,24
H067,2025-11,Competitor_A,4,19
H067,2025-11,Competitor_B,6,21
H068,2025-11,Apexacare,2,12
H068,2025-11,Competitor_A,2,13
H068,2025-11,Competitor_B,3,13
H069,2025-11,Apexacare,10,52
H069,2025-11,Competitor_A,9,50
H069,2025-11,Competitor_B,9,42
H070,2025-11,Apexacare,18,76
H070,2025-11,Competitor_A,8,37
H070,2025-11,Competitor_B,10,39
H071,2025-11,Apexacare,6,28
H071,2025-11,Competitor_A,7,33
H071,2025-11,Competitor_B,8,29
H072,2025-11,Apexacare,7,25
H072,2025-11,Competitor_A,9,33
H072,2025-11,Competitor_B,9,30
H073,2025-11,Apexacare,6,25
H073,2025-11,Competitor_A,4,16
H073,2025-11,Competitor_B,4,13
H074,2025-11,Apexacare,15,53
H074,2025-11,Competitor_A,14,50
H074,2025-11,Competitor_B,14,50
H075,2025-11,Apexacare,7,26
H075,2025-11,Competitor_A,6,22
H075,2025-11,Competitor_B,6,20
H076,2025-11,Apexacare,4,19
H076,2025-11,Competitor_A,6,31
H076,2025-11,Competitor_B,6,25
H077,2025-11,Apexacare,7,33
H077,2025-11,Competitor_A,6,30
H077,2025-11,Competitor_B,6,27
H078,2025-11,Apexacare,3,15
H078,2025-11,Competitor_A,3,15
H078,2025-11,Competitor_B,4,14
H079,2025-11,Apexacare,5,21
H079,2025-11,Competitor_A,4,19
H079,2025-11,Competitor_B,6,20
H080,2025-11,Apexacare,12,56
H080,2025-11,Competitor_A,7,33
H080,2025-11,Competitor_B,5,23
H081,2025-11,Apexacare,12,47
H081,2025-11,Competitor_A,13,50
H081,2025-11,Competitor_B,13,47
H082,2025-11,Apexacare,12,58
H082,2025-11,Competitor_A,11,53
H082,2025-11,Competitor_B,12,49
H083,2025-11,Apexacare,26,95
H083,2025-11,Competitor_A,12,45
H083,2025-11,Competitor_B,12,40
H084,2025-11,Apexacare,1,8
H084,2025-11,Competitor_A,0,3
H084,2025-11,Competitor_B,2,4
H085,2025-11,Apexacare,14,52
H085,2025-11,Competitor_A,9,33
H085,2025-11,Competitor_B,9,29
H086,2025-11,Apexacare,8,40
H086,2025-11,Competitor_A,8,39
H086,2025-11,Competitor_B,8,33
H087,2025-11,Apexacare,10,48
H087,2025-11,Competitor_A,11,55
H087,2025-11,Competitor_B,12,57
H088,2025-11,Apexacare,17,65
H088,2025-11,Competitor_A,10,37
H088,2025-11,Competitor_B,9,30
H089,2025-11,Apexacare,19,71
H089,2025-11,Competitor_A,17,63
H089,2025-11,Competitor_B,15,55
H090,2025-11,Apexacare,13,50
H090,2025-11,Competitor_A,14,52
H090,2025-11,Competitor_B,12,38
H091,2025-11,Apexacare,17,85
H091,2025-11,Competitor_A,9,47
H091,2025-11,Competitor_B,10,48
H092,2025-11,Apexacare,8,38
H092,2025-11,Competitor_A,13,59
H092,2025-11,Competitor_B,13,57
H093,2025-11,Apexacare,12,45
H093,2025-11,Competitor_A,10,36
H093,2025-11,Competitor_B,10,31
H094,2025-11,Apexacare,4,18
H094,2025-11,Competitor_A,3,17
H094,2025-11,Competitor_B,4,16
H095,2025-11,Apexacare,13,52
H095,2025-11,Competitor_A,18,75
H095,2025-11,Competitor_B,14,53
H096,2025-11,Apexacare,9,38
H096,2025-11,Competitor_A,9,37
H096,2025-11,Competitor_B,9,35
H097,2025-11,Apexacare,0,4
H097,2025-11,Competitor_A,1,5
H097,2025-11,Competitor_B,2,7
H098,2025-11,Apexacare,12,41
H098,2025-11,Competitor_A,10,36
H098,2025-11,Competitor_B,11,37
H099,2025-11,Apexacare,8,28
H099,2025-11,Competitor_A,16,56
H099,2025-11,Competitor_B,12,42
H100,2025-11,Apexacare,11,49
H100,2025-11,Competitor_A,8,33
H100,2025-11,Competitor_B,7,26
H101,2025-11,Apexacare,13,54
H101,2025-11,Competitor_A,5,22
H101,2025-11,Competitor_B,5,20
H102,2025-11,Apexacare,14,50
H102,2025-11,Competitor_A,20,73
H102,2025-11,Competitor_B,15,53
H103,2025-11,Apexacare,4,16
H103,2025-11,Competitor_A,3,13
H103,2025-11,Competitor_B,4,11
H104,2025-11,Apexacare,12,44
H104,2025-11,Competitor_A,11,38
H104,2025-11,Competitor_B,9,30
H105,2025-11,Apexacare,12,54
H105,2025-11,Competitor_A,9,41
H105,2025-11,Competitor_B,9,33
H106,2025-11,Apexacare,12,43
H106,2025-11,Competitor_A,16,56
H106,2025-11,Competitor_B,14,48
H107,2025-11,Apexacare,6,29
H107,2025-11,Competitor_A,3,15
H107,2025-11,Competitor_B,3,13
H108,2025-11,Apexacare,6,27
H108,2025-11,Competitor_A,4,19
H108,2025-11,Competitor_B,5,18
H109,2025-11,Apexacare,12,61
H109,2025-11,Competitor_A,7,34
H109,2025-11,Competitor_B,8,33
H110,2025-11,Apexacare,14,57
H110,2025-11,Competitor_A,6,27
H110,2025-11,Competitor_B,7,26
H111,2025-11,Apexacare,15,61
H111,2025-11,Competitor_A,9,38
H111,2025-11,Competitor_B,7,27
H112,2025-11,Apexacare,6,23
H112,2025-11,Competitor_A,7,24
H112,2025-11,Competitor_B,8,25
H113,2025-11,Apexacare,1,4
H113,2025-11,Competitor_A,1,6
H113,2025-11,Competitor_B,2,5
H114,2025-11,Apexacare,7,34
H114,2025-11,Competitor_A,8,43
H114,2025-11,Competitor_B,10,43
H115,2025-11,Apexacare,12,56
H115,2025-11,Competitor_A,5,26
H115,2025-11,Competitor_B,5,20
H116,2025-11,Apexacare,15,70
H116,2025-11,Competitor_A,14,65
H116,2025-11,Competitor_B,10,45
H117,2025-11,Apexacare,2,9
H117,2025-11,Competitor_A,3,14
H117,2025-11,Competitor_B,5,15
H118,2025-11,Apexacare,20,92
H118,2025-11,Competitor_A,9,42
H118,2025-11,Competitor_B,8,34
H119,2025-11,Apexacare,19,74
H119,2025-11,Competitor_A,11,42
H119,2025-11,Competitor_B,12,44
H120,2025-11,Apexacare,10,52
H120,2025-11,Competitor_A,16,80
H120,2025-11,Competitor_B,15,68
H121,2025-11,Apexacare,9,37
H121,2025-11,Competitor_A,15,63
H121,2025-11,Competitor_B,12,50
H122,2025-11,Apexacare,10,53
H122,2025-11,Competitor_A,10,49
H122,2025-11,Competitor_B,9,38
H123,2025-11,Apexacare,13,47
H123,2025-11,Competitor_A,13,45
H123,2025-11,Competitor_B,10,34
H124,2025-11,Apexacare,7,31
H124,2025-11,Competitor_A,8,35
H124,2025-11,Competitor_B,10,36
H125,2025-11,Apexacare,12,51
H125,2025-11,Competitor_A,15,64
H125,2025-11,Competitor_B,13,53
H126,2025-11,Apexacare,7,25
H126,2025-11,Competitor_A,10,35
H126,2025-11,Competitor_B,9,28
H127,2025-11,Apexacare,21,73
H127,2025-11,Competitor_A,9,31
H127,2025-11,Competitor_B,9,29
H128,2025-11,Apexacare,6,32
H128,2025-11,Competitor_A,6,31
H128,2025-11,Competitor_B,7,25
H129,2025-11,Apexacare,10,50
H129,2025-11,Competitor_A,12,61
H129,2025-11,Competitor_B,10,43
H130,2025-11,Apexacare,11,39
H130,2025-11,Competitor_A,5,20
H130,2025-11,Competitor_B,6,16
H131,2025-11,Apexacare,2,12
H131,2025-11,Competitor_A,3,15
H131,2025-11,Competitor_B,3,13
H132,2025-11,Apexacare,9,47
H132,2025-11,Competitor_A,4,20
H132,2025-11,Competitor_B,4,18
H133,2025-11,Apexacare,9,38
H133,2025-11,Competitor_A,5,21
H133,2025-11,Competitor_B,5,21
H134,2025-11,Apexacare,7,28
H134,2025-11,Competitor_A,7,27
H134,2025-11,Competitor_B,8,25
H135,2025-11,Apexacare,3,13
H135,2025-11,Competitor_A,3,13
H135,2025-11,Competitor_B,5,14
H136,2025-11,Apexacare,4,19
H136,2025-11,Competitor_A,8,40
H136,2025-11,Competitor_B,7,31
H137,2025-11,Apexacare,15,64
H137,2025-11,Competitor_A,15,61
H137,2025-11,Competitor_B,12,46
H138,2025-11,Apexacare,24,97
H138,2025-11,Competitor_A,9,40
H138,2025-11,Competitor_B,9,34
H139,2025-11,Apexacare,9,43
H139,2025-11,Competitor_A,10,48
H139,2025-11,Competitor_B,8,35
H140,2025-11,Apexacare,7,29
H140,2025-11,Competitor_A,7,29
H140,2025-11,Competitor_B,6,22
H141,2025-11,Apexacare,14,71
H141,2025-11,Competitor_A,11,57
H141,2025-11,Competitor_B,11,52
H142,2025-11,Apexacare,8,33
H142,2025-11,Competitor_A,8,32
H142,2025-11,Competitor_B,7,25
H143,2025-11,Apexacare,7,26
H143,2025-11,Competitor_A,15,56
H143,2025-11,Competitor_B,13,46
H144,2025-11,Apexacare,11,37
H144,2025-11,Competitor_A,16,55
H144,2025-11,Competitor_B,12,40
H145,2025-11,Apexacare,1,7
H145,2025-11,Competitor_A,1,6
H145,2025-11,Competitor_B,3,7
H146,2025-11,Apexacare,12,60
H146,2025-11,Competitor_A,8,40
H146,2025-11,Competitor_B,8,40
H147,2025-11,Apexacare,5,23
H147,2025-11,Competitor_A,4,19
H147,2025-11,Competitor_B,4,15
H148,2025-11,Apexacare,4,16
H148,2025-11,Competitor_A,4,16
H148,2025-11,Competitor_B,4,13
H149,2025-11,Apexacare,1,5
H149,2025-11,Competitor_A,1,6
H149,2025-11,Competitor_B,2,6
H150,2025-11,Apexacare,8,38
H150,2025-11,Competitor_A,6,30
H150,2025-11,Competitor_B,5,22
H151,2025-11,Apexacare,13,59
H151,2025-11,Competitor_A,8,38
H151,2025-11,Competitor_B,7,29
H152,2025-11,Apexacare,11,45
H152,2025-11,Competitor_A,6,25
H152,2025-11,Competitor_B,5,20
H153,2025-11,Apexacare,12,47
H153,2025-11,Competitor_A,5,20
H153,2025-11,Competitor_B,5,18
H154,2025-11,Apexacare,10,51
H154,2025-11,Competitor_A,5,27
H154,2025-11,Competitor_B,6,22
H155,2025-11,Apexacare,9,33
H155,2025-11,Competitor_A,8,30
H155,2025-11,Competitor_B,8,27
H156,2025-11,Apexacare,13,64
H156,2025-11,Competitor_A,11,56
H156,2025-11,Competitor_B,10,40
H157,2025-11,Apexacare,4,17
H157,2025-11,Competitor_A,2,10
H157,2025-11,Competitor_B,3,11
H158,2025-11,Apexacare,13,59
H158,2025-11,Competitor_A,6,27
H158,2025-11,Competitor_B,5,22
H159,2025-11,Apexacare,7,29
H159,2025-11,Competitor_A,6,24
H159,2025-11,Competitor_B,6,22
H160,2025-11,Apexacare,11,38
H160,2025-11,Competitor_A,11,40
H160,2025-11,Competitor_B,12,41
H161,2025-11,Apexacare,11,40
H161,2025-11,Competitor_A,14,49
H161,2025-11,Competitor_B,14,46
H162,2025-11,Apexacare,2,10
H162,2025-11,Competitor_A,1,6
H162,2025-11,Competitor_B,3,6
H163,2025-11,Apexacare,6,32
H163,2025-11,Competitor_A,2,14
H163,2025-11,Competitor_B,4,14
H164,2025-11,Apexacare,8,44
H164,2025-11,Competitor_A,8,41
H164,2025-11,Competitor_B,8,35
H165,2025-11,Apexacare,9,49
H165,2025-11,Competitor_A,5,29
H165,2025-11,Competitor_B,7,27
H166,2025-11,Apexacare,3,16
H166,2025-11,Competitor_A,3,14
H166,2025-11,Competitor_B,5,15
H167,2025-11,Apexacare,15,53
H167,2025-11,Competitor_A,15,51
H167,2025-11,Competitor_B,12,40
H168,2025-11,Apexacare,23,95
H168,2025-11,Competitor_A,10,41
H168,2025-11,Competitor_B,9,32
H169,2025-11,Apexacare,2,12
H169,2025-11,Competitor_A,2,14
H169,2025-11,Competitor_B,3,12
H170,2025-11,Apexacare,9,36
H170,2025-11,Competitor_A,5,20
H170,2025-11,Competitor_B,5,19
H171,2025-11,Apexacare,16,58
H171,2025-11,Competitor_A,17,59
H171,2025-11,Competitor_B,13,43
H172,2025-11,Apexacare,12,49
H172,2025-11,Competitor_A,13,52
H172,2025-11,Competitor_B,10,39
H173,2025-11,Apexacare,17,60
H173,2025-11,Competitor_A,13,47
H173,2025-11,Competitor_B,14,45
H174,2025-11,Apexacare,17,75
H174,2025-11,Competitor_A,8,37
H174,2025-11,Competitor_B,7,28
H175,2025-11,Apexacare,19,64
H175,2025-11,Competitor_A,13,44
H175,2025-11,Competitor_B,9,32
H176,2025-11,Apexacare,18,63
H176,2025-11,Competitor_A,19,65
H176,2025-11,Competitor_B,14,48
H177,2025-11,Apexacare,1,7
H177,2025-11,Competitor_A,1,7
H177,2025-11,Competitor_B,3,7
H178,2025-11,Apexacare,11,43
H178,2025-11,Competitor_A,13,52
H178,2025-11,Competitor_B,12,45
H179,2025-11,Apexacare,19,79
H179,2025-11,Competitor_A,9,38
H179,2025-11,Competitor_B,8,30
H180,2025-11,Apexacare,12,59
H180,2025-11,Competitor_A,6,30
H180,2025-11,Competitor_B,6,25
H181,2025-11,Apexacare,6,24
H181,2025-11,Competitor_A,13,49
H181,2025-11,Competitor_B,10,35
H182,2025-11,Apexacare,15,57
H182,2025-11,Competitor_A,12,46
H182,2025-11,Competitor_B,9,32
H183,2025-11,Apexacare,5,26
H183,2025-11,Competitor_A,3,15
H183,2025-11,Competitor_B,4,16
H184,2025-11,Apexacare,8,31
H184,2025-11,Competitor_A,10,38
H184,2025-11,Competitor_B,8,27
H185,2025-11,Apexacare,14,55
H185,2025-11,Competitor_A,14,53
H185,2025-11,Competitor_B,13,46
H186,2025-11,Apexacare,9,39
H186,2025-11,Competitor_A,11,48
H186,2025-11,Competitor_B,10,39
H187,2025-11,Apexacare,11,50
H187,2025-11,Competitor_A,9,42
H187,2025-11,Competitor_B,9,41
H188,2025-11,Apexacare,7,30
H188,2025-11,Competitor_A,5,24
H188,2025-11,Competitor_B,5,18
H189,2025-11,Apexacare,6,27
H189,2025-11,Competitor_A,6,28
H189,2025-11,Competitor_B,6,21
H190,2025-11,Apexacare,16,69
H190,2025-11,Competitor_A,11,46
H190,2025-11,Competitor_B,12,45
H191,2025-11,Apexacare,15,55
H191,2025-11,Competitor_A,16,58
H191,2025-11,Competitor_B,13,41
H192,2025-11,Apexacare,8,31
H192,2025-11,Competitor_A,10,38
H192,2025-11,Competitor_B,12,39
H193,2025-11,Apexacare,9,43
H193,2025-11,Competitor_A,11,52
H193,2025-11,Competitor_B,8,37
H194,2025-11,Apexacare,8,29
H194,2025-11,Competitor_A,8,29
H194,2025-11,Competitor_B,9,30
H195,2025-11,Apexacare,15,61
H195,2025-11,Competitor_A,13,53
H195,2025-11,Competitor_B,10,40
H196,2025-11,Apexacare,8,35
H196,2025-11,Competitor_A,7,31
H196,2025-11,Competitor_B,7,30
H197,2025-11,Apexacare,2,12
H197,2025-11,Competitor_A,4,18
H197,2025-11,Competitor_B,5,18
H198,2025-11,Apexacare,9,38
H198,2025-11,Competitor_A,6,28
H198,2025-11,Competitor_B,7,24
H199,2025-11,Apexacare,4,19
H199,2025-11,Competitor_A,5,22
H199,2025-11,Competitor_B,6,19
H200,2025-11,Apexacare,8,39
H200,2025-11,Competitor_A,13,64
H200,2025-11,Competitor_B,9,44
H201,2025-11,Apexacare,1,5
H201,2025-11,Competitor_A,1,6
H201,2025-11,Competitor_B,3,8
H202,2025-11,Apexacare,8,35
H202,2025-11,Competitor_A,7,31
H202,2025-11,Competitor_B,9,29
H203,2025-11,Apexacare,11,55
H203,2025-11,Competitor_A,8,41
H203,2025-11,Competitor_B,7,30
H204,2025-11,Apexacare,14,51
H204,2025-11,Competitor_A,10,37
H204,2025-11,Competitor_B,9,32
H205,2025-11,Apexacare,12,62
H205,2025-11,Competitor_A,12,63
H205,2025-11,Competitor_B,10,43
H206,2025-11,Apexacare,17,63
H206,2025-11,Competitor_A,10,37
H206,2025-11,Competitor_B,10,33
H207,2025-11,Apexacare,6,26
H207,2025-11,Competitor_A,5,23
H207,2025-11,Competitor_B,6,19
H208,2025-11,Apexacare,6,32
H208,2025-11,Competitor_A,2,12
H208,2025-11,Competitor_B,3,13
H209,2025-11,Apexacare,12,56
H209,2025-11,Competitor_A,5,24
H209,2025-11,Competitor_B,5,22
H210,2025-11,Apexacare,6,20
H210,2025-11,Competitor_A,6,23
H210,2025-11,Competitor_B,7,23
H211,2025-11,Apexacare,10,43
H211,2025-11,Competitor_A,8,35
H211,2025-11,Competitor_B,9,30
H212,2025-11,Apexacare,17,60
H212,2025-11,Competitor_A,25,86
H212,2025-11,Competitor_B,23,74
H213,2025-11,Apexacare,9,35
H213,2025-11,Competitor_A,7,28
H213,2025-11,Competitor_B,8,25
H214,2025-11,Apexacare,9,35
H214,2025-11,Competitor_A,4,15
H214,2025-11,Competitor_B,4,16
H215,2025-11,Apexacare,10,35
H215,2025-11,Competitor_A,4,14
H215,2025-11,Competitor_B,4,14
H216,2025-11,Apexacare,16,61
H216,2025-11,Competitor_A,6,26
H216,2025-11,Competitor_B,6,21
H217,2025-11,Apexacare,3,14
H217,2025-11,Competitor_A,2,10
H217,2025-11,Competitor_B,3,10
H218,2025-11,Apexacare,16,57
H218,2025-11,Competitor_A,10,39
H218,2025-11,Competitor_B,12,39
H219,2025-11,Apexacare,11,45
H219,2025-11,Competitor_A,12,49
H219,2025-11,Competitor_B,14,50
H220,2025-11,Apexacare,2,10
H220,2025-11,Competitor_A,1,5
H220,2025-11,Competitor_B,1,5
H221,2025-11,Apexacare,8,41
H221,2025-11,Competitor_A,7,36
H221,2025-11,Competitor_B,7,31
H222,2025-11,Apexacare,16,73
H222,2025-11,Competitor_A,15,67
H222,2025-11,Competitor_B,12,50
H223,2025-11,Apexacare,19,89
H223,2025-11,Competitor_A,12,55
H223,2025-11,Competitor_B,12,54
H224,2025-11,Apexacare,2,11
H224,2025-11,Competitor_A,3,13
H224,2025-11,Competitor_B,4,10
H225,2025-11,Apexacare,19,66
H225,2025-11,Competitor_A,13,44
H225,2025-11,Competitor_B,11,37
H226,2025-11,Apexacare,3,16
H226,2025-11,Competitor_A,3,15
H226,2025-11,Competitor_B,4,14
H227,2025-11,Apexacare,10,41
H227,2025-11,Competitor_A,16,61
H227,2025-11,Competitor_B,17,60
H228,2025-11,Apexacare,8,34
H228,2025-11,Competitor_A,6,24
H228,2025-11,Competitor_B,6,22
H229,2025-11,Apexacare,10,34
H229,2025-11,Competitor_A,8,28
H229,2025-11,Competitor_B,8,28
H230,2025-11,Apexacare,9,35
H230,2025-11,Competitor_A,11,44
H230,2025-11,Competitor_B,10,33
H231,2025-11,Apexacare,8,28
H231,2025-11,Competitor_A,7,27
H231,2025-11,Competitor_B,7,20
H232,2025-11,Apexacare,20,71
H232,2025-11,Competitor_A,14,49
H232,2025-11,Competitor_B,11,34
H233,2025-11,Apexacare,10,35
H233,2025-11,Competitor_A,13,48
H233,2025-11,Competitor_B,13,43
H234,2025-11,Apexacare,25,86
H234,2025-11,Competitor_A,15,52
H234,2025-11,Competitor_B,16,52
H235,2025-11,Apexacare,13,54
H235,2025-11,Competitor_A,9,40
H235,2025-11,Competitor_B,9,34
H236,2025-11,Apexacare,3,13
H236,2025-11,Competitor_A,7,31
H236,2025-11,Competitor_B,7,24
H237,2025-11,Apexacare,9,47
H237,2025-11,Competitor_A,4,22
H237,2025-11,Competitor_B,5,19
H238,2025-11,Apexacare,6,22
H238,2025-11,Competitor_A,6,23
H238,2025-11,Competitor_B,6,21
H239,2025-11,Apexacare,12,51
H239,2025-11,Competitor_A,8,34
H239,2025-11,Competitor_B,8,34
H240,2025-11,Apexacare,1,7
H240,2025-11,Competitor_A,1,7
H240,2025-11,Competitor_B,3,7
H241,2025-11,Apexacare,11,39
H241,2025-11,Competitor_A,7,24
H241,2025-11,Competitor_B,6,21
H242,2025-11,Apexacare,3,14
H242,2025-11,Competitor_A,3,12
H242,2025-11,Competitor_B,4,10
H243,2025-11,Apexacare,7,31
H243,2025-11,Competitor_A,5,21
H243,2025-11,Competitor_B,6,20
H244,2025-11,Apexacare,11,40
H244,2025-11,Competitor_A,11,40
H244,2025-11,Competitor_B,9,32
H245,2025-11,Apexacare,4,20
H245,2025-11,Competitor_A,4,18
H245,2025-11,Competitor_B,6,19
H246,2025-11,Apexacare,6,22
H246,2025-11,Competitor_A,5,20
H246,2025-11,Competitor_B,6,18
H247,2025-11,Apexacare,12,43
H247,2025-11,Competitor_A,6,22
H247,2025-11,Competitor_B,6,19
H248,2025-11,Apexacare,6,24
H248,2025-11,Competitor_A,4,15
H248,2025-11,Competitor_B,4,12
H249,2025-11,Apexacare,16,59
H249,2025-11,Competitor_A,13,48
H249,2025-11,Competitor_B,10,37
H250,2025-11,Apexacare,4,19
H250,2025-11,Competitor_A,5,25
H250,2025-11,Competitor_B,5,20
H251,2025-11,Apexacare,18,65
H251,2025-11,Competitor_A,11,40
H251,2025-11,Competitor_B,9,28
H252,2025-11,Apexacare,11,48
H252,2025-11,Competitor_A,15,68
H252,2025-11,Competitor_B,13,55
H253,2025-11,Apexacare,9,35
H253,2025-11,Competitor_A,7,28
H253,2025-11,Competitor_B,9,27
H254,2025-11,Apexacare,1,9
H254,2025-11,Competitor_A,1,5
H254,2025-11,Competitor_B,2,6
H255,2025-11,Apexacare,8,30
H255,2025-11,Competitor_A,7,26
H255,2025-11,Competitor_B,7,24
H256,2025-11,Apexacare,4,17
H256,2025-11,Competitor_A,3,14
H256,2025-11,Competitor_B,4,11
H257,2025-11,Apexacare,12,45
H257,2025-11,Competitor_A,10,41
H257,2025-11,Competitor_B,10,34
H258,2025-11,Apexacare,12,61
H258,2025-11,Competitor_A,10,54
H258,2025-11,Competitor_B,10,45
H259,2025-11,Apexacare,9,35
H259,2025-11,Competitor_A,14,55
H259,2025-11,Competitor_B,14,50
H260,2025-11,Apexacare,0,4
H260,2025-11,Competitor_A,1,7
H260,2025-11,Competitor_B,2,6
H261,2025-11,Apexacare,9,37
H261,2025-11,Competitor_A,10,39
H261,2025-11,Competitor_B,10,38
H262,2025-11,Apexacare,6,26
H262,2025-11,Competitor_A,6,23
H262,2025-11,Competitor_B,5,17
H263,2025-11,Apexacare,14,50
H263,2025-11,Competitor_A,11,40
H263,2025-11,Competitor_B,11,36
H264,2025-11,Apexacare,3,13
H264,2025-11,Competitor_A,3,13
H264,2025-11,Competitor_B,4,12
H265,2025-11,Apexacare,7,33
H265,2025-11,Competitor_A,5,24
H265,2025-11,Competitor_B,6,23
H266,2025-11,Apexacare,15,64
H266,2025-11,Competitor_A,16,69
H266,2025-11,Competitor_B,12,47
H267,2025-11,Apexacare,15,62
H267,2025-11,Competitor_A,9,38
H267,2025-11,Competitor_B,10,40
H268,2025-11,Apexacare,12,61
H268,2025-11,Competitor_A,10,53
H268,2025-11,Competitor_B,9,39
H269,2025-11,Apexacare,9,37
H269,2025-11,Competitor_A,9,40
H269,2025-11,Competitor_B,8,31
H270,2025-11,Apexacare,9,36
H270,2025-11,Competitor_A,7,26
H270,2025-11,Competitor_B,7,23
H271,2025-11,Apexacare,11,41
H271,2025-11,Competitor_A,19,71
H271,2025-11,Competitor_B,17,58
H272,2025-11,Apexacare,15,57
H272,2025-11,Competitor_A,11,41
H272,2025-11,Competitor_B,11,34
H273,2025-11,Apexacare,4,18
H273,2025-11,Competitor_A,11,51
H273,2025-11,Competitor_B,8,36
H274,2025-11,Apexacare,10,36
H274,2025-11,Competitor_A,12,42
H274,2025-11,Competitor_B,9,32
H275,2025-11,Apexacare,12,54
H275,2025-11,Competitor_A,6,29
H275,2025-11,Competitor_B,7,27
H276,2025-11,Apexacare,6,24
H276,2025-11,Competitor_A,13,49
H276,2025-11,Competitor_B,14,46
H277,2025-11,Apexacare,5,19
H277,2025-11,Competitor_A,6,24
H277,2025-11,Competitor_B,7,21
H278,2025-11,Apexacare,9,40
H278,2025-11,Competitor_A,4,20
H278,2025-11,Competitor_B,5,16
H279,2025-11,Apexacare,9,35
H279,2025-11,Competitor_A,9,35
H279,2025-11,Competitor_B,8,32
H280,2025-11,Apexacare,13,60
H280,2025-11,Competitor_A,7,34
H280,2025-11,Competitor_B,6,25
H281,2025-11,Apexacare,12,42
H281,2025-11,Competitor_A,11,41
H281,2025-11,Competitor_B,11,36
H282,2025-11,Apexacare,1,5
H282,2025-11,Competitor_A,1,5
H282,2025-11,Competitor_B,1,5
H283,2025-11,Apexacare,5,23
H283,2025-11,Competitor_A,8,37
H283,2025-11,Competitor_B,8,28
H284,2025-11,Apexacare,2,11
H284,2025-11,Competitor_A,2,10
H284,2025-11,Competitor_B,2,9
H285,2025-11,Apexacare,12,49
H285,2025-11,Competitor_A,11,47
H285,2025-11,Competitor_B,11,44
H286,2025-11,Apexacare,19,72
H286,2025-11,Competitor_A,14,54
H286,2025-11,Competitor_B,14,45
H287,2025-11,Apexacare,15,62
H287,2025-11,Competitor_A,12,49
H287,2025-11,Competitor_B,9,36
H288,2025-11,Apexacare,8,42
H288,2025-11,Competitor_A,6,31
H288,2025-11,Competitor_B,7,29
H289,2025-11,Apexacare,12,47
H289,2025-11,Competitor_A,10,40
H289,2025-11,Competitor_B,10,39
H290,2025-11,Apexacare,5,28
H290,2025-11,Competitor_A,3,15
H290,2025-11,Competitor_B,3,11
H291,2025-11,Apexacare,8,40
H291,2025-11,Competitor_A,8,40
H291,2025-11,Competitor_B,8,40
H292,2025-11,Apexacare,4,19
H292,2025-11,Competitor_A,3,12
H292,2025-11,Competitor_B,4,13
H293,2025-11,Apexacare,9,32
H293,2025-11,Competitor_A,21,76
H293,2025-11,Competitor_B,16,54
H294,2025-11,Apexacare,15,52
H294,2025-11,Competitor_A,19,66
H294,2025-11,Competitor_B,17,58
H295,2025-11,Apexacare,6,24
H295,2025-11,Competitor_A,5,21
H295,2025-11,Competitor_B,6,19
H296,2025-11,Apexacare,16,61
H296,2025-11,Competitor_A,11,42
H296,2025-11,Competitor_B,9,30
H297,2025-11,Apexacare,7,34
H297,2025-11,Competitor_A,11,53
H297,2025-11,Competitor_B,10,45
H298,2025-11,Apexacare,14,50
H298,2025-11,Competitor_A,7,26
H298,2025-11,Competitor_B,9,26
H299,2025-11,Apexacare,6,33
H299,2025-11,Competitor_A,6,34
H299,2025-11,Competitor_B,8,35
H300,2025-11,Apexacare,6,27
H300,2025-11,Competitor_A,13,53
H300,2025-11,Competitor_B,11,40
H301,2025-11,Apexacare,3,17
H301,2025-11,Competitor_A,4,19
H301,2025-11,Competitor_B,5,21
H302,2025-11,Apexacare,6,25
H302,2025-11,Competitor_A,11,44
H302,2025-11,Competitor_B,10,36
H303,2025-11,Apexacare,17,69
H303,2025-11,Competitor_A,7,30
H303,2025-11,Competitor_B,8,29
H304,2025-11,Apexacare,20,99
H304,2025-11,Competitor_A,8,39
H304,2025-11,Competitor_B,9,38
H305,2025-11,Apexacare,9,35
H305,2025-11,Competitor_A,18,68
H305,2025-11,Competitor_B,18,65
H306,2025-11,Apexacare,14,58
H306,2025-11,Competitor_A,9,38
H306,2025-11,Competitor_B,9,30
H307,2025-11,Apexacare,8,34
H307,2025-11,Competitor_A,19,79
H307,2025-11,Competitor_B,14,57
H308,2025-11,Apexacare,1,6
H308,2025-11,Competitor_A,0,4
H308,2025-11,Competitor_B,2,5
H309,2025-11,Apexacare,9,46
H309,2025-11,Competitor_A,8,41
H309,2025-11,Competitor_B,7,32
H310,2025-11,Apexacare,9,31
H310,2025-11,Competitor_A,11,41
H310,2025-11,Competitor_B,11,36
H311,2025-11,Apexacare,5,27
H311,2025-11,Competitor_A,9,42
H311,2025-11,Competitor_B,8,33
H312,2025-11,Apexacare,9,40
H312,2025-11,Competitor_A,7,34
H312,2025-11,Competitor_B,8,31
H313,2025-11,Apexacare,5,19
H313,2025-11,Competitor_A,7,25
H313,2025-11,Competitor_B,7,22
H314,2025-11,Apexacare,18,70
H314,2025-11,Competitor_A,13,53
H314,2025-11,Competitor_B,13,47
H315,2025-11,Apexacare,8,40
H315,2025-11,Competitor_A,7,35
H315,2025-11,Competitor_B,7,30
H316,2025-11,Apexacare,9,45
H316,2025-11,Competitor_A,11,52
H316,2025-11,Competitor_B,9,38
H317,2025-11,Apexacare,18,75
H317,2025-11,Competitor_A,15,65
H317,2025-11,Competitor_B,12,49
H318,2025-11,Apexacare,11,44
H318,2025-11,Competitor_A,9,36
H318,2025-11,Competitor_B,8,25
H319,2025-11,Apexacare,11,44
H319,2025-11,Competitor_A,12,46
H319,2025-11,Competitor_B,13,46
H320,2025-11,Apexacare,1,6
H320,2025-11,Competitor_A,1,6
H320,2025-11,Competitor_B,1,6
H321,2025-11,Apexacare,18,69
H321,2025-11,Competitor_A,10,40
H321,2025-11,Competitor_B,10,31
H322,2025-11,Apexacare,22,82
H322,2025-11,Competitor_A,19,71
H322,2025-11,Competitor_B,18,67
H323,2025-11,Apexacare,2,9
H323,2025-11,Competitor_A,3,13
H323,2025-11,Competitor_B,4,12
H324,2025-11,Apexacare,19,68
H324,2025-11,Competitor_A,17,60
H324,2025-11,Competitor_B,12,43
H325,2025-11,Apexacare,11,57
H325,2025-11,Competitor_A,8,40
H325,2025-11,Competitor_B,6,29
H326,2025-11,Apexacare,1,6
H326,2025-11,Competitor_A,1,6
H326,2025-11,Competitor_B,2,5
H327,2025-11,Apexacare,7,29
H327,2025-11,Competitor_A,6,24
H327,2025-11,Competitor_B,6,19
H328,2025-11,Apexacare,5,20
H328,2025-11,Competitor_A,5,20
H328,2025-11,Competitor_B,5,17
H329,2025-11,Apexacare,11,48
H329,2025-11,Competitor_A,11,48
H329,2025-11,Competitor_B,9,36
H330,2025-11,Apexacare,2,12
H330,2025-11,Competitor_A,4,18
H330,2025-11,Competitor_B,5,18
H331,2025-11,Apexacare,18,93
H331,2025-11,Competitor_A,7,38
H331,2025-11,Competitor_B,8,31
H332,2025-11,Apexacare,6,30
H332,2025-11,Competitor_A,4,24
H332,2025-11,Competitor_B,5,22
H333,2025-11,Apexacare,6,24
H333,2025-11,Competitor_A,6,22
H333,2025-11,Competitor_B,5,17
H334,2025-11,Apexacare,9,33
H334,2025-11,Competitor_A,5,19
H334,2025-11,Competitor_B,6,20
H335,2025-11,Apexacare,1,7
H335,2025-11,Competitor_A,1,7
H335,2025-11,Competitor_B,3,6
H336,2025-11,Apexacare,12,45
H336,2025-11,Competitor_A,14,55
H336,2025-11,Competitor_B,14,47
H337,2025-11,Apexacare,13,58
H337,2025-11,Competitor_A,5,24
H337,2025-11,Competitor_B,5,20
H338,2025-11,Apexacare,17,61
H338,2025-11,Competitor_A,11,41
H338,2025-11,Competitor_B,10,31
H339,2025-11,Apexacare,8,33
H339,2025-11,Competitor_A,8,34
H339,2025-11,Competitor_B,8,29
H340,2025-11,Apexacare,13,47
H340,2025-11,Competitor_A,14,50
H340,2025-11,Competitor_B,11,39
H341,2025-11,Apexacare,9,45
H341,2025-11,Competitor_A,6,30
H341,2025-11,Competitor_B,7,25
H342,2025-11,Apexacare,9,36
H342,2025-11,Competitor_A,5,23
H342,2025-11,Competitor_B,6,21
H343,2025-11,Apexacare,10,48
H343,2025-11,Competitor_A,9,41
H343,2025-11,Competitor_B,9,37
H344,2025-11,Apexacare,6,27
H344,2025-11,Competitor_A,5,25
H344,2025-11,Competitor_B,5,20
H345,2025-11,Apexacare,7,26
H345,2025-11,Competitor_A,11,40
H345,2025-11,Competitor_B,12,39
H346,2025-11,Apexacare,10,45
H346,2025-11,Competitor_A,7,32
H346,2025-11,Competitor_B,6,25
H347,2025-11,Apexacare,18,65
H347,2025-11,Competitor_A,14,52
H347,2025-11,Competitor_B,12,43
H348,2025-11,Apexacare,18,78
H348,2025-11,Competitor_A,8,34
H348,2025-11,Competitor_B,7,28
H349,2025-11,Apexacare,12,43
H349,2025-11,Competitor_A,15,52
H349,2025-11,Competitor_B,12,40
H350,2025-11,Apexacare,13,46
H350,2025-11,Competitor_A,15,53
H350,2025-11,Competitor_B,12,37
H351,2025-11,Apexacare,7,28
H351,2025-11,Competitor_A,6,25
H351,2025-11,Competitor_B,6,22
H352,2025-11,Apexacare,9,46
H352,2025-11,Competitor_A,10,47
H352,2025-11,Competitor_B,8,33
H353,2025-11,Apexacare,10,50
H353,2025-11,Competitor_A,10,49
H353,2025-11,Competitor_B,9,41
H354,2025-11,Apexacare,11,41
H354,2025-11,Competitor_A,12,44
H354,2025-11,Competitor_B,9,34
H355,2025-11,Apexacare,13,55
H355,2025-11,Competitor_A,11,49
H355,2025-11,Competitor_B,10,36
H356,2025-11,Apexacare,8,33
H356,2025-11,Competitor_A,13,54
H356,2025-11,Competitor_B,13,45
H357,2025-11,Apexacare,8,43
H357,2025-11,Competitor_A,14,72
H357,2025-11,Competitor_B,12,53
H358,2025-11,Apexacare,12,46
H358,2025-11,Competitor_A,5,21
H358,2025-11,Competitor_B,5,17
H359,2025-11,Apexacare,5,18
H359,2025-11,Competitor_A,5,18
H359,2025-11,Competitor_B,6,18
H360,2025-11,Apexacare,15,66
H360,2025-11,Competitor_A,7,31
H360,2025-11,Competitor_B,8,29
H361,2025-11,Apexacare,10,38
H361,2025-11,Competitor_A,10,39
H361,2025-11,Competitor_B,8,31
H362,2025-11,Apexacare,9,32
H362,2025-11,Competitor_A,14,51
H362,2025-11,Competitor_B,13,45
H363,2025-11,Apexacare,18,66
H363,2025-11,Competitor_A,13,47
H363,2025-11,Competitor_B,12,39
H364,2025-11,Apexacare,11,53
H364,2025-11,Competitor_A,11,53
H364,2025-11,Competitor_B,8,38
H365,2025-11,Apexacare,9,31
H365,2025-11,Competitor_A,7,24
H365,2025-11,Competitor_B,7,25
H366,2025-11,Apexacare,2,9
H366,2025-11,Competitor_A,2,10
H366,2025-11,Competitor_B,4,11
H367,2025-11,Apexacare,6,26
H367,2025-11,Competitor_A,4,21
H367,2025-11,Competitor_B,6,21
H368,2025-11,Apexacare,13,54
H368,2025-11,Competitor_A,12,49
H368,2025-11,Competitor_B,13,51
H369,2025-11,Apexacare,14,58
H369,2025-11,Competitor_A,9,39
H369,2025-11,Competitor_B,9,31
H370,2025-11,Apexacare,2,11
H370,2025-11,Competitor_A,2,13
H370,2025-11,Competitor_B,3,10
H371,2025-11,Apexacare,4,21
H371,2025-11,Competitor_A,4,20
H371,2025-11,Competitor_B,4,19
H372,2025-11,Apexacare,14,48
H372,2025-11,Competitor_A,7,24
H372,2025-11,Competitor_B,5,18
H373,2025-11,Apexacare,7,30
H373,2025-11,Competitor_A,5,23
H373,2025-11,Competitor_B,6,23
H374,2025-11,Apexacare,11,59
H374,2025-11,Competitor_A,9,47
H374,2025-11,Competitor_B,8,34
H375,2025-11,Apexacare,9,42
H375,2025-11,Competitor_A,8,38
H375,2025-11,Competitor_B,9,32
H376,2025-11,Apexacare,10,54
H376,2025-11,Competitor_A,7,35
H376,2025-11,Competitor_B,7,30
H377,2025-11,Apexacare,9,31
H377,2025-11,Competitor_A,10,36
H377,2025-11,Competitor_B,10,33
H378,2025-11,Apexacare,7,33
H378,2025-11,Competitor_A,9,44
H378,2025-11,Competitor_B,10,42
H379,2025-11,Apexacare,5,18
H379,2025-11,Competitor_A,9,34
H379,2025-11,Competitor_B,8,28
H380,2025-11,Apexacare,4,20
H380,2025-11,Competitor_A,4,22
H380,2025-11,Competitor_B,4,18
H381,2025-11,Apexacare,5,23
H381,2025-11,Competitor_A,8,34
H381,2025-11,Competitor_B,8,28
H382,2025-11,Apexacare,2,11
H382,2025-11,Competitor_A,2,13
H382,2025-11,Competitor_B,3,10
H383,2025-11,Apexacare,4,17
H383,2025-11,Competitor_A,4,16
H383,2025-11,Competitor_B,5,15
H384,2025-11,Apexacare,14,56
H384,2025-11,Competitor_A,10,42
H384,2025-11,Competitor_B,10,35
H385,2025-11,Apexacare,18,74
H385,2025-11,Competitor_A,14,58
H385,2025-11,Competitor_B,14,57
H386,2025-11,Apexacare,8,41
H386,2025-11,Competitor_A,10,50
H386,2025-11,Competitor_B,9,37
H387,2025-11,Apexacare,15,57
H387,2025-11,Competitor_A,6,25
H387,2025-11,Competitor_B,5,18
H388,2025-11,Apexacare,14,54
H388,2025-11,Competitor_A,8,29
H388,2025-11,Competitor_B,7,25
H389,2025-11,Apexacare,26,89
H389,2025-11,Competitor_A,19,65
H389,2025-11,Competitor_B,17,56
H390,2025-11,Apexacare,14,52
H390,2025-11,Competitor_A,6,25
H390,2025-11,Competitor_B,7,23
H391,2025-11,Apexacare,19,71
H391,2025-11,Competitor_A,13,49
H391,2025-11,Competitor_B,11,40
H392,2025-11,Apexacare,3,13
H392,2025-11,Competitor_A,4,15
H392,2025-11,Competitor_B,5,14
H393,2025-11,Apexacare,10,45
H393,2025-11,Competitor_A,9,40
H393,2025-11,Competitor_B,8,29
H394,2025-11,Apexacare,5,18
H394,2025-11,Competitor_A,11,39
H394,2025-11,Competitor_B,12,38
H395,2025-11,Apexacare,18,82
H395,2025-11,Competitor_A,11,53
H395,2025-11,Competitor_B,11,45
H396,2025-11,Apexacare,10,44
H396,2025-11,Competitor_A,14,61
H396,2025-11,Competitor_B,12,47
H397,2025-11,Apexacare,11,40
H397,2025-11,Competitor_A,4,16
H397,2025-11,Competitor_B,5,16
H398,2025-11,Apexacare,17,61
H398,2025-11,Competitor_A,17,61
H398,2025-11,Competitor_B,16,48
H399,2025-11,Apexacare,6,31
H399,2025-11,Competitor_A,5,25
H399,2025-11,Competitor_B,4,19
H400,2025-11,Apexacare,11,43
H400,2025-11,Competitor_A,17,65
H400,2025-11,Competitor_B,17,60
H401,2025-11,Apexacare,17,75
H401,2025-11,Competitor_A,12,53
H401,2025-11,Competitor_B,13,48
H402,2025-11,Apexacare,8,38
H402,2025-11,Competitor_A,10,46
H402,2025-11,Competitor_B,8,35
H403,2025-11,Apexacare,5,26
H403,2025-11,Competitor_A,4,21
H403,2025-11,Competitor_B,5,21
H404,2025-11,Apexacare,8,34
H404,2025-11,Competitor_A,11,48
H404,2025-11,Competitor_B,11,46
H405,2025-11,Apexacare,5,23
H405,2025-11,Competitor_A,5,22
H405,2025-11,Competitor_B,6,23
H406,2025-11,Apexacare,19,74
H406,2025-11,Competitor_A,17,68
H406,2025-11,Competitor_B,16,58
H407,2025-11,Apexacare,9,48
H407,2025-11,Competitor_A,7,38
H407,2025-11,Competitor_B,8,34
H408,2025-11,Apexacare,24,89
H408,2025-11,Competitor_A,15,57
H408,2025-11,Competitor_B,12,43
H409,2025-11,Apexacare,9,36
H409,2025-11,Competitor_A,7,27
H409,2025-11,Competitor_B,7,22
H410,2025-11,Apexacare,11,40
H410,2025-11,Competitor_A,13,47
H410,2025-11,Competitor_B,13,39
H411,2025-11,Apexacare,5,23
H411,2025-11,Competitor_A,2,10
H411,2025-11,Competitor_B,2,9
H412,2025-11,Apexacare,10,39
H412,2025-11,Competitor_A,9,34
H412,2025-11,Competitor_B,9,29
H413,2025-11,Apexacare,13,47
H413,2025-11,Competitor_A,11,41
H413,2025-11,Competitor_B,9,32
H414,2025-11,Apexacare,9,33
H414,2025-11,Competitor_A,8,29
H414,2025-11,Competitor_B,9,28
H415,2025-11,Apexacare,9,44
H415,2025-11,Competitor_A,7,32
H415,2025-11,Competitor_B,8,32
H416,2025-11,Apexacare,1,5
H416,2025-11,Competitor_A,1,6
H416,2025-11,Competitor_B,2,8
H417,2025-11,Apexacare,12,52
H417,2025-11,Competitor_A,11,50
H417,2025-11,Competitor_B,11,42
H418,2025-11,Apexacare,9,46
H418,2025-11,Competitor_A,9,47
H418,2025-11,Competitor_B,9,39
H419,2025-11,Apexacare,4,17
H419,2025-11,Competitor_A,3,14
H419,2025-11,Competitor_B,4,13
H420,2025-11,Apexacare,10,40
H420,2025-11,Competitor_A,7,28
H420,2025-11,Competitor_B,7,27
H421,2025-11,Apexacare,8,31
H421,2025-11,Competitor_A,9,36
H421,2025-11,Competitor_B,9,35
H422,2025-11,Apexacare,2,11
H422,2025-11,Competitor_A,2,11
H422,2025-11,Competitor_B,3,10
H423,2025-11,Apexacare,21,77
H423,2025-11,Competitor_A,10,37
H423,2025-11,Competitor_B,9,33
H424,2025-11,Apexacare,13,44
H424,2025-11,Competitor_A,9,32
H424,2025-11,Competitor_B,9,29
H425,2025-11,Apexacare,6,31
H425,2025-11,Competitor_A,8,40
H425,2025-11,Competitor_B,10,41
H426,2025-11,Apexacare,14,60
H426,2025-11,Competitor_A,11,47
H426,2025-11,Competitor_B,9,33
H427,2025-11,Apexacare,16,61
H427,2025-11,Competitor_A,11,41
H427,2025-11,Competitor_B,8,30
H428,2025-11,Apexacare,12,64
H428,2025-11,Competitor_A,7,40
H428,2025-11,Competitor_B,9,40
H429,2025-11,Apexacare,18,69
H429,2025-11,Competitor_A,9,35
H429,2025-11,Competitor_B,9,29
H430,2025-11,Apexacare,10,39
H430,2025-11,Competitor_A,10,39
H430,2025-11,Competitor_B,8,30
H431,2025-11,Apexacare,9,35
H431,2025-11,Competitor_A,9,33
H431,2025-11,Competitor_B,10,34
H432,2025-11,Apexacare,8,31
H432,2025-11,Competitor_A,8,33
H432,2025-11,Competitor_B,9,31
H433,2025-11,Apexacare,11,42
H433,2025-11,Competitor_A,8,32
H433,2025-11,Competitor_B,9,31
H434,2025-11,Apexacare,6,30
H434,2025-11,Competitor_A,8,38
H434,2025-11,Competitor_B,8,32
H435,2025-11,Apexacare,5,28
H435,2025-11,Competitor_A,3,18
H435,2025-11,Competitor_B,5,18
H436,2025-11,Apexacare,9,42
H436,2025-11,Competitor_A,9,39
H436,2025-11,Competitor_B,10,38
H437,2025-11,Apexacare,11,50
H437,2025-11,Competitor_A,14,59
H437,2025-11,Competitor_B,11,43
H438,2025-11,Apexacare,5,20
H438,2025-11,Competitor_A,3,13
H438,2025-11,Competitor_B,4,11
H439,2025-11,Apexacare,17,70
H439,2025-11,Competitor_A,13,54
H439,2025-11,Competitor_B,14,52
H440,2025-11,Apexacare,9,36
H440,2025-11,Competitor_A,15,60
H440,2025-11,Competitor_B,11,44
H441,2025-11,Apexacare,8,30
H441,2025-11,Competitor_A,11,43
H441,2025-11,Competitor_B,10,37
H442,2025-11,Apexacare,9,37
H442,2025-11,Competitor_A,5,20
H442,2025-11,Competitor_B,5,18
H443,2025-11,Apexacare,9,44
H443,2025-11,Competitor_A,14,73
H443,2025-11,Competitor_B,11,51
H444,2025-11,Apexacare,11,52
H444,2025-11,Competitor_A,10,45
H444,2025-11,Competitor_B,10,39
H445,2025-11,Apexacare,11,52
H445,2025-11,Competitor_A,10,51
H445,2025-11,Competitor_B,10,44
H446,2025-11,Apexacare,12,47
H446,2025-11,Competitor_A,9,36
H446,2025-11,Competitor_B,9,29
H447,2025-11,Apexacare,18,79
H447,2025-11,Competitor_A,7,33
H447,2025-11,Competitor_B,7,28
H448,2025-11,Apexacare,3,16
H448,2025-11,Competitor_A,2,10
H448,2025-11,Competitor_B,3,12
H449,2025-11,Apexacare,5,21
H449,2025-11,Competitor_A,7,29
H449,2025-11,Competitor_B,7,30
H450,2025-11,Apexacare,10,38
H450,2025-11,Competitor_A,12,47
H450,2025-11,Competitor_B,10,34
H451,2025-11,Apexacare,15,57
H451,2025-11,Competitor_A,15,58
H451,2025-11,Competitor_B,15,53
H452,2025-11,Apexacare,12,53
H452,2025-11,Competitor_A,12,56
H452,2025-11,Competitor_B,12,51
H453,2025-11,Apexacare,11,41
H453,2025-11,Competitor_A,11,39
H453,2025-11,Competitor_B,10,34
H454,2025-11,Apexacare,6,27
H454,2025-11,Competitor_A,10,43
H454,2025-11,Competitor_B,9,35
H455,2025-11,Apexacare,1,6
H455,2025-11,Competitor_A,1,7
H455,2025-11,Competitor_B,2,8
H456,2025-11,Apexacare,13,62
H456,2025-11,Competitor_A,8,41
H456,2025-11,Competitor_B,8,33
H457,2025-11,Apexacare,10,36
H457,2025-11,Competitor_A,11,39
H457,2025-11,Competitor_B,9,30
H458,2025-11,Apexacare,4,18
H458,2025-11,Competitor_A,3,14
H458,2025-11,Competitor_B,3,13
H459,2025-11,Apexacare,2,8
H459,2025-11,Competitor_A,3,13
H459,2025-11,Competitor_B,3,11
H460,2025-11,Apexacare,12,59
H460,2025-11,Competitor_A,16,78
H460,2025-11,Competitor_B,11,53
H461,2025-11,Apexacare,17,59
H461,2025-11,Competitor_A,10,37
H461,2025-11,Competitor_B,10,30
H462,2025-11,Apexacare,13,54
H462,2025-11,Competitor_A,8,35
H462,2025-11,Competitor_B,7,25
H463,2025-11,Apexacare,8,32
H463,2025-11,Competitor_A,5,22
H463,2025-11,Competitor_B,7,21
H464,2025-11,Apexacare,14,61
H464,2025-11,Competitor_A,11,48
H464,2025-11,Competitor_B,12,44
H465,2025-11,Apexacare,10,43
H465,2025-11,Competitor_A,16,66
H465,2025-11,Competitor_B,13,53
H466,2025-11,Apexacare,16,76
H466,2025-11,Competitor_A,8,37
H466,2025-11,Competitor_B,7,31
H467,2025-11,Apexacare,2,10
H467,2025-11,Competitor_A,2,10
H467,2025-11,Competitor_B,2,10
H468,2025-11,Apexacare,5,25
H468,2025-11,Competitor_A,6,32
H468,2025-11,Competitor_B,8,33
H469,2025-11,Apexacare,6,30
H469,2025-11,Competitor_A,8,39
H469,2025-11,Competitor_B,7,31
H470,2025-11,Apexacare,3,11
H470,2025-11,Competitor_A,4,17
H470,2025-11,Competitor_B,5,16
H471,2025-11,Apexacare,8,36
H471,2025-11,Competitor_A,6,28
H471,2025-11,Competitor_B,6,20
H472,2025-11,Apexacare,9,46
H472,2025-11,Competitor_A,9,46
H472,2025-11,Competitor_B,8,34
H473,2025-11,Apexacare,1,4
H473,2025-11,Competitor_A,1,6
H473,2025-11,Competitor_B,2,7
H474,2025-11,Apexacare,11,52
H474,2025-11,Competitor_A,7,35
H474,2025-11,Competitor_B,7,25
H475,2025-11,Apexacare,8,30
H475,2025-11,Competitor_A,10,36
H475,2025-11,Competitor_B,9,29
H476,2025-11,Apexacare,5,22
H476,2025-11,Competitor_A,4,18
H476,2025-11,Competitor_B,6,17
H477,2025-11,Apexacare,6,28
H477,2025-11,Competitor_A,6,26
H477,2025-11,Competitor_B,7,26
H478,2025-11,Apexacare,14,66
H478,2025-11,Competitor_A,9,46
H478,2025-11,Competitor_B,8,32
H479,2025-11,Apexacare,14,54
H479,2025-11,Competitor_A,6,24
H479,2025-11,Competitor_B,6,17
H480,2025-11,Apexacare,9,39
H480,2025-11,Competitor_A,7,32
H480,2025-11,Competitor_B,8,31
H481,2025-11,Apexacare,9,42
H481,2025-11,Competitor_A,12,53
H481,2025-11,Competitor_B,10,41
H482,2025-11,Apexacare,17,65
H482,2025-11,Competitor_A,15,56
H482,2025-11,Competitor_B,12,41
H483,2025-11,Apexacare,2,9
H483,2025-11,Competitor_A,1,5
H483,2025-11,Competitor_B,2,5
H484,2025-11,Apexacare,4,22
H484,2025-11,Competitor_A,9,43
H484,2025-11,Competitor_B,9,40
H485,2025-11,Apexacare,5,21
H485,2025-11,Competitor_A,14,53
H485,2025-11,Competitor_B,13,45
H486,2025-11,Apexacare,3,12
H486,2025-11,Competitor_A,4,16
H486,2025-11,Competitor_B,6,16
H487,2025-11,Apexacare,7,31
H487,2025-11,Competitor_A,6,27
H487,2025-11,Competitor_B,5,22
H488,2025-11,Apexacare,6,30
H488,2025-11,Competitor_A,13,59
H488,2025-11,Competitor_B,11,44
H489,2025-11,Apexacare,8,31
H489,2025-11,Competitor_A,16,61
H489,2025-11,Competitor_B,14,52
H490,2025-11,Apexacare,14,60
H490,2025-11,Competitor_A,9,41
H490,2025-11,Competitor_B,10,35
H491,2025-11,Apexacare,9,43
H491,2025-11,Competitor_A,7,33
H491,2025-11,Competitor_B,8,29
H492,2025-11,Apexacare,6,21
H492,2025-11,Competitor_A,12,43
H492,2025-11,Competitor_B,10,36
H493,2025-11,Apexacare,7,29
H493,2025-11,Competitor_A,9,37
H493,2025-11,Competitor_B,7,29
H494,2025-11,Apexacare,5,23
H494,2025-11,Competitor_A,5,23
H494,2025-11,Competitor_B,5,20
H495,2025-11,Apexacare,1,6
H495,2025-11,Competitor_A,2,14
H495,2025-11,Competitor_B,4,16
H496,2025-11,Apexacare,4,18
H496,2025-11,Competitor_A,22,84
H496,2025-11,Competitor_B,20,69
H497,2025-11,Apexacare,10,50
H497,2025-11,Competitor_A,10,50
H497,2025-11,Competitor_B,11,50
H498,2025-11,Apexacare,2,10
H498,2025-11,Competitor_A,4,20
H498,2025-11,Competitor_B,4,18
H499,2025-11,Apexacare,7,31
H499,2025-11,Competitor_A,5,21
H499,2025-11,Competitor_B,5,20
H500,2025-11,Apexacare,4,21
H500,2025-11,Competitor_A,4,20
H500,2025-11,Competitor_B,4,19
H501,2025-11,Apexacare,1,6
H501,2025-11,Competitor_A,3,15
H501,2025-11,Competitor_B,4,11
H502,2025-11,Apexacare,13,47
H502,2025-11,Competitor_A,16,59
H502,2025-11,Competitor_B,15,48
H503,2025-11,Apexacare,7,28
H503,2025-11,Competitor_A,9,36
H503,2025-11,Competitor_B,8,26
H504,2025-11,Apexacare,10,46
H504,2025-11,Competitor_A,13,63
H504,2025-11,Competitor_B,11,45
H505,2025-11,Apexacare,5,26
H505,2025-11,Competitor_A,9,45
H505,2025-11,Competitor_B,10,41
H506,2025-11,Apexacare,3,15
H506,2025-11,Competitor_A,8,36
H506,2025-11,Competitor_B,8,34
H507,2025-11,Apexacare,4,24
H507,2025-11,Competitor_A,7,35
H507,2025-11,Competitor_B,8,36
H508,2025-11,Apexacare,6,31
H508,2025-11,Competitor_A,9,42
H508,2025-11,Competitor_B,9,35
H509,2025-11,Apexacare,13,46
H509,2025-11,Competitor_A,17,59
H509,2025-11,Competitor_B,16,55
H510,2025-11,Apexacare,2,13
H510,2025-11,Competitor_A,7,35
H510,2025-11,Competitor_B,7,27
H511,2025-11,Apexacare,8,30
H511,2025-11,Competitor_A,14,54
H511,2025-11,Competitor_B,12,42
H512,2025-11,Apexacare,10,49
H512,2025-11,Competitor_A,14,67
H512,2025-11,Competitor_B,12,52
H513,2025-11,Apexacare,21,74
H513,2025-11,Competitor_A,18,63
H513,2025-11,Competitor_B,15,52
H514,2025-11,Apexacare,6,28
H514,2025-11,Competitor_A,15,66
H514,2025-11,Competitor_B,14,60
H515,2025-11,Apexacare,5,23
H515,2025-11,Competitor_A,15,61
H515,2025-11,Competitor_B,12,42
H516,2025-11,Apexacare,12,49
H516,2025-11,Competitor_A,16,66
H516,2025-11,Competitor_B,15,53
H517,2025-11,Apexacare,8,30
H517,2025-11,Competitor_A,14,48
H517,2025-11,Competitor_B,15,48
H518,2025-11,Apexacare,11,42
H518,2025-11,Competitor_A,16,61
H518,2025-11,Competitor_B,12,44
H519,2025-11,Apexacare,6,31
H519,2025-11,Competitor_A,10,48
H519,2025-11,Competitor_B,10,47
H520,2025-11,Apexacare,2,11
H520,2025-11,Competitor_A,2,10
H520,2025-11,Competitor_B,2,9
H521,2025-11,Apexacare,13,55
H521,2025-11,Competitor_A,17,68
H521,2025-11,Competitor_B,15,57
H522,2025-11,Apexacare,7,34
H522,2025-11,Competitor_A,14,65
H522,2025-11,Competitor_B,12,55
H523,2025-11,Apexacare,3,13
H523,2025-11,Competitor_A,5,20
H523,2025-11,Competitor_B,4,15
H524,2025-11,Apexacare,14,51
H524,2025-11,Competitor_A,12,46
H524,2025-11,Competitor_B,10,35
H525,2025-11,Apexacare,8,31
H525,2025-11,Competitor_A,11,40
H525,2025-11,Competitor_B,10,34
H526,2025-11,Apexacare,18,67
H526,2025-11,Competitor_A,18,69
H526,2025-11,Competitor_B,18,62
H527,2025-11,Apexacare,13,61
H527,2025-11,Competitor_A,11,55
H527,2025-11,Competitor_B,12,52
H528,2025-11,Apexacare,1,3
H528,2025-11,Competitor_A,3,14
H528,2025-11,Competitor_B,4,13
H529,2025-11,Apexacare,4,21
H529,2025-11,Competitor_A,5,29
H529,2025-11,Competitor_B,6,25
H530,2025-11,Apexacare,6,24
H530,2025-11,Competitor_A,9,33
H530,2025-11,Competitor_B,11,33
H531,2025-11,Apexacare,3,13
H531,2025-11,Competitor_A,11,38
H531,2025-11,Competitor_B,10,33
H532,2025-11,Apexacare,11,46
H532,2025-11,Competitor_A,15,60
H532,2025-11,Competitor_B,15,54
H533,2025-11,Apexacare,3,16
H533,2025-11,Competitor_A,5,28
H533,2025-11,Competitor_B,6,22
H534,2025-11,Apexacare,8,43
H534,2025-11,Competitor_A,7,37
H534,2025-11,Competitor_B,8,32
H535,2025-11,Apexacare,5,26
H535,2025-11,Competitor_A,6,29
H535,2025-11,Competitor_B,7,25
H536,2025-11,Apexacare,9,38
H536,2025-11,Competitor_A,16,65
H536,2025-11,Competitor_B,13,51
H537,2025-11,Apexacare,10,37
H537,2025-11,Competitor_A,14,47
H537,2025-11,Competitor_B,13,42
H538,2025-11,Apexacare,9,39
H538,2025-11,Competitor_A,12,54
H538,2025-11,Competitor_B,10,39
H539,2025-11,Apexacare,8,32
H539,2025-11,Competitor_A,11,45
H539,2025-11,Competitor_B,9,33
H540,2025-11,Apexacare,11,41
H540,2025-11,Competitor_A,14,49
H540,2025-11,Competitor_B,11,36
H541,2025-11,Apexacare,10,42
H541,2025-11,Competitor_A,11,50
H541,2025-11,Competitor_B,9,34
H542,2025-11,Apexacare,0,3
H542,2025-11,Competitor_A,1,7
H542,2025-11,Competitor_B,2,7
H543,2025-11,Apexacare,19,72
H543,2025-11,Competitor_A,22,81
H543,2025-11,Competitor_B,16,57
H544,2025-11,Apexacare,15,55
H544,2025-11,Competitor_A,19,69
H544,2025-11,Competitor_B,14,52
H545,2025-11,Apexacare,12,54
H545,2025-11,Competitor_A,20,86
H545,2025-11,Competitor_B,17,70
H546,2025-11,Apexacare,7,29
H546,2025-11,Competitor_A,6,26
H546,2025-11,Competitor_B,8,25
H547,2025-11,Apexacare,5,21
H547,2025-11,Competitor_A,9,39
H547,2025-11,Competitor_B,7,30
H548,2025-11,Apexacare,8,37
H548,2025-11,Competitor_A,11,53
H548,2025-11,Competitor_B,8,38
H549,2025-11,Apexacare,4,15
H549,2025-11,Competitor_A,14,48
H549,2025-11,Competitor_B,13,42
H550,2025-11,Apexacare,5,21
H550,2025-11,Competitor_A,14,52
H550,2025-11,Competitor_B,13,46
H551,2025-11,Apexacare,2,11
H551,2025-11,Competitor_A,5,27
H551,2025-11,Competitor_B,7,28
H552,2025-11,Apexacare,12,46
H552,2025-11,Competitor_A,8,33
H552,2025-11,Competitor_B,7,26
H553,2025-11,Apexacare,7,34
H553,2025-11,Competitor_A,14,70
H553,2025-11,Competitor_B,11,49
H554,2025-11,Apexacare,1,5
H554,2025-11,Competitor_A,1,5
H554,2025-11,Competitor_B,2,6
H555,2025-11,Apexacare,11,44
H555,2025-11,Competitor_A,11,44
H555,2025-11,Competitor_B,13,45
H556,2025-11,Apexacare,11,42
H556,2025-11,Competitor_A,17,66
H556,2025-11,Competitor_B,13,46
H557,2025-11,Apexacare,12,42
H557,2025-11,Competitor_A,17,61
H557,2025-11,Competitor_B,15,49
H558,2025-11,Apexacare,7,32
H558,2025-11,Competitor_A,9,43
H558,2025-11,Competitor_B,8,30
H559,2025-11,Apexacare,7,31
H559,2025-11,Competitor_A,10,44
H559,2025-11,Competitor_B,11,39
H560,2025-11,Apexacare,1,9
H560,2025-11,Competitor_A,8,39
H560,2025-11,Competitor_B,8,32
H561,2025-11,Apexacare,9,35
H561,2025-11,Competitor_A,19,73
H561,2025-11,Competitor_B,14,52
H562,2025-11,Apexacare,7,26
H562,2025-11,Competitor_A,9,34
H562,2025-11,Competitor_B,9,28
H563,2025-11,Apexacare,7,34
H563,2025-11,Competitor_A,7,32
H563,2025-11,Competitor_B,6,24
H564,2025-11,Apexacare,9,40
H564,2025-11,Competitor_A,15,66
H564,2025-11,Competitor_B,14,54
H565,2025-11,Apexacare,2,11
H565,2025-11,Competitor_A,5,26
H565,2025-11,Competitor_B,5,20
H566,2025-11,Apexacare,10,45
H566,2025-11,Competitor_A,14,63
H566,2025-11,Competitor_B,12,46
H567,2025-11,Apexacare,3,17
H567,2025-11,Competitor_A,13,60
H567,2025-11,Competitor_B,13,49
H568,2025-11,Apexacare,18,63
H568,2025-11,Competitor_A,16,54
H568,2025-11,Competitor_B,13,43
H569,2025-11,Apexacare,6,23
H569,2025-11,Competitor_A,7,27
H569,2025-11,Competitor_B,8,26
H570,2025-11,Apexacare,3,15
H570,2025-11,Competitor_A,8,33
H570,2025-11,Competitor_B,7,24
H571,2025-11,Apexacare,3,11
H571,2025-11,Competitor_A,6,23
H571,2025-11,Competitor_B,5,20
H572,2025-11,Apexacare,12,56
H572,2025-11,Competitor_A,14,67
H572,2025-11,Competitor_B,16,66
H573,2025-11,Apexacare,7,31
H573,2025-11,Competitor_A,16,72
H573,2025-11,Competitor_B,14,59
H574,2025-11,Apexacare,6,27
H574,2025-11,Competitor_A,8,36
H574,2025-11,Competitor_B,6,27
H575,2025-11,Apexacare,8,33
H575,2025-11,Competitor_A,8,32
H575,2025-11,Competitor_B,9,30
H576,2025-11,Apexacare,1,6
H576,2025-11,Competitor_A,3,16
H576,2025-11,Competitor_B,4,12
H577,2025-11,Apexacare,9,37
H577,2025-11,Competitor_A,9,36
H577,2025-11,Competitor_B,11,37
H578,2025-11,Apexacare,9,44
H578,2025-11,Competitor_A,12,56
H578,2025-11,Competitor_B,11,47
H579,2025-11,Apexacare,4,17
H579,2025-11,Competitor_A,5,22
H579,2025-11,Competitor_B,5,18
H580,2025-11,Apexacare,19,95
H580,2025-11,Competitor_A,12,61
H580,2025-11,Competitor_B,10,42
H581,2025-11,Apexacare,6,33
H581,2025-11,Competitor_A,13,69
H581,2025-11,Competitor_B,13,58
H582,2025-11,Apexacare,5,22
H582,2025-11,Competitor_A,12,45
H582,2025-11,Competitor_B,10,35
H583,2025-11,Apexacare,15,54
H583,2025-11,Competitor_A,19,66
H583,2025-11,Competitor_B,15,51
H584,2025-11,Apexacare,5,22
H584,2025-11,Competitor_A,6,26
H584,2025-11,Competitor_B,7,24
H585,2025-11,Apexacare,13,47
H585,2025-11,Competitor_A,16,55
H585,2025-11,Competitor_B,16,51
H586,2025-11,Apexacare,5,23
H586,2025-11,Competitor_A,9,42
H586,2025-11,Competitor_B,9,37
H587,2025-11,Apexacare,2,8
H587,2025-11,Competitor_A,8,36
H587,2025-11,Competitor_B,7,28
H588,2025-11,Apexacare,9,37
H588,2025-11,Competitor_A,7,27
H588,2025-11,Competitor_B,6,21
H589,2025-11,Apexacare,3,15
H589,2025-11,Competitor_A,13,58
H589,2025-11,Competitor_B,14,59
H590,2025-11,Apexacare,20,74
H590,2025-11,Competitor_A,12,44
H590,2025-11,Competitor_B,13,44
H591,2025-11,Apexacare,0,2
H591,2025-11,Competitor_A,2,10
H591,2025-11,Competitor_B,4,10
H592,2025-11,Apexacare,4,14
H592,2025-11,Competitor_A,10,38
H592,2025-11,Competitor_B,11,36
H593,2025-11,Apexacare,15,55
H593,2025-11,Competitor_A,8,31
H593,2025-11,Competitor_B,8,28
H594,2025-11,Apexacare,2,13
H594,2025-11,Competitor_A,7,36
H594,2025-11,Competitor_B,6,27
H595,2025-11,Apexacare,13,52
H595,2025-11,Competitor_A,13,52
H595,2025-11,Competitor_B,9,36
H596,2025-11,Apexacare,28,108
H596,2025-11,Competitor_A,17,66
H596,2025-11,Competitor_B,13,46
H597,2025-11,Apexacare,12,51
H597,2025-11,Competitor_A,10,43
H597,2025-11,Competitor_B,9,32
H598,2025-11,Apexacare,9,41
H598,2025-11,Competitor_A,15,66
H598,2025-11,Competitor_B,13,53
H599,2025-11,Apexacare,5,20
H599,2025-11,Competitor_A,7,27
H599,2025-11,Competitor_B,8,28
H600,2025-11,Apexacare,7,25
H600,2025-11,Competitor_A,14,51
H600,2025-11,Competitor_B,15,50
H601,2025-11,Apexacare,3,16
H601,2025-11,Competitor_A,5,26
H601,2025-11,Competitor_B,5,24
H602,2025-11,Apexacare,2,9
H602,2025-11,Competitor_A,1,6
H602,2025-11,Competitor_B,3,7
H603,2025-11,Apexacare,17,69
H603,2025-11,Competitor_A,11,45
H603,2025-11,Competitor_B,13,46
H604,2025-11,Apexacare,3,12
H604,2025-11,Competitor_A,2,9
H604,2025-11,Competitor_B,3,11
H605,2025-11,Apexacare,20,78
H605,2025-11,Competitor_A,13,51
H605,2025-11,Competitor_B,10,39
H001,2025-12,Apexacare,12,51
H001,2025-12,Competitor_A,18,78
H001,2025-12,Competitor_B,15,60
H002,2025-12,Apexacare,20,73
H002,2025-12,Competitor_A,9,35
H002,2025-12,Competitor_B,8,25
H003,2025-12,Apexacare,1,6
H003,2025-12,Competitor_A,1,7
H003,2025-12,Competitor_B,3,8
H004,2025-12,Apexacare,23,93
H004,2025-12,Competitor_A,11,45
H004,2025-12,Competitor_B,11,38
H005,2025-12,Apexacare,12,45
H005,2025-12,Competitor_A,6,23
H005,2025-12,Competitor_B,5,17
H006,2025-12,Apexacare,14,48
H006,2025-12,Competitor_A,15,51
H006,2025-12,Competitor_B,13,45
H007,2025-12,Apexacare,4,19
H007,2025-12,Competitor_A,3,16
H007,2025-12,Competitor_B,4,16
H008,2025-12,Apexacare,16,57
H008,2025-12,Competitor_A,7,27
H008,2025-12,Competitor_B,8,26
H009,2025-12,Apexacare,10,39
H009,2025-12,Competitor_A,11,43
H009,2025-12,Competitor_B,10,38
H010,2025-12,Apexacare,13,48
H010,2025-12,Competitor_A,10,38
H010,2025-12,Competitor_B,8,26
H011,2025-12,Apexacare,15,59
H011,2025-12,Competitor_A,14,58
H011,2025-12,Competitor_B,16,59
H012,2025-12,Apexacare,11,50
H012,2025-12,Competitor_A,10,47
H012,2025-12,Competitor_B,8,35
H013,2025-12,Apexacare,13,46
H013,2025-12,Competitor_A,6,22
H013,2025-12,Competitor_B,7,20
H014,2025-12,Apexacare,17,64
H014,2025-12,Competitor_A,11,42
H014,2025-12,Competitor_B,9,30
H015,2025-12,Apexacare,10,44
H015,2025-12,Competitor_A,6,27
H015,2025-12,Competitor_B,7,29
H016,2025-12,Apexacare,12,53
H016,2025-12,Competitor_A,5,25
H016,2025-12,Competitor_B,6,24
H017,2025-12,Apexacare,15,58
H017,2025-12,Competitor_A,14,54
H017,2025-12,Competitor_B,14,48
H018,2025-12,Apexacare,5,26
H018,2025-12,Competitor_A,2,13
H018,2025-12,Competitor_B,4,12
H019,2025-12,Apexacare,14,50
H019,2025-12,Competitor_A,13,46
H019,2025-12,Competitor_B,13,44
H020,2025-12,Apexacare,4,22
H020,2025-12,Competitor_A,2,12
H020,2025-12,Competitor_B,3,10
H021,2025-12,Apexacare,8,28
H021,2025-12,Competitor_A,9,31
H021,2025-12,Competitor_B,9,29
H022,2025-12,Apexacare,6,24
H022,2025-12,Competitor_A,11,45
H022,2025-12,Competitor_B,9,36
H023,2025-12,Apexacare,9,44
H023,2025-12,Competitor_A,7,34
H023,2025-12,Competitor_B,6,27
H024,2025-12,Apexacare,15,71
H024,2025-12,Competitor_A,15,71
H024,2025-12,Competitor_B,14,56
H025,2025-12,Apexacare,13,55
H025,2025-12,Competitor_A,7,29
H025,2025-12,Competitor_B,6,21
H026,2025-12,Apexacare,11,50
H026,2025-12,Competitor_A,4,20
H026,2025-12,Competitor_B,5,20
H027,2025-12,Apexacare,8,30
H027,2025-12,Competitor_A,7,29
H027,2025-12,Competitor_B,7,21
H028,2025-12,Apexacare,15,70
H028,2025-12,Competitor_A,10,49
H028,2025-12,Competitor_B,12,49
H029,2025-12,Apexacare,11,55
H029,2025-12,Competitor_A,6,30
H029,2025-12,Competitor_B,6,29
H030,2025-12,Apexacare,9,46
H030,2025-12,Competitor_A,12,60
H030,2025-12,Competitor_B,9,44
H031,2025-12,Apexacare,10,37
H031,2025-12,Competitor_A,5,18
H031,2025-12,Competitor_B,6,17
H032,2025-12,Apexacare,10,36
H032,2025-12,Competitor_A,14,53
H032,2025-12,Competitor_B,13,46
H033,2025-12,Apexacare,12,47
H033,2025-12,Competitor_A,21,82
H033,2025-12,Competitor_B,18,69
H034,2025-12,Apexacare,10,39
H034,2025-12,Competitor_A,12,46
H034,2025-12,Competitor_B,13,41
H035,2025-12,Apexacare,4,23
H035,2025-12,Competitor_A,5,29
H035,2025-12,Competitor_B,7,28
H036,2025-12,Apexacare,16,57
H036,2025-12,Competitor_A,16,57
H036,2025-12,Competitor_B,15,46
H037,2025-12,Apexacare,8,36
H037,2025-12,Competitor_A,10,40
H037,2025-12,Competitor_B,8,29
H038,2025-12,Apexacare,14,53
H038,2025-12,Competitor_A,18,66
H038,2025-12,Competitor_B,15,52
H039,2025-12,Apexacare,19,96
H039,2025-12,Competitor_A,10,54
H039,2025-12,Competitor_B,9,39
H040,2025-12,Apexacare,10,48
H040,2025-12,Competitor_A,14,68
H040,2025-12,Competitor_B,15,64
H041,2025-12,Apexacare,6,23
H041,2025-12,Competitor_A,6,22
H041,2025-12,Competitor_B,6,21
H042,2025-12,Apexacare,7,32
H042,2025-12,Competitor_A,4,22
H042,2025-12,Competitor_B,5,18
H043,2025-12,Apexacare,13,59
H043,2025-12,Competitor_A,9,41
H043,2025-12,Competitor_B,9,33
H044,2025-12,Apexacare,8,34
H044,2025-12,Competitor_A,13,57
H044,2025-12,Competitor_B,11,41
H045,2025-12,Apexacare,15,64
H045,2025-12,Competitor_A,13,56
H045,2025-12,Competitor_B,13,51
H046,2025-12,Apexacare,12,46
H046,2025-12,Competitor_A,9,33
H046,2025-12,Competitor_B,7,26
H047,2025-12,Apexacare,1,7
H047,2025-12,Competitor_A,1,8
H047,2025-12,Competitor_B,3,7
H048,2025-12,Apexacare,4,19
H048,2025-12,Competitor_A,5,24
H048,2025-12,Competitor_B,5,20
H049,2025-12,Apexacare,16,59
H049,2025-12,Competitor_A,7,25
H049,2025-12,Competitor_B,7,24
H050,2025-12,Apexacare,11,39
H050,2025-12,Competitor_A,14,48
H050,2025-12,Competitor_B,14,45
H051,2025-12,Apexacare,19,84
H051,2025-12,Competitor_A,14,64
H051,2025-12,Competitor_B,13,50
H052,2025-12,Apexacare,6,25
H052,2025-12,Competitor_A,4,20
H052,2025-12,Competitor_B,5,18
H053,2025-12,Apexacare,10,45
H053,2025-12,Competitor_A,5,22
H053,2025-12,Competitor_B,5,18
H054,2025-12,Apexacare,10,37
H054,2025-12,Competitor_A,8,33
H054,2025-12,Competitor_B,9,32
H055,2025-12,Apexacare,11,43
H055,2025-12,Competitor_A,5,20
H055,2025-12,Competitor_B,6,17
H056,2025-12,Apexacare,8,44
H056,2025-12,Competitor_A,13,65
H056,2025-12,Competitor_B,13,61
H057,2025-12,Apexacare,12,45
H057,2025-12,Competitor_A,9,34
H057,2025-12,Competitor_B,8,26
H058,2025-12,Apexacare,12,44
H058,2025-12,Competitor_A,12,42
H058,2025-12,Competitor_B,11,33
H059,2025-12,Apexacare,8,32
H059,2025-12,Competitor_A,8,32
H059,2025-12,Competitor_B,10,32
H060,2025-12,Apexacare,18,74
H060,2025-12,Competitor_A,21,86
H060,2025-12,Competitor_B,16,60
H061,2025-12,Apexacare,6,30
H061,2025-12,Competitor_A,12,54
H061,2025-12,Competitor_B,12,51
H062,2025-12,Apexacare,6,30
H062,2025-12,Competitor_A,3,17
H062,2025-12,Competitor_B,3,13
H063,2025-12,Apexacare,4,18
H063,2025-12,Competitor_A,4,17
H063,2025-12,Competitor_B,4,16
H064,2025-12,Apexacare,13,65
H064,2025-12,Competitor_A,7,39
H064,2025-12,Competitor_B,7,32
H065,2025-12,Apexacare,19,69
H065,2025-12,Competitor_A,21,73
H065,2025-12,Competitor_B,17,56
H066,2025-12,Apexacare,18,65
H066,2025-12,Competitor_A,19,68
H066,2025-12,Competitor_B,19,65
H067,2025-12,Apexacare,6,24
H067,2025-12,Competitor_A,6,22
H067,2025-12,Competitor_B,7,22
H068,2025-12,Apexacare,3,14
H068,2025-12,Competitor_A,3,13
H068,2025-12,Competitor_B,4,13
H069,2025-12,Apexacare,13,48
H069,2025-12,Competitor_A,22,78
H069,2025-12,Competitor_B,19,63
H070,2025-12,Apexacare,11,60
H070,2025-12,Competitor_A,10,50
H070,2025-12,Competitor_B,9,42
H071,2025-12,Apexacare,11,43
H071,2025-12,Competitor_A,7,28
H071,2025-12,Competitor_B,6,24
H072,2025-12,Apexacare,7,35
H072,2025-12,Competitor_A,6,31
H072,2025-12,Competitor_B,6,22
H073,2025-12,Apexacare,4,23
H073,2025-12,Competitor_A,2,10
H073,2025-12,Competitor_B,3,12
H074,2025-12,Apexacare,13,68
H074,2025-12,Competitor_A,14,70
H074,2025-12,Competitor_B,11,51
H075,2025-12,Apexacare,3,17
H075,2025-12,Competitor_A,5,24
H075,2025-12,Competitor_B,5,19
H076,2025-12,Apexacare,7,30
H076,2025-12,Competitor_A,8,33
H076,2025-12,Competitor_B,7,27
H077,2025-12,Apexacare,10,45
H077,2025-12,Competitor_A,8,38
H077,2025-12,Competitor_B,8,31
H078,2025-12,Apexacare,2,9
H078,2025-12,Competitor_A,4,17
H078,2025-12,Competitor_B,5,14
H079,2025-12,Apexacare,3,14
H079,2025-12,Competitor_A,4,19
H079,2025-12,Competitor_B,5,21
H080,2025-12,Apexacare,12,61
H080,2025-12,Competitor_A,5,29
H080,2025-12,Competitor_B,7,29
H081,2025-12,Apexacare,13,55
H081,2025-12,Competitor_A,9,38
H081,2025-12,Competitor_B,7,27
H082,2025-12,Apexacare,18,86
H082,2025-12,Competitor_A,14,64
H082,2025-12,Competitor_B,14,60
H083,2025-12,Apexacare,28,98
H083,2025-12,Competitor_A,14,50
H083,2025-12,Competitor_B,12,41
H084,2025-12,Apexacare,2,8
H084,2025-12,Competitor_A,0,4
H084,2025-12,Competitor_B,2,5
H085,2025-12,Apexacare,8,41
H085,2025-12,Competitor_A,5,28
H085,2025-12,Competitor_B,6,21
H086,2025-12,Apexacare,11,47
H086,2025-12,Competitor_A,10,42
H086,2025-12,Competitor_B,8,30
H087,2025-12,Apexacare,13,66
H087,2025-12,Competitor_A,11,57
H087,2025-12,Competitor_B,10,45
H088,2025-12,Apexacare,12,42
H088,2025-12,Competitor_A,7,27
H088,2025-12,Competitor_B,9,27
H089,2025-12,Apexacare,12,62
H089,2025-12,Competitor_A,11,54
H089,2025-12,Competitor_B,9,37
H090,2025-12,Apexacare,12,52
H090,2025-12,Competitor_A,11,47
H090,2025-12,Competitor_B,12,48
H091,2025-12,Apexacare,21,85
H091,2025-12,Competitor_A,10,40
H091,2025-12,Competitor_B,9,37
H092,2025-12,Apexacare,11,44
H092,2025-12,Competitor_A,13,51
H092,2025-12,Competitor_B,11,38
H093,2025-12,Apexacare,14,55
H093,2025-12,Competitor_A,13,52
H093,2025-12,Competitor_B,14,47
H094,2025-12,Apexacare,4,18
H094,2025-12,Competitor_A,4,20
H094,2025-12,Competitor_B,6,22
H095,2025-12,Apexacare,16,64
H095,2025-12,Competitor_A,14,55
H095,2025-12,Competitor_B,11,43
H096,2025-12,Apexacare,7,31
H096,2025-12,Competitor_A,6,26
H096,2025-12,Competitor_B,6,23
H097,2025-12,Apexacare,1,7
H097,2025-12,Competitor_A,1,7
H097,2025-12,Competitor_B,2,8
H098,2025-12,Apexacare,14,51
H098,2025-12,Competitor_A,11,42
H098,2025-12,Competitor_B,12,39
H099,2025-12,Apexacare,10,39
H099,2025-12,Competitor_A,12,43
H099,2025-12,Competitor_B,11,37
H100,2025-12,Apexacare,11,38
H100,2025-12,Competitor_A,12,44
H100,2025-12,Competitor_B,12,38
H101,2025-12,Apexacare,14,48
H101,2025-12,Competitor_A,9,33
H101,2025-12,Competitor_B,10,33
H102,2025-12,Apexacare,8,38
H102,2025-12,Competitor_A,11,50
H102,2025-12,Competitor_B,10,40
H103,2025-12,Apexacare,5,23
H103,2025-12,Competitor_A,2,11
H103,2025-12,Competitor_B,4,10
H104,2025-12,Apexacare,8,40
H104,2025-12,Competitor_A,12,58
H104,2025-12,Competitor_B,11,49
H105,2025-12,Apexacare,8,35
H105,2025-12,Competitor_A,13,55
H105,2025-12,Competitor_B,12,46
H106,2025-12,Apexacare,9,39
H106,2025-12,Competitor_A,13,55
H106,2025-12,Competitor_B,10,39
H107,2025-12,Apexacare,6,25
H107,2025-12,Competitor_A,3,12
H107,2025-12,Competitor_B,3,11
H108,2025-12,Apexacare,9,41
H108,2025-12,Competitor_A,4,19
H108,2025-12,Competitor_B,5,20
H109,2025-12,Apexacare,15,64
H109,2025-12,Competitor_A,16,66
H109,2025-12,Competitor_B,12,46
H110,2025-12,Apexacare,13,47
H110,2025-12,Competitor_A,8,31
H110,2025-12,Competitor_B,8,27
H111,2025-12,Apexacare,16,58
H111,2025-12,Competitor_A,15,52
H111,2025-12,Competitor_B,11,37
H112,2025-12,Apexacare,6,25
H112,2025-12,Competitor_A,6,24
H112,2025-12,Competitor_B,6,23
H113,2025-12,Apexacare,0,4
H113,2025-12,Competitor_A,1,7
H113,2025-12,Competitor_B,3,8
H114,2025-12,Apexacare,9,46
H114,2025-12,Competitor_A,8,41
H114,2025-12,Competitor_B,9,41
H115,2025-12,Apexacare,14,62
H115,2025-12,Competitor_A,7,34
H115,2025-12,Competitor_B,6,24
H116,2025-12,Apexacare,17,63
H116,2025-12,Competitor_A,13,50
H116,2025-12,Competitor_B,14,47
H117,2025-12,Apexacare,2,11
H117,2025-12,Competitor_A,3,17
H117,2025-12,Competitor_B,4,12
H118,2025-12,Apexacare,19,75
H118,2025-12,Competitor_A,9,35
H118,2025-12,Competitor_B,7,26
H119,2025-12,Apexacare,13,54
H119,2025-12,Competitor_A,13,52
H119,2025-12,Competitor_B,10,38
H120,2025-12,Apexacare,12,50
H120,2025-12,Competitor_A,11,49
H120,2025-12,Competitor_B,13,51
H121,2025-12,Apexacare,20,73
H121,2025-12,Competitor_A,16,59
H121,2025-12,Competitor_B,17,58
H122,2025-12,Apexacare,8,42
H122,2025-12,Competitor_A,8,40
H122,2025-12,Competitor_B,7,30
H123,2025-12,Apexacare,9,43
H123,2025-12,Competitor_A,11,49
H123,2025-12,Competitor_B,9,34
H124,2025-12,Apexacare,9,46
H124,2025-12,Competitor_A,8,43
H124,2025-12,Competitor_B,10,43
H125,2025-12,Apexacare,8,42
H125,2025-12,Competitor_A,13,67
H125,2025-12,Competitor_B,11,51
H126,2025-12,Apexacare,9,39
H126,2025-12,Competitor_A,6,27
H126,2025-12,Competitor_B,7,22
H127,2025-12,Apexacare,11,45
H127,2025-12,Competitor_A,8,35
H127,2025-12,Competitor_B,9,32
H128,2025-12,Apexacare,6,27
H128,2025-12,Competitor_A,6,27
H128,2025-12,Competitor_B,6,26
H129,2025-12,Apexacare,12,45
H129,2025-12,Competitor_A,8,33
H129,2025-12,Competitor_B,8,27
H130,2025-12,Apexacare,14,56
H130,2025-12,Competitor_A,6,24
H130,2025-12,Competitor_B,6,20
H131,2025-12,Apexacare,1,8
H131,2025-12,Competitor_A,2,13
H131,2025-12,Competitor_B,4,11
H132,2025-12,Apexacare,8,44
H132,2025-12,Competitor_A,4,20
H132,2025-12,Competitor_B,5,21
H133,2025-12,Apexacare,7,32
H133,2025-12,Competitor_A,3,15
H133,2025-12,Competitor_B,4,13
H134,2025-12,Apexacare,7,38
H134,2025-12,Competitor_A,8,38
H134,2025-12,Competitor_B,8,34
H135,2025-12,Apexacare,4,17
H135,2025-12,Competitor_A,3,13
H135,2025-12,Competitor_B,4,10
H136,2025-12,Apexacare,8,34
H136,2025-12,Competitor_A,7,28
H136,2025-12,Competitor_B,7,23
H137,2025-12,Apexacare,11,43
H137,2025-12,Competitor_A,14,54
H137,2025-12,Competitor_B,14,47
H138,2025-12,Apexacare,20,76
H138,2025-12,Competitor_A,11,43
H138,2025-12,Competitor_B,9,34
H139,2025-12,Apexacare,7,26
H139,2025-12,Competitor_A,11,39
H139,2025-12,Competitor_B,9,31
H140,2025-12,Apexacare,3,13
H140,2025-12,Competitor_A,9,32
H140,2025-12,Competitor_B,7,23
H141,2025-12,Apexacare,16,71
H141,2025-12,Competitor_A,14,64
H141,2025-12,Competitor_B,16,63
H142,2025-12,Apexacare,10,38
H142,2025-12,Competitor_A,14,49
H142,2025-12,Competitor_B,12,39
H143,2025-12,Apexacare,8,34
H143,2025-12,Competitor_A,14,56
H143,2025-12,Competitor_B,14,54
H144,2025-12,Apexacare,6,24
H144,2025-12,Competitor_A,14,50
H144,2025-12,Competitor_B,12,40
H145,2025-12,Apexacare,2,9
H145,2025-12,Competitor_A,1,6
H145,2025-12,Competitor_B,3,6
H146,2025-12,Apexacare,9,44
H146,2025-12,Competitor_A,10,47
H146,2025-12,Competitor_B,10,42
H147,2025-12,Apexacare,6,27
H147,2025-12,Competitor_A,4,21
H147,2025-12,Competitor_B,5,18
H148,2025-12,Apexacare,7,27
H148,2025-12,Competitor_A,4,17
H148,2025-12,Competitor_B,5,16
H149,2025-12,Apexacare,1,7
H149,2025-12,Competitor_A,1,7
H149,2025-12,Competitor_B,2,6
H150,2025-12,Apexacare,12,44
H150,2025-12,Competitor_A,9,36
H150,2025-12,Competitor_B,10,34
H151,2025-12,Apexacare,15,77
H151,2025-12,Competitor_A,7,36
H151,2025-12,Competitor_B,6,27
H152,2025-12,Apexacare,15,54
H152,2025-12,Competitor_A,6,24
H152,2025-12,Competitor_B,6,18
H153,2025-12,Apexacare,9,42
H153,2025-12,Competitor_A,3,18
H153,2025-12,Competitor_B,4,15
H154,2025-12,Apexacare,14,57
H154,2025-12,Competitor_A,5,21
H154,2025-12,Competitor_B,7,22
H155,2025-12,Apexacare,8,33
H155,2025-12,Competitor_A,8,36
H155,2025-12,Competitor_B,9,36
H156,2025-12,Apexacare,9,47
H156,2025-12,Competitor_A,12,60
H156,2025-12,Competitor_B,11,45
H157,2025-12,Apexacare,4,16
H157,2025-12,Competitor_A,3,13
H157,2025-12,Competitor_B,4,15
H158,2025-12,Apexacare,15,59
H158,2025-12,Competitor_A,9,38
H158,2025-12,Competitor_B,8,29
H159,2025-12,Apexacare,9,39
H159,2025-12,Competitor_A,9,38
H159,2025-12,Competitor_B,9,33
H160,2025-12,Apexacare,12,53
H160,2025-12,Competitor_A,11,49
H160,2025-12,Competitor_B,10,45
H161,2025-12,Apexacare,8,40
H161,2025-12,Competitor_A,10,54
H161,2025-12,Competitor_B,9,41
H162,2025-12,Apexacare,1,9
H162,2025-12,Competitor_A,1,5
H162,2025-12,Competitor_B,2,5
H163,2025-12,Apexacare,5,25
H163,2025-12,Competitor_A,3,13
H163,2025-12,Competitor_B,3,10
H164,2025-12,Apexacare,9,31
H164,2025-12,Competitor_A,17,59
H164,2025-12,Competitor_B,12,42
H165,2025-12,Apexacare,13,65
H165,2025-12,Competitor_A,9,44
H165,2025-12,Competitor_B,9,38
H166,2025-12,Apexacare,4,20
H166,2025-12,Competitor_A,4,18
H166,2025-12,Competitor_B,5,16
H167,2025-12,Apexacare,11,44
H167,2025-12,Competitor_A,12,48
H167,2025-12,Competitor_B,12,44
H168,2025-12,Apexacare,21,76
H168,2025-12,Competitor_A,9,32
H168,2025-12,Competitor_B,9,28
H169,2025-12,Apexacare,2,9
H169,2025-12,Competitor_A,3,13
H169,2025-12,Competitor_B,5,14
H170,2025-12,Apexacare,7,38
H170,2025-12,Competitor_A,4,20
H170,2025-12,Competitor_B,4,17
H171,2025-12,Apexacare,15,70
H171,2025-12,Competitor_A,13,61
H171,2025-12,Competitor_B,11,49
H172,2025-12,Apexacare,8,43
H172,2025-12,Competitor_A,7,40
H172,2025-12,Competitor_B,7,29
H173,2025-12,Apexacare,10,45
H173,2025-12,Competitor_A,9,41
H173,2025-12,Competitor_B,8,34
H174,2025-12,Apexacare,17,70
H174,2025-12,Competitor_A,9,38
H174,2025-12,Competitor_B,8,32
H175,2025-12,Apexacare,10,52
H175,2025-12,Competitor_A,7,36
H175,2025-12,Competitor_B,9,38
H176,2025-12,Apexacare,8,36
H176,2025-12,Competitor_A,13,57
H176,2025-12,Competitor_B,13,51
H177,2025-12,Apexacare,1,6
H177,2025-12,Competitor_A,1,6
H177,2025-12,Competitor_B,1,5
H178,2025-12,Apexacare,10,47
H178,2025-12,Competitor_A,9,42
H178,2025-12,Competitor_B,8,30
H179,2025-12,Apexacare,13,69
H179,2025-12,Competitor_A,5,25
H179,2025-12,Competitor_B,6,25
H180,2025-12,Apexacare,14,52
H180,2025-12,Competitor_A,6,25
H180,2025-12,Competitor_B,6,19
H181,2025-12,Apexacare,6,29
H181,2025-12,Competitor_A,7,33
H181,2025-12,Competitor_B,9,34
H182,2025-12,Apexacare,18,87
H182,2025-12,Competitor_A,12,57
H182,2025-12,Competitor_B,12,54
H183,2025-12,Apexacare,6,22
H183,2025-12,Competitor_A,6,24
H183,2025-12,Competitor_B,6,20
H184,2025-12,Apexacare,19,72
H184,2025-12,Competitor_A,9,33
H184,2025-12,Competitor_B,7,27
H185,2025-12,Apexacare,15,56
H185,2025-12,Competitor_A,11,45
H185,2025-12,Competitor_B,11,39
H186,2025-12,Apexacare,10,36
H186,2025-12,Competitor_A,13,48
H186,2025-12,Competitor_B,10,36
H187,2025-12,Apexacare,12,44
H187,2025-12,Competitor_A,16,57
H187,2025-12,Competitor_B,15,53
H188,2025-12,Apexacare,8,40
H188,2025-12,Competitor_A,4,24
H188,2025-12,Competitor_B,6,24
H189,2025-12,Apexacare,4,17
H189,2025-12,Competitor_A,6,26
H189,2025-12,Competitor_B,7,25
H190,2025-12,Apexacare,12,48
H190,2025-12,Competitor_A,13,52
H190,2025-12,Competitor_B,11,36
H191,2025-12,Apexacare,10,46
H191,2025-12,Competitor_A,12,54
H191,2025-12,Competitor_B,14,54
H192,2025-12,Apexacare,5,29
H192,2025-12,Competitor_A,7,35
H192,2025-12,Competitor_B,6,26
H193,2025-12,Apexacare,10,41
H193,2025-12,Competitor_A,7,28
H193,2025-12,Competitor_B,7,21
H194,2025-12,Apexacare,7,33
H194,2025-12,Competitor_A,5,24
H194,2025-12,Competitor_B,6,23
H195,2025-12,Apexacare,16,62
H195,2025-12,Competitor_A,14,54
H195,2025-12,Competitor_B,10,38
H196,2025-12,Apexacare,6,31
H196,2025-12,Competitor_A,6,32
H196,2025-12,Competitor_B,6,27
H197,2025-12,Apexacare,3,14
H197,2025-12,Competitor_A,3,15
H197,2025-12,Competitor_B,5,16
H198,2025-12,Apexacare,10,44
H198,2025-12,Competitor_A,6,29
H198,2025-12,Competitor_B,8,27
H199,2025-12,Apexacare,4,21
H199,2025-12,Competitor_A,4,21
H199,2025-12,Competitor_B,5,18
H200,2025-12,Apexacare,13,44
H200,2025-12,Competitor_A,15,52
H200,2025-12,Competitor_B,15,51
H201,2025-12,Apexacare,1,8
H201,2025-12,Competitor_A,1,5
H201,2025-12,Competitor_B,2,7
H202,2025-12,Apexacare,10,42
H202,2025-12,Competitor_A,8,36
H202,2025-12,Competitor_B,7,27
H203,2025-12,Apexacare,19,67
H203,2025-12,Competitor_A,13,45
H203,2025-12,Competitor_B,11,35
H204,2025-12,Apexacare,8,31
H204,2025-12,Competitor_A,8,32
H204,2025-12,Competitor_B,8,27
H205,2025-12,Apexacare,18,67
H205,2025-12,Competitor_A,11,40
H205,2025-12,Competitor_B,10,37
H206,2025-12,Apexacare,12,60
H206,2025-12,Competitor_A,7,38
H206,2025-12,Competitor_B,8,35
H207,2025-12,Apexacare,7,27
H207,2025-12,Competitor_A,5,19
H207,2025-12,Competitor_B,6,18
H208,2025-12,Apexacare,6,25
H208,2025-12,Competitor_A,3,12
H208,2025-12,Competitor_B,3,11
H209,2025-12,Apexacare,18,64
H209,2025-12,Competitor_A,8,28
H209,2025-12,Competitor_B,9,28
H210,2025-12,Apexacare,2,8
H210,2025-12,Competitor_A,5,21
H210,2025-12,Competitor_B,5,16
H211,2025-12,Apexacare,16,63
H211,2025-12,Competitor_A,8,31
H211,2025-12,Competitor_B,7,26
H212,2025-12,Apexacare,12,49
H212,2025-12,Competitor_A,16,63
H212,2025-12,Competitor_B,15,58
H213,2025-12,Apexacare,5,26
H213,2025-12,Competitor_A,4,22
H213,2025-12,Competitor_B,6,20
H214,2025-12,Apexacare,7,34
H214,2025-12,Competitor_A,3,13
H214,2025-12,Competitor_B,4,13
H215,2025-12,Apexacare,6,28
H215,2025-12,Competitor_A,3,13
H215,2025-12,Competitor_B,3,13
H216,2025-12,Apexacare,18,74
H216,2025-12,Competitor_A,7,30
H216,2025-12,Competitor_B,8,28
H217,2025-12,Apexacare,3,18
H217,2025-12,Competitor_A,1,9
H217,2025-12,Competitor_B,3,9
H218,2025-12,Apexacare,18,60
H218,2025-12,Competitor_A,14,48
H218,2025-12,Competitor_B,11,36
H219,2025-12,Apexacare,5,21
H219,2025-12,Competitor_A,15,58
H219,2025-12,Competitor_B,14,49
H220,2025-12,Apexacare,2,9
H220,2025-12,Competitor_A,1,6
H220,2025-12,Competitor_B,3,7
H221,2025-12,Apexacare,12,46
H221,2025-12,Competitor_A,8,33
H221,2025-12,Competitor_B,8,29
H222,2025-12,Apexacare,16,81
H222,2025-12,Competitor_A,10,51
H222,2025-12,Competitor_B,11,48
H223,2025-12,Apexacare,14,62
H223,2025-12,Competitor_A,11,52
H223,2025-12,Competitor_B,12,48
H224,2025-12,Apexacare,4,18
H224,2025-12,Competitor_A,3,13
H224,2025-12,Competitor_B,3,13
H225,2025-12,Apexacare,13,58
H225,2025-12,Competitor_A,12,53
H225,2025-12,Competitor_B,10,43
H226,2025-12,Apexacare,4,15
H226,2025-12,Competitor_A,5,21
H226,2025-12,Competitor_B,5,18
H227,2025-12,Apexacare,15,62
H227,2025-12,Competitor_A,17,70
H227,2025-12,Competitor_B,15,57
H228,2025-12,Apexacare,10,41
H228,2025-12,Competitor_A,6,27
H228,2025-12,Competitor_B,5,20
H229,2025-12,Apexacare,7,39
H229,2025-12,Competitor_A,7,35
H229,2025-12,Competitor_B,6,26
H230,2025-12,Apexacare,11,43
H230,2025-12,Competitor_A,11,43
H230,2025-12,Competitor_B,9,33
H231,2025-12,Apexacare,8,31
H231,2025-12,Competitor_A,8,33
H231,2025-12,Competitor_B,7,26
H232,2025-12,Apexacare,9,46
H232,2025-12,Competitor_A,10,53
H232,2025-12,Competitor_B,9,41
H233,2025-12,Apexacare,11,58
H233,2025-12,Competitor_A,7,34
H233,2025-12,Competitor_B,8,34
H234,2025-12,Apexacare,20,99
H234,2025-12,Competitor_A,10,49
H234,2025-12,Competitor_B,9,42
H235,2025-12,Apexacare,24,85
H235,2025-12,Competitor_A,14,50
H235,2025-12,Competitor_B,13,41
H236,2025-12,Apexacare,5,29
H236,2025-12,Competitor_A,5,26
H236,2025-12,Competitor_B,6,25
H237,2025-12,Apexacare,13,45
H237,2025-12,Competitor_A,7,25
H237,2025-12,Competitor_B,6,18
H238,2025-12,Apexacare,4,17
H238,2025-12,Competitor_A,4,19
H238,2025-12,Competitor_B,5,15
H239,2025-12,Apexacare,10,53
H239,2025-12,Competitor_A,7,34
H239,2025-12,Competitor_B,6,25
H240,2025-12,Apexacare,1,5
H240,2025-12,Competitor_A,1,5
H240,2025-12,Competitor_B,2,5
H241,2025-12,Apexacare,4,20
H241,2025-12,Competitor_A,4,21
H241,2025-12,Competitor_B,5,19
H242,2025-12,Apexacare,1,9
H242,2025-12,Competitor_A,2,11
H242,2025-12,Competitor_B,3,10
H243,2025-12,Apexacare,6,33
H243,2025-12,Competitor_A,5,27
H243,2025-12,Competitor_B,5,20
H244,2025-12,Apexacare,12,45
H244,2025-12,Competitor_A,13,50
H244,2025-12,Competitor_B,15,52
H245,2025-12,Apexacare,5,25
H245,2025-12,Competitor_A,5,23
H245,2025-12,Competitor_B,5,18
H246,2025-12,Apexacare,8,33
H246,2025-12,Competitor_A,7,27
H246,2025-12,Competitor_B,6,20
H247,2025-12,Apexacare,9,35
H247,2025-12,Competitor_A,7,25
H247,2025-12,Competitor_B,7,24
H248,2025-12,Apexacare,6,33
H248,2025-12,Competitor_A,3,16
H248,2025-12,Competitor_B,4,14
H249,2025-12,Apexacare,18,74
H249,2025-12,Competitor_A,10,44
H249,2025-12,Competitor_B,11,42
H250,2025-12,Apexacare,4,17
H250,2025-12,Competitor_A,7,26
H250,2025-12,Competitor_B,8,25
H251,2025-12,Apexacare,18,73
H251,2025-12,Competitor_A,8,33
H251,2025-12,Competitor_B,9,34
H252,2025-12,Apexacare,12,44
H252,2025-12,Competitor_A,16,58
H252,2025-12,Competitor_B,15,51
H253,2025-12,Apexacare,10,37
H253,2025-12,Competitor_A,9,33
H253,2025-12,Competitor_B,7,26
H254,2025-12,Apexacare,2,9
H254,2025-12,Competitor_A,1,4
H254,2025-12,Competitor_B,2,5
H255,2025-12,Apexacare,8,36
H255,2025-12,Competitor_A,8,34
H255,2025-12,Competitor_B,8,30
H256,2025-12,Apexacare,3,14
H256,2025-12,Competitor_A,2,11
H256,2025-12,Competitor_B,4,13
H257,2025-12,Apexacare,11,52
H257,2025-12,Competitor_A,11,51
H257,2025-12,Competitor_B,10,41
H258,2025-12,Apexacare,19,70
H258,2025-12,Competitor_A,19,69
H258,2025-12,Competitor_B,14,51
H259,2025-12,Apexacare,6,29
H259,2025-12,Competitor_A,9,44
H259,2025-12,Competitor_B,8,39
H260,2025-12,Apexacare,1,7
H260,2025-12,Competitor_A,1,5
H260,2025-12,Competitor_B,2,5
H261,2025-12,Apexacare,8,35
H261,2025-12,Competitor_A,7,30
H261,2025-12,Competitor_B,8,31
H262,2025-12,Apexacare,5,18
H262,2025-12,Competitor_A,6,22
H262,2025-12,Competitor_B,6,20
H263,2025-12,Apexacare,12,47
H263,2025-12,Competitor_A,14,55
H263,2025-12,Competitor_B,12,45
H264,2025-12,Apexacare,3,11
H264,2025-12,Competitor_A,4,17
H264,2025-12,Competitor_B,5,14
H265,2025-12,Apexacare,6,24
H265,2025-12,Competitor_A,8,29
H265,2025-12,Competitor_B,8,27
H266,2025-12,Apexacare,10,41
H266,2025-12,Competitor_A,11,47
H266,2025-12,Competitor_B,12,47
H267,2025-12,Apexacare,11,40
H267,2025-12,Competitor_A,10,37
H267,2025-12,Competitor_B,10,35
H268,2025-12,Apexacare,19,73
H268,2025-12,Competitor_A,15,57
H268,2025-12,Competitor_B,13,50
H269,2025-12,Apexacare,10,43
H269,2025-12,Competitor_A,10,42
H269,2025-12,Competitor_B,10,35
H270,2025-12,Apexacare,5,27
H270,2025-12,Competitor_A,6,32
H270,2025-12,Competitor_B,6,26
H271,2025-12,Apexacare,17,63
H271,2025-12,Competitor_A,19,69
H271,2025-12,Competitor_B,14,48
H272,2025-12,Apexacare,15,56
H272,2025-12,Competitor_A,11,40
H272,2025-12,Competitor_B,11,36
H273,2025-12,Apexacare,13,57
H273,2025-12,Competitor_A,11,45
H273,2025-12,Competitor_B,10,38
H274,2025-12,Apexacare,8,30
H274,2025-12,Competitor_A,10,37
H274,2025-12,Competitor_B,9,33
H275,2025-12,Apexacare,10,40
H275,2025-12,Competitor_A,7,29
H275,2025-12,Competitor_B,8,31
H276,2025-12,Apexacare,11,47
H276,2025-12,Competitor_A,9,43
H276,2025-12,Competitor_B,9,36
H277,2025-12,Apexacare,6,30
H277,2025-12,Competitor_A,6,28
H277,2025-12,Competitor_B,5,22
H278,2025-12,Apexacare,6,28
H278,2025-12,Competitor_A,3,17
H278,2025-12,Competitor_B,4,15
H279,2025-12,Apexacare,10,37
H279,2025-12,Competitor_A,9,33
H279,2025-12,Competitor_B,9,26
H280,2025-12,Apexacare,14,73
H280,2025-12,Competitor_A,8,43
H280,2025-12,Competitor_B,9,38
H281,2025-12,Apexacare,6,26
H281,2025-12,Competitor_A,10,43
H281,2025-12,Competitor_B,11,43
H282,2025-12,Apexacare,1,7
H282,2025-12,Competitor_A,2,8
H282,2025-12,Competitor_B,3,7
H283,2025-12,Apexacare,8,35
H283,2025-12,Competitor_A,6,26
H283,2025-12,Competitor_B,8,27
H284,2025-12,Apexacare,3,10
H284,2025-12,Competitor_A,3,13
H284,2025-12,Competitor_B,4,11
H285,2025-12,Apexacare,7,34
H285,2025-12,Competitor_A,9,45
H285,2025-12,Competitor_B,8,33
H286,2025-12,Apexacare,23,91
H286,2025-12,Competitor_A,10,40
H286,2025-12,Competitor_B,8,31
H287,2025-12,Apexacare,11,38
H287,2025-12,Competitor_A,13,46
H287,2025-12,Competitor_B,10,35
H288,2025-12,Apexacare,6,31
H288,2025-12,Competitor_A,6,32
H288,2025-12,Competitor_B,7,33
H289,2025-12,Apexacare,9,36
H289,2025-12,Competitor_A,10,38
H289,2025-12,Competitor_B,8,28
H290,2025-12,Apexacare,6,21
H290,2025-12,Competitor_A,5,20
H290,2025-12,Competitor_B,5,16
H291,2025-12,Apexacare,10,46
H291,2025-12,Competitor_A,9,42
H291,2025-12,Competitor_B,8,32
H292,2025-12,Apexacare,3,19
H292,2025-12,Competitor_A,1,7
H292,2025-12,Competitor_B,3,8
H293,2025-12,Apexacare,10,45
H293,2025-12,Competitor_A,16,70
H293,2025-12,Competitor_B,17,65
H294,2025-12,Apexacare,9,34
H294,2025-12,Competitor_A,12,48
H294,2025-12,Competitor_B,10,38
H295,2025-12,Apexacare,5,24
H295,2025-12,Competitor_A,8,36
H295,2025-12,Competitor_B,8,28
H296,2025-12,Apexacare,8,36
H296,2025-12,Competitor_A,9,40
H296,2025-12,Competitor_B,9,36
H297,2025-12,Apexacare,8,37
H297,2025-12,Competitor_A,10,47
H297,2025-12,Competitor_B,12,48
H298,2025-12,Apexacare,11,41
H298,2025-12,Competitor_A,10,39
H298,2025-12,Competitor_B,8,28
H299,2025-12,Apexacare,10,48
H299,2025-12,Competitor_A,5,27
H299,2025-12,Competitor_B,7,27
H300,2025-12,Apexacare,8,29
H300,2025-12,Competitor_A,15,54
H300,2025-12,Competitor_B,13,43
H301,2025-12,Apexacare,3,13
H301,2025-12,Competitor_A,6,23
H301,2025-12,Competitor_B,5,18
H302,2025-12,Apexacare,10,44
H302,2025-12,Competitor_A,8,38
H302,2025-12,Competitor_B,8,30
H303,2025-12,Apexacare,22,84
H303,2025-12,Competitor_A,13,50
H303,2025-12,Competitor_B,11,42
H304,2025-12,Apexacare,22,82
H304,2025-12,Competitor_A,8,32
H304,2025-12,Competitor_B,9,30
H305,2025-12,Apexacare,13,62
H305,2025-12,Competitor_A,12,62
H305,2025-12,Competitor_B,10,44
H306,2025-12,Apexacare,11,48
H306,2025-12,Competitor_A,8,38
H306,2025-12,Competitor_B,7,26
H307,2025-12,Apexacare,11,56
H307,2025-12,Competitor_A,15,77
H307,2025-12,Competitor_B,14,67
H308,2025-12,Apexacare,1,7
H308,2025-12,Competitor_A,0,5
H308,2025-12,Competitor_B,2,5
H309,2025-12,Apexacare,9,41
H309,2025-12,Competitor_A,9,44
H309,2025-12,Competitor_B,10,41
H310,2025-12,Apexacare,7,39
H310,2025-12,Competitor_A,9,49
H310,2025-12,Competitor_B,10,44
H311,2025-12,Apexacare,7,34
H311,2025-12,Competitor_A,10,45
H311,2025-12,Competitor_B,10,41
H312,2025-12,Apexacare,5,22
H312,2025-12,Competitor_A,7,29
H312,2025-12,Competitor_B,8,29
H313,2025-12,Apexacare,5,20
H313,2025-12,Competitor_A,6,22
H313,2025-12,Competitor_B,7,21
H314,2025-12,Apexacare,14,69
H314,2025-12,Competitor_A,14,71
H314,2025-12,Competitor_B,16,70
H315,2025-12,Apexacare,18,63
H315,2025-12,Competitor_A,13,45
H315,2025-12,Competitor_B,10,32
H316,2025-12,Apexacare,19,67
H316,2025-12,Competitor_A,20,69
H316,2025-12,Competitor_B,16,53
H317,2025-12,Apexacare,10,50
H317,2025-12,Competitor_A,12,63
H317,2025-12,Competitor_B,12,58
H318,2025-12,Apexacare,5,27
H318,2025-12,Competitor_A,5,26
H318,2025-12,Competitor_B,6,27
H319,2025-12,Apexacare,12,50
H319,2025-12,Competitor_A,12,51
H319,2025-12,Competitor_B,9,35
H320,2025-12,Apexacare,1,7
H320,2025-12,Competitor_A,1,7
H320,2025-12,Competitor_B,2,7
H321,2025-12,Apexacare,20,86
H321,2025-12,Competitor_A,8,35
H321,2025-12,Competitor_B,9,33
H322,2025-12,Apexacare,17,71
H322,2025-12,Competitor_A,15,65
H322,2025-12,Competitor_B,14,54
H323,2025-12,Apexacare,2,13
H323,2025-12,Competitor_A,2,9
H323,2025-12,Competitor_B,3,10
H324,2025-12,Apexacare,13,46
H324,2025-12,Competitor_A,18,67
H324,2025-12,Competitor_B,17,58
H325,2025-12,Apexacare,14,63
H325,2025-12,Competitor_A,9,41
H325,2025-12,Competitor_B,9,36
H326,2025-12,Apexacare,1,6
H326,2025-12,Competitor_A,1,5
H326,2025-12,Competitor_B,3,6
H327,2025-12,Apexacare,4,21
H327,2025-12,Competitor_A,5,23
H327,2025-12,Competitor_B,5,20
H328,2025-12,Apexacare,7,26
H328,2025-12,Competitor_A,5,17
H328,2025-12,Competitor_B,5,17
H329,2025-12,Apexacare,5,26
H329,2025-12,Competitor_A,8,40
H329,2025-12,Competitor_B,7,30
H330,2025-12,Apexacare,5,20
H330,2025-12,Competitor_A,7,26
H330,2025-12,Competitor_B,7,20
H331,2025-12,Apexacare,15,70
H331,2025-12,Competitor_A,7,35
H331,2025-12,Competitor_B,7,30
H332,2025-12,Apexacare,4,18
H332,2025-12,Competitor_A,6,26
H332,2025-12,Competitor_B,7,24
H333,2025-12,Apexacare,2,10
H333,2025-12,Competitor_A,4,17
H333,2025-12,Competitor_B,6,18
H334,2025-12,Apexacare,6,27
H334,2025-12,Competitor_A,4,19
H334,2025-12,Competitor_B,6,18
H335,2025-12,Apexacare,1,5
H335,2025-12,Competitor_A,1,4
H335,2025-12,Competitor_B,2,6
H336,2025-12,Apexacare,11,48
H336,2025-12,Competitor_A,10,43
H336,2025-12,Competitor_B,10,42
H337,2025-12,Apexacare,10,46
H337,2025-12,Competitor_A,7,31
H337,2025-12,Competitor_B,6,25
H338,2025-12,Apexacare,12,46
H338,2025-12,Competitor_A,9,36
H338,2025-12,Competitor_B,11,37
H339,2025-12,Apexacare,7,28
H339,2025-12,Competitor_A,12,49
H339,2025-12,Competitor_B,11,43
H340,2025-12,Apexacare,21,72
H340,2025-12,Competitor_A,13,47
H340,2025-12,Competitor_B,10,33
H341,2025-12,Apexacare,12,54
H341,2025-12,Competitor_A,7,30
H341,2025-12,Competitor_B,7,26
H342,2025-12,Apexacare,5,22
H342,2025-12,Competitor_A,5,22
H342,2025-12,Competitor_B,5,20
H343,2025-12,Apexacare,12,48
H343,2025-12,Competitor_A,13,54
H343,2025-12,Competitor_B,14,52
H344,2025-12,Apexacare,5,24
H344,2025-12,Competitor_A,5,23
H344,2025-12,Competitor_B,6,25
H345,2025-12,Apexacare,12,62
H345,2025-12,Competitor_A,10,49
H345,2025-12,Competitor_B,10,43
H346,2025-12,Apexacare,14,51
H346,2025-12,Competitor_A,10,35
H346,2025-12,Competitor_B,11,34
H347,2025-12,Apexacare,9,35
H347,2025-12,Competitor_A,18,71
H347,2025-12,Competitor_B,18,70
H348,2025-12,Apexacare,10,49
H348,2025-12,Competitor_A,6,32
H348,2025-12,Competitor_B,6,24
H349,2025-12,Apexacare,10,50
H349,2025-12,Competitor_A,10,49
H349,2025-12,Competitor_B,9,45
H350,2025-12,Apexacare,15,59
H350,2025-12,Competitor_A,10,40
H350,2025-12,Competitor_B,8,29
H351,2025-12,Apexacare,6,29
H351,2025-12,Competitor_A,9,40
H351,2025-12,Competitor_B,11,41
H352,2025-12,Apexacare,9,39
H352,2025-12,Competitor_A,8,36
H352,2025-12,Competitor_B,8,30
H353,2025-12,Apexacare,8,38
H353,2025-12,Competitor_A,9,47
H353,2025-12,Competitor_B,8,34
H354,2025-12,Apexacare,15,54
H354,2025-12,Competitor_A,13,47
H354,2025-12,Competitor_B,12,39
H355,2025-12,Apexacare,15,55
H355,2025-12,Competitor_A,12,43
H355,2025-12,Competitor_B,13,42
H356,2025-12,Apexacare,5,28
H356,2025-12,Competitor_A,7,39
H356,2025-12,Competitor_B,7,29
H357,2025-12,Apexacare,5,27
H357,2025-12,Competitor_A,11,52
H357,2025-12,Competitor_B,11,49
H358,2025-12,Apexacare,7,33
H358,2025-12,Competitor_A,3,16
H358,2025-12,Competitor_B,4,15
H359,2025-12,Apexacare,5,20
H359,2025-12,Competitor_A,6,21
H359,2025-12,Competitor_B,6,19
H360,2025-12,Apexacare,14,53
H360,2025-12,Competitor_A,7,25
H360,2025-12,Competitor_B,6,18
H361,2025-12,Apexacare,10,47
H361,2025-12,Competitor_A,9,41
H361,2025-12,Competitor_B,9,38
H362,2025-12,Apexacare,13,54
H362,2025-12,Competitor_A,12,49
H362,2025-12,Competitor_B,12,49
H363,2025-12,Apexacare,16,68
H363,2025-12,Competitor_A,10,44
H363,2025-12,Competitor_B,11,40
H364,2025-12,Apexacare,14,63
H364,2025-12,Competitor_A,9,44
H364,2025-12,Competitor_B,9,37
H365,2025-12,Apexacare,4,18
H365,2025-12,Competitor_A,6,30
H365,2025-12,Competitor_B,6,27
H366,2025-12,Apexacare,4,17
H366,2025-12,Competitor_A,3,10
H366,2025-12,Competitor_B,4,11
H367,2025-12,Apexacare,6,27
H367,2025-12,Competitor_A,5,22
H367,2025-12,Competitor_B,5,23
H368,2025-12,Apexacare,11,53
H368,2025-12,Competitor_A,11,53
H368,2025-12,Competitor_B,10,48
H369,2025-12,Apexacare,11,49
H369,2025-12,Competitor_A,14,63
H369,2025-12,Competitor_B,13,56
H370,2025-12,Apexacare,1,8
H370,2025-12,Competitor_A,3,17
H370,2025-12,Competitor_B,4,13
H371,2025-12,Apexacare,4,20
H371,2025-12,Competitor_A,5,24
H371,2025-12,Competitor_B,5,24
H372,2025-12,Apexacare,9,33
H372,2025-12,Competitor_A,6,23
H372,2025-12,Competitor_B,6,19
H373,2025-12,Apexacare,4,19
H373,2025-12,Competitor_A,4,20
H373,2025-12,Competitor_B,6,21
H374,2025-12,Apexacare,15,65
H374,2025-12,Competitor_A,9,37
H374,2025-12,Competitor_B,10,38
H375,2025-12,Apexacare,9,48
H375,2025-12,Competitor_A,6,31
H375,2025-12,Competitor_B,7,33
H376,2025-12,Apexacare,13,55
H376,2025-12,Competitor_A,8,36
H376,2025-12,Competitor_B,8,28
H377,2025-12,Apexacare,6,24
H377,2025-12,Competitor_A,7,29
H377,2025-12,Competitor_B,6,22
H378,2025-12,Apexacare,7,28
H378,2025-12,Competitor_A,10,39
H378,2025-12,Competitor_B,11,38
H379,2025-12,Apexacare,5,26
H379,2025-12,Competitor_A,8,36
H379,2025-12,Competitor_B,7,28
H380,2025-12,Apexacare,4,20
H380,2025-12,Competitor_A,3,14
H380,2025-12,Competitor_B,3,14
H381,2025-12,Apexacare,5,24
H381,2025-12,Competitor_A,6,29
H381,2025-12,Competitor_B,6,22
H382,2025-12,Apexacare,3,13
H382,2025-12,Competitor_A,3,15
H382,2025-12,Competitor_B,4,14
H383,2025-12,Apexacare,4,18
H383,2025-12,Competitor_A,3,13
H383,2025-12,Competitor_B,5,14
H384,2025-12,Apexacare,11,41
H384,2025-12,Competitor_A,9,35
H384,2025-12,Competitor_B,11,36
H385,2025-12,Apexacare,13,54
H385,2025-12,Competitor_A,16,63
H385,2025-12,Competitor_B,14,54
H386,2025-12,Apexacare,12,56
H386,2025-12,Competitor_A,12,53
H386,2025-12,Competitor_B,10,43
H387,2025-12,Apexacare,10,47
H387,2025-12,Competitor_A,6,30
H387,2025-12,Competitor_B,6,23
H388,2025-12,Apexacare,17,61
H388,2025-12,Competitor_A,10,36
H388,2025-12,Competitor_B,10,29
H389,2025-12,Apexacare,27,103
H389,2025-12,Competitor_A,16,63
H389,2025-12,Competitor_B,15,54
H390,2025-12,Apexacare,11,53
H390,2025-12,Competitor_A,5,23
H390,2025-12,Competitor_B,6,24
H391,2025-12,Apexacare,8,40
H391,2025-12,Competitor_A,13,65
H391,2025-12,Competitor_B,15,65
H392,2025-12,Apexacare,2,10
H392,2025-12,Competitor_A,3,16
H392,2025-12,Competitor_B,3,16
H393,2025-12,Apexacare,5,19
H393,2025-12,Competitor_A,10,38
H393,2025-12,Competitor_B,12,39
H394,2025-12,Apexacare,7,32
H394,2025-12,Competitor_A,6,26
H394,2025-12,Competitor_B,8,27
H395,2025-12,Apexacare,17,62
H395,2025-12,Competitor_A,12,45
H395,2025-12,Competitor_B,12,43
H396,2025-12,Apexacare,8,33
H396,2025-12,Competitor_A,11,44
H396,2025-12,Competitor_B,11,43
H397,2025-12,Apexacare,5,28
H397,2025-12,Competitor_A,4,21
H397,2025-12,Competitor_B,5,19
H398,2025-12,Apexacare,12,56
H398,2025-12,Competitor_A,14,66
H398,2025-12,Competitor_B,16,68
H399,2025-12,Apexacare,8,40
H399,2025-12,Competitor_A,4,21
H399,2025-12,Competitor_B,4,19
H400,2025-12,Apexacare,16,62
H400,2025-12,Competitor_A,14,57
H400,2025-12,Competitor_B,13,49
H401,2025-12,Apexacare,19,68
H401,2025-12,Competitor_A,9,32
H401,2025-12,Competitor_B,9,28
H402,2025-12,Apexacare,8,35
H402,2025-12,Competitor_A,8,35
H402,2025-12,Competitor_B,10,35
H403,2025-12,Apexacare,6,28
H403,2025-12,Competitor_A,6,26
H403,2025-12,Competitor_B,7,26
H404,2025-12,Apexacare,12,59
H404,2025-12,Competitor_A,13,62
H404,2025-12,Competitor_B,12,47
H405,2025-12,Apexacare,7,31
H405,2025-12,Competitor_A,6,28
H405,2025-12,Competitor_B,6,21
H406,2025-12,Apexacare,14,61
H406,2025-12,Competitor_A,14,58
H406,2025-12,Competitor_B,13,51
H407,2025-12,Apexacare,12,47
H407,2025-12,Competitor_A,14,52
H407,2025-12,Competitor_B,11,37
H408,2025-12,Apexacare,23,82
H408,2025-12,Competitor_A,10,35
H408,2025-12,Competitor_B,8,27
H409,2025-12,Apexacare,11,38
H409,2025-12,Competitor_A,8,28
H409,2025-12,Competitor_B,7,24
H410,2025-12,Apexacare,8,31
H410,2025-12,Competitor_A,13,49
H410,2025-12,Competitor_B,13,46
H411,2025-12,Apexacare,5,19
H411,2025-12,Competitor_A,2,9
H411,2025-12,Competitor_B,4,10
H412,2025-12,Apexacare,10,40
H412,2025-12,Competitor_A,10,39
H412,2025-12,Competitor_B,8,29
H413,2025-12,Apexacare,8,43
H413,2025-12,Competitor_A,7,37
H413,2025-12,Competitor_B,7,34
H414,2025-12,Apexacare,12,44
H414,2025-12,Competitor_A,11,40
H414,2025-12,Competitor_B,12,42
H415,2025-12,Apexacare,9,46
H415,2025-12,Competitor_A,4,23
H415,2025-12,Competitor_B,6,21
H416,2025-12,Apexacare,1,5
H416,2025-12,Competitor_A,1,5
H416,2025-12,Competitor_B,2,5
H417,2025-12,Apexacare,8,37
H417,2025-12,Competitor_A,12,58
H417,2025-12,Competitor_B,10,40
H418,2025-12,Apexacare,9,47
H418,2025-12,Competitor_A,8,43
H418,2025-12,Competitor_B,10,42
H419,2025-12,Apexacare,3,11
H419,2025-12,Competitor_A,3,12
H419,2025-12,Competitor_B,3,11
H420,2025-12,Apexacare,8,32
H420,2025-12,Competitor_A,9,34
H420,2025-12,Competitor_B,10,34
H421,2025-12,Apexacare,10,39
H421,2025-12,Competitor_A,13,50
H421,2025-12,Competitor_B,10,37
H422,2025-12,Apexacare,3,12
H422,2025-12,Competitor_A,3,13
H422,2025-12,Competitor_B,4,11
H423,2025-12,Apexacare,16,63
H423,2025-12,Competitor_A,10,39
H423,2025-12,Competitor_B,10,38
H424,2025-12,Apexacare,10,49
H424,2025-12,Competitor_A,6,28
H424,2025-12,Competitor_B,7,28
H425,2025-12,Apexacare,9,36
H425,2025-12,Competitor_A,11,42
H425,2025-12,Competitor_B,12,41
H426,2025-12,Apexacare,14,50
H426,2025-12,Competitor_A,11,37
H426,2025-12,Competitor_B,10,32
H427,2025-12,Apexacare,7,37
H427,2025-12,Competitor_A,6,29
H427,2025-12,Competitor_B,6,24
H428,2025-12,Apexacare,18,69
H428,2025-12,Competitor_A,16,62
H428,2025-12,Competitor_B,13,45
H429,2025-12,Apexacare,17,80
H429,2025-12,Competitor_A,8,39
H429,2025-12,Competitor_B,9,35
H430,2025-12,Apexacare,12,45
H430,2025-12,Competitor_A,11,44
H430,2025-12,Competitor_B,11,37
H431,2025-12,Apexacare,9,36
H431,2025-12,Competitor_A,7,29
H431,2025-12,Competitor_B,7,25
H432,2025-12,Apexacare,7,38
H432,2025-12,Competitor_A,7,37
H432,2025-12,Competitor_B,7,30
H433,2025-12,Apexacare,9,40
H433,2025-12,Competitor_A,7,33
H433,2025-12,Competitor_B,7,27
H434,2025-12,Apexacare,6,27
H434,2025-12,Competitor_A,6,26
H434,2025-12,Competitor_B,6,22
H435,2025-12,Apexacare,8,34
H435,2025-12,Competitor_A,4,19
H435,2025-12,Competitor_B,6,19
H436,2025-12,Apexacare,9,36
H436,2025-12,Competitor_A,13,49
H436,2025-12,Competitor_B,14,48
H437,2025-12,Apexacare,26,88
H437,2025-12,Competitor_A,12,40
H437,2025-12,Competitor_B,12,40
H438,2025-12,Apexacare,3,19
H438,2025-12,Competitor_A,1,8
H438,2025-12,Competitor_B,3,7
H439,2025-12,Apexacare,7,33
H439,2025-12,Competitor_A,11,55
H439,2025-12,Competitor_B,9,40
H440,2025-12,Apexacare,8,29
H440,2025-12,Competitor_A,12,45
H440,2025-12,Competitor_B,13,45
H441,2025-12,Apexacare,8,41
H441,2025-12,Competitor_A,7,36
H441,2025-12,Competitor_B,8,33
H442,2025-12,Apexacare,8,36
H442,2025-12,Competitor_A,5,25
H442,2025-12,Competitor_B,6,24
H443,2025-12,Apexacare,14,65
H443,2025-12,Competitor_A,12,54
H443,2025-12,Competitor_B,12,49
H444,2025-12,Apexacare,10,40
H444,2025-12,Competitor_A,14,57
H444,2025-12,Competitor_B,14,55
H445,2025-12,Apexacare,5,25
H445,2025-12,Competitor_A,10,49
H445,2025-12,Competitor_B,9,38
H446,2025-12,Apexacare,8,38
H446,2025-12,Competitor_A,10,47
H446,2025-12,Competitor_B,8,34
H447,2025-12,Apexacare,16,71
H447,2025-12,Competitor_A,9,41
H447,2025-12,Competitor_B,8,35
H448,2025-12,Apexacare,3,11
H448,2025-12,Competitor_A,3,14
H448,2025-12,Competitor_B,4,11
H449,2025-12,Apexacare,4,17
H449,2025-12,Competitor_A,10,43
H449,2025-12,Competitor_B,9,35
H450,2025-12,Apexacare,11,43
H450,2025-12,Competitor_A,10,39
H450,2025-12,Competitor_B,12,37
H451,2025-12,Apexacare,7,37
H451,2025-12,Competitor_A,8,41
H451,2025-12,Competitor_B,10,42
H452,2025-12,Apexacare,6,32
H452,2025-12,Competitor_A,9,46
H452,2025-12,Competitor_B,10,42
H453,2025-12,Apexacare,7,32
H453,2025-12,Competitor_A,10,46
H453,2025-12,Competitor_B,10,42
H454,2025-12,Apexacare,8,34
H454,2025-12,Competitor_A,12,47
H454,2025-12,Competitor_B,13,45
H455,2025-12,Apexacare,1,6
H455,2025-12,Competitor_A,2,7
H455,2025-12,Competitor_B,3,8
H456,2025-12,Apexacare,15,58
H456,2025-12,Competitor_A,11,42
H456,2025-12,Competitor_B,9,36
H457,2025-12,Apexacare,5,24
H457,2025-12,Competitor_A,7,33
H457,2025-12,Competitor_B,7,23
H458,2025-12,Apexacare,4,20
H458,2025-12,Competitor_A,4,18
H458,2025-12,Competitor_B,4,16
H459,2025-12,Apexacare,2,11
H459,2025-12,Competitor_A,1,9
H459,2025-12,Competitor_B,3,10
H460,2025-12,Apexacare,14,68
H460,2025-12,Competitor_A,12,57
H460,2025-12,Competitor_B,13,55
H461,2025-12,Apexacare,11,56
H461,2025-12,Competitor_A,7,36
H461,2025-12,Competitor_B,7,28
H462,2025-12,Apexacare,7,36
H462,2025-12,Competitor_A,8,41
H462,2025-12,Competitor_B,8,31
H463,2025-12,Apexacare,10,39
H463,2025-12,Competitor_A,8,30
H463,2025-12,Competitor_B,8,31
H464,2025-12,Apexacare,10,45
H464,2025-12,Competitor_A,12,57
H464,2025-12,Competitor_B,10,42
H465,2025-12,Apexacare,7,26
H465,2025-12,Competitor_A,21,77
H465,2025-12,Competitor_B,17,59
H466,2025-12,Apexacare,20,91
H466,2025-12,Competitor_A,8,39
H466,2025-12,Competitor_B,8,30
H467,2025-12,Apexacare,3,16
H467,2025-12,Competitor_A,1,7
H467,2025-12,Competitor_B,2,7
H468,2025-12,Apexacare,11,43
H468,2025-12,Competitor_A,9,34
H468,2025-12,Competitor_B,9,31
H469,2025-12,Apexacare,8,36
H469,2025-12,Competitor_A,7,34
H469,2025-12,Competitor_B,8,30
H470,2025-12,Apexacare,2,9
H470,2025-12,Competitor_A,3,12
H470,2025-12,Competitor_B,3,13
H471,2025-12,Apexacare,7,27
H471,2025-12,Competitor_A,5,20
H471,2025-12,Competitor_B,7,21
H472,2025-12,Apexacare,10,36
H472,2025-12,Competitor_A,9,33
H472,2025-12,Competitor_B,11,33
H473,2025-12,Apexacare,0,4
H473,2025-12,Competitor_A,1,8
H473,2025-12,Competitor_B,3,8
H474,2025-12,Apexacare,14,53
H474,2025-12,Competitor_A,10,38
H474,2025-12,Competitor_B,9,28
H475,2025-12,Apexacare,9,36
H475,2025-12,Competitor_A,7,26
H475,2025-12,Competitor_B,7,23
H476,2025-12,Apexacare,6,25
H476,2025-12,Competitor_A,2,11
H476,2025-12,Competitor_B,4,12
H477,2025-12,Apexacare,4,20
H477,2025-12,Competitor_A,8,34
H477,2025-12,Competitor_B,8,31
H478,2025-12,Apexacare,18,76
H478,2025-12,Competitor_A,9,37
H478,2025-12,Competitor_B,8,31
H479,2025-12,Apexacare,10,43
H479,2025-12,Competitor_A,5,24
H479,2025-12,Competitor_B,5,18
H480,2025-12,Apexacare,12,48
H480,2025-12,Competitor_A,10,42
H480,2025-12,Competitor_B,12,42
H481,2025-12,Apexacare,8,44
H481,2025-12,Competitor_A,8,43
H481,2025-12,Competitor_B,8,33
H482,2025-12,Apexacare,21,103
H482,2025-12,Competitor_A,10,50
H482,2025-12,Competitor_B,8,36
H483,2025-12,Apexacare,2,10
H483,2025-12,Competitor_A,1,4
H483,2025-12,Competitor_B,2,6
H484,2025-12,Apexacare,11,43
H484,2025-12,Competitor_A,14,56
H484,2025-12,Competitor_B,13,48
H485,2025-12,Apexacare,10,42
H485,2025-12,Competitor_A,11,45
H485,2025-12,Competitor_B,12,46
H486,2025-12,Apexacare,3,14
H486,2025-12,Competitor_A,3,15
H486,2025-12,Competitor_B,4,15
H487,2025-12,Apexacare,8,29
H487,2025-12,Competitor_A,7,25
H487,2025-12,Competitor_B,7,21
H488,2025-12,Apexacare,7,35
H488,2025-12,Competitor_A,11,57
H488,2025-12,Competitor_B,10,48
H489,2025-12,Apexacare,7,34
H489,2025-12,Competitor_A,17,83
H489,2025-12,Competitor_B,18,81
H490,2025-12,Apexacare,16,60
H490,2025-12,Competitor_A,9,34
H490,2025-12,Competitor_B,11,34
H491,2025-12,Apexacare,9,38
H491,2025-12,Competitor_A,8,33
H491,2025-12,Competitor_B,9,34
H492,2025-12,Apexacare,2,9
H492,2025-12,Competitor_A,14,51
H492,2025-12,Competitor_B,14,45
H493,2025-12,Apexacare,4,19
H493,2025-12,Competitor_A,9,39
H493,2025-12,Competitor_B,9,37
H494,2025-12,Apexacare,5,18
H494,2025-12,Competitor_A,6,23
H494,2025-12,Competitor_B,6,19
H495,2025-12,Apexacare,2,9
H495,2025-12,Competitor_A,4,16
H495,2025-12,Competitor_B,6,17
H496,2025-12,Apexacare,9,38
H496,2025-12,Competitor_A,18,73
H496,2025-12,Competitor_B,15,60
H497,2025-12,Apexacare,15,59
H497,2025-12,Competitor_A,23,89
H497,2025-12,Competitor_B,18,62
H498,2025-12,Apexacare,4,17
H498,2025-12,Competitor_A,4,18
H498,2025-12,Competitor_B,5,19
H499,2025-12,Apexacare,7,33
H499,2025-12,Competitor_A,5,22
H499,2025-12,Competitor_B,6,21
H500,2025-12,Apexacare,4,17
H500,2025-12,Competitor_A,4,18
H500,2025-12,Competitor_B,5,16
H501,2025-12,Apexacare,3,13
H501,2025-12,Competitor_A,3,15
H501,2025-12,Competitor_B,4,12
H502,2025-12,Apexacare,5,20
H502,2025-12,Competitor_A,14,55
H502,2025-12,Competitor_B,14,51
H503,2025-12,Apexacare,4,22
H503,2025-12,Competitor_A,8,38
H503,2025-12,Competitor_B,7,30
H504,2025-12,Apexacare,5,25
H504,2025-12,Competitor_A,12,58
H504,2025-12,Competitor_B,11,50
H505,2025-12,Apexacare,5,24
H505,2025-12,Competitor_A,12,50
H505,2025-12,Competitor_B,10,38
H506,2025-12,Apexacare,1,9
H506,2025-12,Competitor_A,10,49
H506,2025-12,Competitor_B,10,42
H507,2025-12,Apexacare,4,22
H507,2025-12,Competitor_A,6,28
H507,2025-12,Competitor_B,6,25
H508,2025-12,Apexacare,11,51
H508,2025-12,Competitor_A,9,41
H508,2025-12,Competitor_B,10,40
H509,2025-12,Apexacare,7,30
H509,2025-12,Competitor_A,14,60
H509,2025-12,Competitor_B,12,46
H510,2025-12,Apexacare,6,25
H510,2025-12,Competitor_A,11,47
H510,2025-12,Competitor_B,8,33
H511,2025-12,Apexacare,12,49
H511,2025-12,Competitor_A,8,35
H511,2025-12,Competitor_B,7,24
H512,2025-12,Apexacare,18,64
H512,2025-12,Competitor_A,11,41
H512,2025-12,Competitor_B,9,31
H513,2025-12,Apexacare,22,95
H513,2025-12,Competitor_A,12,54
H513,2025-12,Competitor_B,12,49
H514,2025-12,Apexacare,6,25
H514,2025-12,Competitor_A,16,57
H514,2025-12,Competitor_B,17,58
H515,2025-12,Apexacare,7,29
H515,2025-12,Competitor_A,7,31
H515,2025-12,Competitor_B,8,30
H516,2025-12,Apexacare,11,49
H516,2025-12,Competitor_A,15,64
H516,2025-12,Competitor_B,15,63
H517,2025-12,Apexacare,3,12
H517,2025-12,Competitor_A,17,62
H517,2025-12,Competitor_B,17,58
H518,2025-12,Apexacare,6,32
H518,2025-12,Competitor_A,12,57
H518,2025-12,Competitor_B,11,44
H519,2025-12,Apexacare,9,36
H519,2025-12,Competitor_A,12,48
H519,2025-12,Competitor_B,12,48
H520,2025-12,Apexacare,2,11
H520,2025-12,Competitor_A,3,12
H520,2025-12,Competitor_B,4,11
H521,2025-12,Apexacare,13,63
H521,2025-12,Competitor_A,8,39
H521,2025-12,Competitor_B,8,33
H522,2025-12,Apexacare,12,55
H522,2025-12,Competitor_A,12,53
H522,2025-12,Competitor_B,11,46
H523,2025-12,Apexacare,2,9
H523,2025-12,Competitor_A,6,23
H523,2025-12,Competitor_B,5,19
H524,2025-12,Apexacare,9,41
H524,2025-12,Competitor_A,11,46
H524,2025-12,Competitor_B,9,33
H525,2025-12,Apexacare,8,41
H525,2025-12,Competitor_A,11,56
H525,2025-12,Competitor_B,11,50
H526,2025-12,Apexacare,11,49
H526,2025-12,Competitor_A,12,56
H526,2025-12,Competitor_B,14,57
H527,2025-12,Apexacare,13,65
H527,2025-12,Competitor_A,13,64
H527,2025-12,Competitor_B,11,47
H528,2025-12,Apexacare,3,10
H528,2025-12,Competitor_A,5,20
H528,2025-12,Competitor_B,5,14
H529,2025-12,Apexacare,6,28
H529,2025-12,Competitor_A,9,37
H529,2025-12,Competitor_B,9,35
H530,2025-12,Apexacare,4,19
H530,2025-12,Competitor_A,11,49
H530,2025-12,Competitor_B,8,34
H531,2025-12,Apexacare,3,17
H531,2025-12,Competitor_A,7,31
H531,2025-12,Competitor_B,6,24
H532,2025-12,Apexacare,6,31
H532,2025-12,Competitor_A,17,82
H532,2025-12,Competitor_B,16,67
H533,2025-12,Apexacare,1,7
H533,2025-12,Competitor_A,5,25
H533,2025-12,Competitor_B,6,22
H534,2025-12,Apexacare,14,55
H534,2025-12,Competitor_A,7,29
H534,2025-12,Competitor_B,8,28
H535,2025-12,Apexacare,3,12
H535,2025-12,Competitor_A,10,36
H535,2025-12,Competitor_B,8,27
H536,2025-12,Apexacare,5,21
H536,2025-12,Competitor_A,12,46
H536,2025-12,Competitor_B,11,38
H537,2025-12,Apexacare,15,68
H537,2025-12,Competitor_A,8,38
H537,2025-12,Competitor_B,8,34
H538,2025-12,Apexacare,10,37
H538,2025-12,Competitor_A,10,38
H538,2025-12,Competitor_B,8,27
H539,2025-12,Apexacare,6,21
H539,2025-12,Competitor_A,10,37
H539,2025-12,Competitor_B,11,37
H540,2025-12,Apexacare,13,52
H540,2025-12,Competitor_A,12,47
H540,2025-12,Competitor_B,11,41
H541,2025-12,Apexacare,12,42
H541,2025-12,Competitor_A,11,40
H541,2025-12,Competitor_B,11,37
H542,2025-12,Apexacare,0,2
H542,2025-12,Competitor_A,1,6
H542,2025-12,Competitor_B,3,8
H543,2025-12,Apexacare,16,58
H543,2025-12,Competitor_A,21,74
H543,2025-12,Competitor_B,17,58
H544,2025-12,Apexacare,11,45
H544,2025-12,Competitor_A,16,66
H544,2025-12,Competitor_B,16,65
H545,2025-12,Apexacare,10,45
H545,2025-12,Competitor_A,14,61
H545,2025-12,Competitor_B,12,44
H546,2025-12,Apexacare,8,40
H546,2025-12,Competitor_A,5,25
H546,2025-12,Competitor_B,5,23
H547,2025-12,Apexacare,7,37
H547,2025-12,Competitor_A,8,43
H547,2025-12,Competitor_B,8,34
H548,2025-12,Apexacare,11,46
H548,2025-12,Competitor_A,13,53
H548,2025-12,Competitor_B,13,45
H549,2025-12,Apexacare,2,11
H549,2025-12,Competitor_A,19,80
H549,2025-12,Competitor_B,15,56
H550,2025-12,Apexacare,8,33
H550,2025-12,Competitor_A,13,50
H550,2025-12,Competitor_B,10,36
H551,2025-12,Apexacare,3,18
H551,2025-12,Competitor_A,4,22
H551,2025-12,Competitor_B,6,23
H552,2025-12,Apexacare,16,64
H552,2025-12,Competitor_A,13,50
H552,2025-12,Competitor_B,11,40
H553,2025-12,Apexacare,9,45
H553,2025-12,Competitor_A,12,56
H553,2025-12,Competitor_B,12,52
H554,2025-12,Apexacare,0,4
H554,2025-12,Competitor_A,2,9
H554,2025-12,Competitor_B,3,8
H555,2025-12,Apexacare,11,42
H555,2025-12,Competitor_A,14,54
H555,2025-12,Competitor_B,12,44
H556,2025-12,Apexacare,7,32
H556,2025-12,Competitor_A,11,53
H556,2025-12,Competitor_B,9,41
H557,2025-12,Apexacare,4,15
H557,2025-12,Competitor_A,23,80
H557,2025-12,Competitor_B,20,65
H558,2025-12,Apexacare,4,24
H558,2025-12,Competitor_A,8,42
H558,2025-12,Competitor_B,7,29
H559,2025-12,Apexacare,3,16
H559,2025-12,Competitor_A,10,46
H559,2025-12,Competitor_B,9,34
H560,2025-12,Apexacare,1,5
H560,2025-12,Competitor_A,8,37
H560,2025-12,Competitor_B,8,33
H561,2025-12,Apexacare,9,46
H561,2025-12,Competitor_A,19,95
H561,2025-12,Competitor_B,14,69
H562,2025-12,Apexacare,6,24
H562,2025-12,Competitor_A,6,21
H562,2025-12,Competitor_B,7,23
H563,2025-12,Apexacare,7,28
H563,2025-12,Competitor_A,15,55
H563,2025-12,Competitor_B,12,43
H564,2025-12,Apexacare,10,48
H564,2025-12,Competitor_A,14,65
H564,2025-12,Competitor_B,14,55
H565,2025-12,Apexacare,2,8
H565,2025-12,Competitor_A,5,24
H565,2025-12,Competitor_B,6,22
H566,2025-12,Apexacare,9,33
H566,2025-12,Competitor_A,16,55
H566,2025-12,Competitor_B,14,45
H567,2025-12,Apexacare,4,24
H567,2025-12,Competitor_A,7,35
H567,2025-12,Competitor_B,8,37
H568,2025-12,Apexacare,18,83
H568,2025-12,Competitor_A,10,49
H568,2025-12,Competitor_B,10,44
H569,2025-12,Apexacare,5,24
H569,2025-12,Competitor_A,7,37
H569,2025-12,Competitor_B,6,27
H570,2025-12,Apexacare,4,15
H570,2025-12,Competitor_A,8,31
H570,2025-12,Competitor_B,6,22
H571,2025-12,Apexacare,3,12
H571,2025-12,Competitor_A,7,28
H571,2025-12,Competitor_B,8,26
H572,2025-12,Apexacare,13,64
H572,2025-12,Competitor_A,9,46
H572,2025-12,Competitor_B,9,43
H573,2025-12,Apexacare,7,26
H573,2025-12,Competitor_A,22,77
H573,2025-12,Competitor_B,23,77
H574,2025-12,Apexacare,3,16
H574,2025-12,Competitor_A,9,38
H574,2025-12,Competitor_B,9,36
H575,2025-12,Apexacare,7,35
H575,2025-12,Competitor_A,6,33
H575,2025-12,Competitor_B,7,32
H576,2025-12,Apexacare,2,15
H576,2025-12,Competitor_A,2,14
H576,2025-12,Competitor_B,4,13
H577,2025-12,Apexacare,7,28
H577,2025-12,Competitor_A,7,26
H577,2025-12,Competitor_B,7,21
H578,2025-12,Apexacare,8,40
H578,2025-12,Competitor_A,7,35
H578,2025-12,Competitor_B,6,30
H579,2025-12,Apexacare,2,13
H579,2025-12,Competitor_A,6,30
H579,2025-12,Competitor_B,5,23
H580,2025-12,Apexacare,11,56
H580,2025-12,Competitor_A,15,72
H580,2025-12,Competitor_B,13,61
H581,2025-12,Apexacare,14,59
H581,2025-12,Competitor_A,13,55
H581,2025-12,Competitor_B,9,38
H582,2025-12,Apexacare,6,27
H582,2025-12,Competitor_A,8,39
H582,2025-12,Competitor_B,9,36
H583,2025-12,Apexacare,6,28
H583,2025-12,Competitor_A,22,99
H583,2025-12,Competitor_B,16,71
H584,2025-12,Apexacare,4,15
H584,2025-12,Competitor_A,7,27
H584,2025-12,Competitor_B,7,22
H585,2025-12,Apexacare,16,69
H585,2025-12,Competitor_A,14,60
H585,2025-12,Competitor_B,16,60
H586,2025-12,Apexacare,11,42
H586,2025-12,Competitor_A,12,48
H586,2025-12,Competitor_B,12,42
H587,2025-12,Apexacare,3,14
H587,2025-12,Competitor_A,7,33
H587,2025-12,Competitor_B,8,33
H588,2025-12,Apexacare,6,34
H588,2025-12,Competitor_A,7,36
H588,2025-12,Competitor_B,6,25
H589,2025-12,Apexacare,8,30
H589,2025-12,Competitor_A,12,46
H589,2025-12,Competitor_B,13,44
H590,2025-12,Apexacare,22,83
H590,2025-12,Competitor_A,12,47
H590,2025-12,Competitor_B,12,41
H591,2025-12,Apexacare,0,3
H591,2025-12,Competitor_A,2,8
H591,2025-12,Competitor_B,3,9
H592,2025-12,Apexacare,2,11
H592,2025-12,Competitor_A,6,33
H592,2025-12,Competitor_B,6,24
H593,2025-12,Apexacare,10,44
H593,2025-12,Competitor_A,8,35
H593,2025-12,Competitor_B,10,35
H594,2025-12,Apexacare,5,22
H594,2025-12,Competitor_A,7,29
H594,2025-12,Competitor_B,7,21
H595,2025-12,Apexacare,12,43
H595,2025-12,Competitor_A,11,39
H595,2025-12,Competitor_B,12,37
H596,2025-12,Apexacare,17,70
H596,2025-12,Competitor_A,13,56
H596,2025-12,Competitor_B,12,44
H597,2025-12,Apexacare,13,47
H597,2025-12,Competitor_A,9,33
H597,2025-12,Competitor_B,9,28
H598,2025-12,Apexacare,10,44
H598,2025-12,Competitor_A,15,64
H598,2025-12,Competitor_B,14,52
H599,2025-12,Apexacare,4,15
H599,2025-12,Competitor_A,8,31
H599,2025-12,Competitor_B,9,29
H600,2025-12,Apexacare,10,43
H600,2025-12,Competitor_A,9,39
H600,2025-12,Competitor_B,9,37
H601,2025-12,Apexacare,5,21
H601,2025-12,Competitor_A,5,23
H601,2025-12,Competitor_B,5,19
H602,2025-12,Apexacare,1,6
H602,2025-12,Competitor_A,2,9
H602,2025-12,Competitor_B,2,7
H603,2025-12,Apexacare,17,63
H603,2025-12,Competitor_A,16,58
H603,2025-12,Competitor_B,15,49
H604,2025-12,Apexacare,4,18
H604,2025-12,Competitor_A,3,14
H604,2025-12,Competitor_B,4,12
H605,2025-12,Apexacare,10,48
H605,2025-12,Competitor_A,8,39
H605,2025-12,Competitor_B,9,33
